2026-05-27 01:03:03 | INFO     | app.core.logger | Система логирования инициализирована. Debug режим: False
2026-05-27 01:03:03 | INFO     | mayss | Starting MAYSS Marketplace API
2026-05-27 01:03:17 | INFO     | mayss | Created new bonus wallet for user 1
2026-05-27 01:03:17 | INFO     | mayss | Created new bonus wallet for user 1
2026-05-27 01:03:17 | INFO     | mayss | Created new bonus wallet for user 1
2026-05-27 01:03:17 | INFO     | mayss | Created new bonus wallet for user 1
2026-05-27 01:03:17 | INFO     | mayss | Earned 30.00 bonuses for user 1, order 42
2026-05-27 01:03:17 | INFO     | mayss | Created new bonus wallet for user 1
2026-05-27 01:03:17 | INFO     | mayss | Earned 50.00 bonuses for user 1, order 42
2026-05-27 01:03:17 | INFO     | mayss | Created new bonus wallet for user 1
2026-05-27 01:03:17 | INFO     | mayss | Earned 30.00 bonuses for user 1, order 42
2026-05-27 01:03:17 | INFO     | mayss | Created new bonus wallet for user 1
2026-05-27 01:03:17 | INFO     | mayss | Created new bonus wallet for user 1
2026-05-27 01:03:17 | INFO     | mayss | Spent 50.00 bonuses for user 1, order 42
2026-05-27 01:03:17 | INFO     | mayss | Created new bonus wallet for user 1
2026-05-27 01:03:17 | INFO     | mayss | Spent 500.00 bonuses for user 1, order 42
2026-05-27 01:03:17 | INFO     | mayss | Created new bonus wallet for user 1
2026-05-27 01:03:17 | WARNING  | mayss | User 1 insufficient bonuses: has 10.00, needs 50.00
2026-05-27 01:03:17 | INFO     | mayss | Created new bonus wallet for user 1
2026-05-27 01:03:17 | INFO     | mayss | Spent 50.00 bonuses for user 1, order 42
2026-05-27 01:03:17 | INFO     | mayss | Created new bonus wallet for user 1
2026-05-27 01:03:17 | INFO     | mayss | Adjusted 100.00 bonuses for user 1: Initial bonus
2026-05-27 01:03:17 | INFO     | mayss | Created new bonus wallet for user 1
2026-05-27 01:03:17 | INFO     | mayss | Adjusted -50.00 bonuses for user 1: Penalty
2026-05-27 01:03:17 | INFO     | mayss | Created new bonus wallet for user 1
2026-05-27 01:03:17 | WARNING  | mayss | User 1 bonus balance adjusted below 0, clamped to 0
2026-05-27 01:03:17 | INFO     | mayss | Adjusted -100.00 bonuses for user 1: Overpayment correction
2026-05-27 01:03:17 | INFO     | mayss | Created new bonus wallet for user 1
2026-05-27 01:03:17 | INFO     | mayss | Earned 30.00 bonuses for user 1, order 1
2026-05-27 01:03:17 | INFO     | mayss | Earned 15.00 bonuses for user 1, order 2
2026-05-27 01:03:17 | INFO     | mayss | Created new bonus wallet for user 1
2026-05-27 01:03:17 | INFO     | mayss | Earned 30.00 bonuses for user 1, order 1
2026-05-27 01:03:17 | INFO     | mayss | Spent 50 bonuses for user 1, order 2
2026-05-27 01:03:17 | INFO     | mayss | Created new bonus wallet for user 1
2026-05-27 01:03:17 | INFO     | mayss | Earned 3.00 bonuses for user 1, order 0
2026-05-27 01:03:17 | INFO     | mayss | Earned 3.00 bonuses for user 1, order 1
2026-05-27 01:03:17 | INFO     | mayss | Earned 3.00 bonuses for user 1, order 2
2026-05-27 01:03:17 | INFO     | mayss | Earned 3.00 bonuses for user 1, order 3
2026-05-27 01:03:17 | INFO     | mayss | Earned 3.00 bonuses for user 1, order 4
2026-05-27 01:03:17 | INFO     | mayss | Earned 3.00 bonuses for user 1, order 5
2026-05-27 01:03:17 | INFO     | mayss | Earned 3.00 bonuses for user 1, order 6
2026-05-27 01:03:17 | INFO     | mayss | Earned 3.00 bonuses for user 1, order 7
2026-05-27 01:03:17 | INFO     | mayss | Earned 3.00 bonuses for user 1, order 8
2026-05-27 01:03:17 | INFO     | mayss | Earned 3.00 bonuses for user 1, order 9
2026-05-27 01:03:17 | INFO     | mayss | Earned 3.00 bonuses for user 1, order 10
2026-05-27 01:03:17 | INFO     | mayss | Earned 3.00 bonuses for user 1, order 11
2026-05-27 01:03:17 | INFO     | mayss | Earned 3.00 bonuses for user 1, order 12
2026-05-27 01:03:17 | INFO     | mayss | Earned 3.00 bonuses for user 1, order 13
2026-05-27 01:03:17 | INFO     | mayss | Earned 3.00 bonuses for user 1, order 14
2026-05-27 01:03:17 | INFO     | mayss | Earned 3.00 bonuses for user 1, order 15
2026-05-27 01:03:17 | INFO     | mayss | Earned 3.00 bonuses for user 1, order 16
2026-05-27 01:03:17 | INFO     | mayss | Earned 3.00 bonuses for user 1, order 17
2026-05-27 01:03:17 | INFO     | mayss | Earned 3.00 bonuses for user 1, order 18
2026-05-27 01:03:17 | INFO     | mayss | Earned 3.00 bonuses for user 1, order 19
2026-05-27 01:03:17 | INFO     | mayss | Earned 3.00 bonuses for user 1, order 20
2026-05-27 01:03:17 | INFO     | mayss | Earned 3.00 bonuses for user 1, order 21
2026-05-27 01:03:17 | INFO     | mayss | Earned 3.00 bonuses for user 1, order 22
2026-05-27 01:03:17 | INFO     | mayss | Earned 3.00 bonuses for user 1, order 23
2026-05-27 01:03:17 | INFO     | mayss | Earned 3.00 bonuses for user 1, order 24
2026-05-27 01:03:17 | INFO     | mayss | Earned 3.00 bonuses for user 1, order 25
2026-05-27 01:03:17 | INFO     | mayss | Earned 3.00 bonuses for user 1, order 26
2026-05-27 01:03:17 | INFO     | mayss | Earned 3.00 bonuses for user 1, order 27
2026-05-27 01:03:17 | INFO     | mayss | Earned 3.00 bonuses for user 1, order 28
2026-05-27 01:03:17 | INFO     | mayss | Earned 3.00 bonuses for user 1, order 29
2026-05-27 01:03:17 | INFO     | mayss | Earned 3.00 bonuses for user 1, order 30
2026-05-27 01:03:17 | INFO     | mayss | Earned 3.00 bonuses for user 1, order 31
2026-05-27 01:03:17 | INFO     | mayss | Earned 3.00 bonuses for user 1, order 32
2026-05-27 01:03:17 | INFO     | mayss | Earned 3.00 bonuses for user 1, order 33
2026-05-27 01:03:17 | INFO     | mayss | Earned 3.00 bonuses for user 1, order 34
2026-05-27 01:03:17 | INFO     | mayss | Earned 3.00 bonuses for user 1, order 35
2026-05-27 01:03:17 | INFO     | mayss | Earned 3.00 bonuses for user 1, order 36
2026-05-27 01:03:17 | INFO     | mayss | Earned 3.00 bonuses for user 1, order 37
2026-05-27 01:03:17 | INFO     | mayss | Earned 3.00 bonuses for user 1, order 38
2026-05-27 01:03:17 | INFO     | mayss | Earned 3.00 bonuses for user 1, order 39
2026-05-27 01:03:17 | INFO     | mayss | Earned 3.00 bonuses for user 1, order 40
2026-05-27 01:03:17 | INFO     | mayss | Earned 3.00 bonuses for user 1, order 41
2026-05-27 01:03:17 | INFO     | mayss | Earned 3.00 bonuses for user 1, order 42
2026-05-27 01:03:17 | INFO     | mayss | Earned 3.00 bonuses for user 1, order 43
2026-05-27 01:03:17 | INFO     | mayss | Earned 3.00 bonuses for user 1, order 44
2026-05-27 01:03:17 | INFO     | mayss | Earned 3.00 bonuses for user 1, order 45
2026-05-27 01:03:17 | INFO     | mayss | Earned 3.00 bonuses for user 1, order 46
2026-05-27 01:03:17 | INFO     | mayss | Earned 3.00 bonuses for user 1, order 47
2026-05-27 01:03:17 | INFO     | mayss | Earned 3.00 bonuses for user 1, order 48
2026-05-27 01:03:17 | INFO     | mayss | Earned 3.00 bonuses for user 1, order 49
2026-05-27 01:03:17 | INFO     | mayss | Earned 3.00 bonuses for user 1, order 50
2026-05-27 01:03:17 | INFO     | mayss | Earned 3.00 bonuses for user 1, order 51
2026-05-27 01:03:17 | INFO     | mayss | Earned 3.00 bonuses for user 1, order 52
2026-05-27 01:03:17 | INFO     | mayss | Earned 3.00 bonuses for user 1, order 53
2026-05-27 01:03:17 | INFO     | mayss | Earned 3.00 bonuses for user 1, order 54
2026-05-27 01:03:17 | INFO     | mayss | Earned 3.00 bonuses for user 1, order 55
2026-05-27 01:03:17 | INFO     | mayss | Earned 3.00 bonuses for user 1, order 56
2026-05-27 01:03:17 | INFO     | mayss | Earned 3.00 bonuses for user 1, order 57
2026-05-27 01:03:17 | INFO     | mayss | Earned 3.00 bonuses for user 1, order 58
2026-05-27 01:03:17 | INFO     | mayss | Earned 3.00 bonuses for user 1, order 59
2026-05-27 01:03:17 | INFO     | mayss | Earned 3.00 bonuses for user 1, order 60
2026-05-27 01:03:17 | INFO     | mayss | Earned 3.00 bonuses for user 1, order 61
2026-05-27 01:03:17 | INFO     | mayss | Earned 3.00 bonuses for user 1, order 62
2026-05-27 01:03:17 | INFO     | mayss | Earned 3.00 bonuses for user 1, order 63
2026-05-27 01:03:17 | INFO     | mayss | Earned 3.00 bonuses for user 1, order 64
2026-05-27 01:03:17 | INFO     | mayss | Earned 3.00 bonuses for user 1, order 65
2026-05-27 01:03:17 | INFO     | mayss | Earned 3.00 bonuses for user 1, order 66
2026-05-27 01:03:17 | INFO     | mayss | Earned 3.00 bonuses for user 1, order 67
2026-05-27 01:03:17 | INFO     | mayss | Earned 3.00 bonuses for user 1, order 68
2026-05-27 01:03:17 | INFO     | mayss | Earned 3.00 bonuses for user 1, order 69
2026-05-27 01:03:17 | INFO     | mayss | Earned 3.00 bonuses for user 1, order 70
2026-05-27 01:03:17 | INFO     | mayss | Earned 3.00 bonuses for user 1, order 71
2026-05-27 01:03:17 | INFO     | mayss | Earned 3.00 bonuses for user 1, order 72
2026-05-27 01:03:17 | INFO     | mayss | Earned 3.00 bonuses for user 1, order 73
2026-05-27 01:03:17 | INFO     | mayss | Earned 3.00 bonuses for user 1, order 74
2026-05-27 01:03:17 | INFO     | mayss | Earned 3.00 bonuses for user 1, order 75
2026-05-27 01:03:17 | INFO     | mayss | Earned 3.00 bonuses for user 1, order 76
2026-05-27 01:03:17 | INFO     | mayss | Earned 3.00 bonuses for user 1, order 77
2026-05-27 01:03:17 | INFO     | mayss | Earned 3.00 bonuses for user 1, order 78
2026-05-27 01:03:17 | INFO     | mayss | Earned 3.00 bonuses for user 1, order 79
2026-05-27 01:03:17 | INFO     | mayss | Earned 3.00 bonuses for user 1, order 80
2026-05-27 01:03:17 | INFO     | mayss | Earned 3.00 bonuses for user 1, order 81
2026-05-27 01:03:17 | INFO     | mayss | Earned 3.00 bonuses for user 1, order 82
2026-05-27 01:03:17 | INFO     | mayss | Earned 3.00 bonuses for user 1, order 83
2026-05-27 01:03:17 | INFO     | mayss | Earned 3.00 bonuses for user 1, order 84
2026-05-27 01:03:17 | INFO     | mayss | Earned 3.00 bonuses for user 1, order 85
2026-05-27 01:03:17 | INFO     | mayss | Earned 3.00 bonuses for user 1, order 86
2026-05-27 01:03:17 | INFO     | mayss | Earned 3.00 bonuses for user 1, order 87
2026-05-27 01:03:17 | INFO     | mayss | Earned 3.00 bonuses for user 1, order 88
2026-05-27 01:03:17 | INFO     | mayss | Earned 3.00 bonuses for user 1, order 89
2026-05-27 01:03:17 | INFO     | mayss | Earned 3.00 bonuses for user 1, order 90
2026-05-27 01:03:17 | INFO     | mayss | Earned 3.00 bonuses for user 1, order 91
2026-05-27 01:03:17 | INFO     | mayss | Earned 3.00 bonuses for user 1, order 92
2026-05-27 01:03:17 | INFO     | mayss | Earned 3.00 bonuses for user 1, order 93
2026-05-27 01:03:17 | INFO     | mayss | Earned 3.00 bonuses for user 1, order 94
2026-05-27 01:03:17 | INFO     | mayss | Earned 3.00 bonuses for user 1, order 95
2026-05-27 01:03:17 | INFO     | mayss | Earned 3.00 bonuses for user 1, order 96
2026-05-27 01:03:17 | INFO     | mayss | Earned 3.00 bonuses for user 1, order 97
2026-05-27 01:03:17 | INFO     | mayss | Earned 3.00 bonuses for user 1, order 98
2026-05-27 01:03:17 | INFO     | mayss | Earned 3.00 bonuses for user 1, order 99
2026-05-27 01:03:17 | INFO     | mayss | Created new bonus wallet for user 1
2026-05-27 01:03:17 | INFO     | mayss | Earned 30.00 bonuses for user 1, order 1
2026-05-27 01:03:17 | INFO     | mayss | Spent 10 bonuses for user 1, order 2
2026-05-27 01:03:17 | INFO     | mayss | RES | IP: testclient | GET /api/v1/bonuses/balance | Status: 401 | Time: 0.43ms
2026-05-27 01:03:17 | INFO     | httpx | HTTP Request: GET http://testserver/api/v1/bonuses/balance "HTTP/1.1 401 Unauthorized"
2026-05-27 01:03:25 | INFO     | app.core.logger | Система логирования инициализирована. Debug режим: False
2026-05-27 01:03:25 | INFO     | mayss | Starting MAYSS Marketplace API
2026-05-27 01:03:38 | INFO     | mayss | RES | IP: testclient | GET /api/v1/bonuses/balance | Status: 401 | Time: 0.38ms
2026-05-27 01:03:38 | INFO     | httpx | HTTP Request: GET http://testserver/api/v1/bonuses/balance "HTTP/1.1 401 Unauthorized"
2026-05-27 01:03:48 | INFO     | app.core.logger | Система логирования инициализирована. Debug режим: False
2026-05-27 01:03:48 | INFO     | mayss | Starting MAYSS Marketplace API
2026-05-27 01:04:01 | INFO     | mayss | RES | IP: testclient | GET /api/v1/bonuses/balance | Status: 401 | Time: 0.38ms
2026-05-27 01:04:01 | INFO     | httpx | HTTP Request: GET http://testserver/api/v1/bonuses/balance "HTTP/1.1 401 Unauthorized"
2026-05-27 01:04:34 | INFO     | app.core.logger | Система логирования инициализирована. Debug режим: False
2026-05-27 01:04:34 | INFO     | mayss | Starting MAYSS Marketplace API
2026-05-27 01:04:48 | INFO     | mayss | Created new bonus wallet for user 1
2026-05-27 01:04:48 | INFO     | mayss | Created new bonus wallet for user 1
2026-05-27 01:04:48 | INFO     | mayss | Created new bonus wallet for user 1
2026-05-27 01:04:48 | INFO     | mayss | Created new bonus wallet for user 1
2026-05-27 01:04:48 | INFO     | mayss | Earned 30.00 bonuses for user 1, order 42
2026-05-27 01:04:48 | INFO     | mayss | Created new bonus wallet for user 1
2026-05-27 01:04:48 | INFO     | mayss | Earned 50.00 bonuses for user 1, order 42
2026-05-27 01:04:48 | INFO     | mayss | Created new bonus wallet for user 1
2026-05-27 01:04:48 | INFO     | mayss | Earned 30.00 bonuses for user 1, order 42
2026-05-27 01:04:48 | INFO     | mayss | Created new bonus wallet for user 1
2026-05-27 01:04:48 | INFO     | mayss | Created new bonus wallet for user 1
2026-05-27 01:04:48 | INFO     | mayss | Spent 50.00 bonuses for user 1, order 42
2026-05-27 01:04:48 | INFO     | mayss | Created new bonus wallet for user 1
2026-05-27 01:04:48 | INFO     | mayss | Spent 500.00 bonuses for user 1, order 42
2026-05-27 01:04:48 | INFO     | mayss | Created new bonus wallet for user 1
2026-05-27 01:04:48 | WARNING  | mayss | User 1 insufficient bonuses: has 10.00, needs 50.00
2026-05-27 01:04:48 | INFO     | mayss | Created new bonus wallet for user 1
2026-05-27 01:04:48 | INFO     | mayss | Spent 50.00 bonuses for user 1, order 42
2026-05-27 01:04:48 | INFO     | mayss | Created new bonus wallet for user 1
2026-05-27 01:04:48 | INFO     | mayss | Adjusted 100.00 bonuses for user 1: Initial bonus
2026-05-27 01:04:48 | INFO     | mayss | Created new bonus wallet for user 1
2026-05-27 01:04:48 | INFO     | mayss | Adjusted -50.00 bonuses for user 1: Penalty
2026-05-27 01:04:48 | INFO     | mayss | Created new bonus wallet for user 1
2026-05-27 01:04:48 | WARNING  | mayss | User 1 bonus balance adjusted below 0, clamped to 0
2026-05-27 01:04:48 | INFO     | mayss | Adjusted -100.00 bonuses for user 1: Overpayment correction
2026-05-27 01:04:48 | INFO     | mayss | Created new bonus wallet for user 1
2026-05-27 01:04:48 | INFO     | mayss | Earned 30.00 bonuses for user 1, order 1
2026-05-27 01:04:48 | INFO     | mayss | Earned 15.00 bonuses for user 1, order 2
2026-05-27 01:04:48 | INFO     | mayss | Created new bonus wallet for user 1
2026-05-27 01:04:48 | INFO     | mayss | Earned 30.00 bonuses for user 1, order 1
2026-05-27 01:04:48 | INFO     | mayss | Spent 50 bonuses for user 1, order 2
2026-05-27 01:04:48 | INFO     | mayss | Created new bonus wallet for user 1
2026-05-27 01:04:48 | INFO     | mayss | Earned 3.00 bonuses for user 1, order 0
2026-05-27 01:04:48 | INFO     | mayss | Earned 3.00 bonuses for user 1, order 1
2026-05-27 01:04:48 | INFO     | mayss | Earned 3.00 bonuses for user 1, order 2
2026-05-27 01:04:48 | INFO     | mayss | Earned 3.00 bonuses for user 1, order 3
2026-05-27 01:04:48 | INFO     | mayss | Earned 3.00 bonuses for user 1, order 4
2026-05-27 01:04:48 | INFO     | mayss | Earned 3.00 bonuses for user 1, order 5
2026-05-27 01:04:48 | INFO     | mayss | Earned 3.00 bonuses for user 1, order 6
2026-05-27 01:04:48 | INFO     | mayss | Earned 3.00 bonuses for user 1, order 7
2026-05-27 01:04:48 | INFO     | mayss | Earned 3.00 bonuses for user 1, order 8
2026-05-27 01:04:48 | INFO     | mayss | Earned 3.00 bonuses for user 1, order 9
2026-05-27 01:04:48 | INFO     | mayss | Earned 3.00 bonuses for user 1, order 10
2026-05-27 01:04:48 | INFO     | mayss | Earned 3.00 bonuses for user 1, order 11
2026-05-27 01:04:48 | INFO     | mayss | Earned 3.00 bonuses for user 1, order 12
2026-05-27 01:04:48 | INFO     | mayss | Earned 3.00 bonuses for user 1, order 13
2026-05-27 01:04:48 | INFO     | mayss | Earned 3.00 bonuses for user 1, order 14
2026-05-27 01:04:48 | INFO     | mayss | Earned 3.00 bonuses for user 1, order 15
2026-05-27 01:04:48 | INFO     | mayss | Earned 3.00 bonuses for user 1, order 16
2026-05-27 01:04:48 | INFO     | mayss | Earned 3.00 bonuses for user 1, order 17
2026-05-27 01:04:48 | INFO     | mayss | Earned 3.00 bonuses for user 1, order 18
2026-05-27 01:04:48 | INFO     | mayss | Earned 3.00 bonuses for user 1, order 19
2026-05-27 01:04:48 | INFO     | mayss | Earned 3.00 bonuses for user 1, order 20
2026-05-27 01:04:48 | INFO     | mayss | Earned 3.00 bonuses for user 1, order 21
2026-05-27 01:04:48 | INFO     | mayss | Earned 3.00 bonuses for user 1, order 22
2026-05-27 01:04:48 | INFO     | mayss | Earned 3.00 bonuses for user 1, order 23
2026-05-27 01:04:48 | INFO     | mayss | Earned 3.00 bonuses for user 1, order 24
2026-05-27 01:04:48 | INFO     | mayss | Earned 3.00 bonuses for user 1, order 25
2026-05-27 01:04:48 | INFO     | mayss | Earned 3.00 bonuses for user 1, order 26
2026-05-27 01:04:48 | INFO     | mayss | Earned 3.00 bonuses for user 1, order 27
2026-05-27 01:04:48 | INFO     | mayss | Earned 3.00 bonuses for user 1, order 28
2026-05-27 01:04:48 | INFO     | mayss | Earned 3.00 bonuses for user 1, order 29
2026-05-27 01:04:48 | INFO     | mayss | Earned 3.00 bonuses for user 1, order 30
2026-05-27 01:04:48 | INFO     | mayss | Earned 3.00 bonuses for user 1, order 31
2026-05-27 01:04:48 | INFO     | mayss | Earned 3.00 bonuses for user 1, order 32
2026-05-27 01:04:48 | INFO     | mayss | Earned 3.00 bonuses for user 1, order 33
2026-05-27 01:04:48 | INFO     | mayss | Earned 3.00 bonuses for user 1, order 34
2026-05-27 01:04:48 | INFO     | mayss | Earned 3.00 bonuses for user 1, order 35
2026-05-27 01:04:48 | INFO     | mayss | Earned 3.00 bonuses for user 1, order 36
2026-05-27 01:04:48 | INFO     | mayss | Earned 3.00 bonuses for user 1, order 37
2026-05-27 01:04:48 | INFO     | mayss | Earned 3.00 bonuses for user 1, order 38
2026-05-27 01:04:48 | INFO     | mayss | Earned 3.00 bonuses for user 1, order 39
2026-05-27 01:04:48 | INFO     | mayss | Earned 3.00 bonuses for user 1, order 40
2026-05-27 01:04:48 | INFO     | mayss | Earned 3.00 bonuses for user 1, order 41
2026-05-27 01:04:48 | INFO     | mayss | Earned 3.00 bonuses for user 1, order 42
2026-05-27 01:04:48 | INFO     | mayss | Earned 3.00 bonuses for user 1, order 43
2026-05-27 01:04:48 | INFO     | mayss | Earned 3.00 bonuses for user 1, order 44
2026-05-27 01:04:48 | INFO     | mayss | Earned 3.00 bonuses for user 1, order 45
2026-05-27 01:04:48 | INFO     | mayss | Earned 3.00 bonuses for user 1, order 46
2026-05-27 01:04:48 | INFO     | mayss | Earned 3.00 bonuses for user 1, order 47
2026-05-27 01:04:48 | INFO     | mayss | Earned 3.00 bonuses for user 1, order 48
2026-05-27 01:04:48 | INFO     | mayss | Earned 3.00 bonuses for user 1, order 49
2026-05-27 01:04:48 | INFO     | mayss | Earned 3.00 bonuses for user 1, order 50
2026-05-27 01:04:48 | INFO     | mayss | Earned 3.00 bonuses for user 1, order 51
2026-05-27 01:04:48 | INFO     | mayss | Earned 3.00 bonuses for user 1, order 52
2026-05-27 01:04:48 | INFO     | mayss | Earned 3.00 bonuses for user 1, order 53
2026-05-27 01:04:48 | INFO     | mayss | Earned 3.00 bonuses for user 1, order 54
2026-05-27 01:04:48 | INFO     | mayss | Earned 3.00 bonuses for user 1, order 55
2026-05-27 01:04:48 | INFO     | mayss | Earned 3.00 bonuses for user 1, order 56
2026-05-27 01:04:48 | INFO     | mayss | Earned 3.00 bonuses for user 1, order 57
2026-05-27 01:04:48 | INFO     | mayss | Earned 3.00 bonuses for user 1, order 58
2026-05-27 01:04:48 | INFO     | mayss | Earned 3.00 bonuses for user 1, order 59
2026-05-27 01:04:48 | INFO     | mayss | Earned 3.00 bonuses for user 1, order 60
2026-05-27 01:04:48 | INFO     | mayss | Earned 3.00 bonuses for user 1, order 61
2026-05-27 01:04:48 | INFO     | mayss | Earned 3.00 bonuses for user 1, order 62
2026-05-27 01:04:48 | INFO     | mayss | Earned 3.00 bonuses for user 1, order 63
2026-05-27 01:04:48 | INFO     | mayss | Earned 3.00 bonuses for user 1, order 64
2026-05-27 01:04:48 | INFO     | mayss | Earned 3.00 bonuses for user 1, order 65
2026-05-27 01:04:48 | INFO     | mayss | Earned 3.00 bonuses for user 1, order 66
2026-05-27 01:04:48 | INFO     | mayss | Earned 3.00 bonuses for user 1, order 67
2026-05-27 01:04:48 | INFO     | mayss | Earned 3.00 bonuses for user 1, order 68
2026-05-27 01:04:48 | INFO     | mayss | Earned 3.00 bonuses for user 1, order 69
2026-05-27 01:04:48 | INFO     | mayss | Earned 3.00 bonuses for user 1, order 70
2026-05-27 01:04:48 | INFO     | mayss | Earned 3.00 bonuses for user 1, order 71
2026-05-27 01:04:48 | INFO     | mayss | Earned 3.00 bonuses for user 1, order 72
2026-05-27 01:04:48 | INFO     | mayss | Earned 3.00 bonuses for user 1, order 73
2026-05-27 01:04:48 | INFO     | mayss | Earned 3.00 bonuses for user 1, order 74
2026-05-27 01:04:48 | INFO     | mayss | Earned 3.00 bonuses for user 1, order 75
2026-05-27 01:04:48 | INFO     | mayss | Earned 3.00 bonuses for user 1, order 76
2026-05-27 01:04:48 | INFO     | mayss | Earned 3.00 bonuses for user 1, order 77
2026-05-27 01:04:48 | INFO     | mayss | Earned 3.00 bonuses for user 1, order 78
2026-05-27 01:04:48 | INFO     | mayss | Earned 3.00 bonuses for user 1, order 79
2026-05-27 01:04:48 | INFO     | mayss | Earned 3.00 bonuses for user 1, order 80
2026-05-27 01:04:48 | INFO     | mayss | Earned 3.00 bonuses for user 1, order 81
2026-05-27 01:04:48 | INFO     | mayss | Earned 3.00 bonuses for user 1, order 82
2026-05-27 01:04:48 | INFO     | mayss | Earned 3.00 bonuses for user 1, order 83
2026-05-27 01:04:48 | INFO     | mayss | Earned 3.00 bonuses for user 1, order 84
2026-05-27 01:04:48 | INFO     | mayss | Earned 3.00 bonuses for user 1, order 85
2026-05-27 01:04:48 | INFO     | mayss | Earned 3.00 bonuses for user 1, order 86
2026-05-27 01:04:48 | INFO     | mayss | Earned 3.00 bonuses for user 1, order 87
2026-05-27 01:04:48 | INFO     | mayss | Earned 3.00 bonuses for user 1, order 88
2026-05-27 01:04:48 | INFO     | mayss | Earned 3.00 bonuses for user 1, order 89
2026-05-27 01:04:48 | INFO     | mayss | Earned 3.00 bonuses for user 1, order 90
2026-05-27 01:04:48 | INFO     | mayss | Earned 3.00 bonuses for user 1, order 91
2026-05-27 01:04:48 | INFO     | mayss | Earned 3.00 bonuses for user 1, order 92
2026-05-27 01:04:48 | INFO     | mayss | Earned 3.00 bonuses for user 1, order 93
2026-05-27 01:04:48 | INFO     | mayss | Earned 3.00 bonuses for user 1, order 94
2026-05-27 01:04:48 | INFO     | mayss | Earned 3.00 bonuses for user 1, order 95
2026-05-27 01:04:48 | INFO     | mayss | Earned 3.00 bonuses for user 1, order 96
2026-05-27 01:04:48 | INFO     | mayss | Earned 3.00 bonuses for user 1, order 97
2026-05-27 01:04:48 | INFO     | mayss | Earned 3.00 bonuses for user 1, order 98
2026-05-27 01:04:48 | INFO     | mayss | Earned 3.00 bonuses for user 1, order 99
2026-05-27 01:04:48 | INFO     | mayss | Created new bonus wallet for user 1
2026-05-27 01:04:48 | INFO     | mayss | Earned 30.00 bonuses for user 1, order 1
2026-05-27 01:04:48 | INFO     | mayss | Spent 10 bonuses for user 1, order 2
2026-05-27 01:04:48 | INFO     | mayss | RES | IP: testclient | GET /api/v1/bonuses/balance | Status: 401 | Time: 0.46ms
2026-05-27 01:04:48 | INFO     | httpx | HTTP Request: GET http://testserver/api/v1/bonuses/balance "HTTP/1.1 401 Unauthorized"
2026-05-27 01:04:48 | ERROR    | mayss | Unhandled exception: (sqlite3.OperationalError) no such table: products
[SQL: SELECT products.id AS products_id, products.seller_id AS products_seller_id, products.category_id AS products_category_id, products.title AS products_title, products.description AS products_description, products.brand AS products_brand, products.price AS products_price, products.old_price AS products_old_price, products.stock AS products_stock, products.status AS products_status, products.rejection_reason AS products_rejection_reason, products.image_url AS products_image_url, products.rating AS products_rating, products.reviews_count AS products_reviews_count, products.created_at AS products_created_at 
FROM products 
WHERE products.status = ? ORDER BY products.rating DESC, products.id DESC]
[parameters: ('ACTIVE',)]
(Background on this error at: https://sqlalche.me/e/20/e3q8)
2026-05-27 01:04:48 | INFO     | httpx | HTTP Request: GET http://testserver/api/v1/products/recommendations?limit=4 "HTTP/1.1 500 Internal Server Error"
2026-05-27 01:04:48 | ERROR    | mayss | Unhandled exception: (sqlite3.OperationalError) no such table: products
[SQL: SELECT products.id AS products_id, products.seller_id AS products_seller_id, products.category_id AS products_category_id, products.title AS products_title, products.description AS products_description, products.brand AS products_brand, products.price AS products_price, products.old_price AS products_old_price, products.stock AS products_stock, products.status AS products_status, products.rejection_reason AS products_rejection_reason, products.image_url AS products_image_url, products.rating AS products_rating, products.reviews_count AS products_reviews_count, products.created_at AS products_created_at 
FROM products 
WHERE products.status = ? AND (lower(products.title) LIKE lower(?) OR lower(products.description) LIKE lower(?)) ORDER BY products.id DESC]
[parameters: ('ACTIVE', '%наушники%', '%наушники%')]
(Background on this error at: https://sqlalche.me/e/20/e3q8)
2026-05-27 01:04:48 | INFO     | httpx | HTTP Request: GET http://testserver/api/v1/products?q=%D0%BD%D0%B0%D1%83%D1%88%D0%BD%D0%B8%D0%BA%D0%B8 "HTTP/1.1 500 Internal Server Error"
2026-05-27 01:04:48 | ERROR    | mayss | Unhandled exception: (sqlite3.OperationalError) no such table: seller_profiles
[SQL: SELECT seller_profiles.id AS seller_profiles_id, seller_profiles.user_id AS seller_profiles_user_id, seller_profiles.shop_name AS seller_profiles_shop_name, seller_profiles.description AS seller_profiles_description, seller_profiles.inn AS seller_profiles_inn, seller_profiles.is_verified AS seller_profiles_is_verified, seller_profiles.rejection_reason AS seller_profiles_rejection_reason, seller_profiles.rating AS seller_profiles_rating, seller_profiles.created_at AS seller_profiles_created_at 
FROM seller_profiles 
WHERE seller_profiles.id = ?
 LIMIT ? OFFSET ?]
[parameters: (1, 1, 0)]
(Background on this error at: https://sqlalche.me/e/20/e3q8)
2026-05-27 01:04:48 | INFO     | httpx | HTTP Request: GET http://testserver/api/v1/public/shops/1 "HTTP/1.1 500 Internal Server Error"
2026-05-27 01:04:48 | ERROR    | mayss | Unhandled exception: (sqlite3.OperationalError) no such table: users
[SQL: SELECT users.id AS users_id, users.email AS users_email, users.password_hash AS users_password_hash, users.full_name AS users_full_name, users.role AS users_role, users.is_active AS users_is_active, users.telegram_chat_id AS users_telegram_chat_id, users.created_at AS users_created_at 
FROM users 
WHERE users.email = ?
 LIMIT ? OFFSET ?]
[parameters: ('buyer@mayss.io', 1, 0)]
(Background on this error at: https://sqlalche.me/e/20/e3q8)
2026-05-27 01:04:48 | INFO     | httpx | HTTP Request: POST http://testserver/api/v1/auth/login "HTTP/1.1 500 Internal Server Error"
2026-05-27 01:04:48 | ERROR    | mayss | Unhandled exception: (sqlite3.OperationalError) no such table: users
[SQL: SELECT users.id AS users_id, users.email AS users_email, users.password_hash AS users_password_hash, users.full_name AS users_full_name, users.role AS users_role, users.is_active AS users_is_active, users.telegram_chat_id AS users_telegram_chat_id, users.created_at AS users_created_at 
FROM users 
WHERE users.email = ?
 LIMIT ? OFFSET ?]
[parameters: ('buyer@mayss.io', 1, 0)]
(Background on this error at: https://sqlalche.me/e/20/e3q8)
2026-05-27 01:04:48 | INFO     | httpx | HTTP Request: POST http://testserver/api/v1/auth/login "HTTP/1.1 500 Internal Server Error"
2026-05-27 01:04:48 | ERROR    | mayss | Unhandled exception: (sqlite3.OperationalError) no such table: products
[SQL: SELECT count(*) AS count_1 
FROM (SELECT products.id AS products_id, products.seller_id AS products_seller_id, products.category_id AS products_category_id, products.title AS products_title, products.description AS products_description, products.brand AS products_brand, products.price AS products_price, products.old_price AS products_old_price, products.stock AS products_stock, products.status AS products_status, products.rejection_reason AS products_rejection_reason, products.image_url AS products_image_url, products.rating AS products_rating, products.reviews_count AS products_reviews_count, products.created_at AS products_created_at 
FROM products 
WHERE products.status = ? ORDER BY products.price ASC) AS anon_1]
[parameters: ('ACTIVE',)]
(Background on this error at: https://sqlalche.me/e/20/e3q8)
2026-05-27 01:04:48 | INFO     | httpx | HTTP Request: GET http://testserver/api/v1/products?sort=price_asc&page_size=5 "HTTP/1.1 500 Internal Server Error"
2026-05-27 01:04:48 | INFO     | mayss | RES | IP: testclient | GET /health | Status: 200 | Time: 0.38ms
2026-05-27 01:04:48 | INFO     | httpx | HTTP Request: GET http://testserver/health "HTTP/1.1 200 OK"
2026-05-27 01:04:48 | ERROR    | mayss | Unhandled exception: (sqlite3.OperationalError) no such table: categories
[SQL: SELECT categories.id AS categories_id, categories.slug AS categories_slug, categories.name AS categories_name, categories.parent_id AS categories_parent_id 
FROM categories ORDER BY categories.id]
(Background on this error at: https://sqlalche.me/e/20/e3q8)
2026-05-27 01:04:48 | INFO     | httpx | HTTP Request: GET http://testserver/api/v1/categories "HTTP/1.1 500 Internal Server Error"
2026-05-27 01:04:48 | ERROR    | mayss | Unhandled exception: (sqlite3.OperationalError) no such table: products
[SQL: SELECT count(*) AS count_1 
FROM (SELECT products.id AS products_id, products.seller_id AS products_seller_id, products.category_id AS products_category_id, products.title AS products_title, products.description AS products_description, products.brand AS products_brand, products.price AS products_price, products.old_price AS products_old_price, products.stock AS products_stock, products.status AS products_status, products.rejection_reason AS products_rejection_reason, products.image_url AS products_image_url, products.rating AS products_rating, products.reviews_count AS products_reviews_count, products.created_at AS products_created_at 
FROM products 
WHERE products.status = ? AND products.price <= ? ORDER BY products.id DESC) AS anon_1]
[parameters: ('ACTIVE', 5000.0)]
(Background on this error at: https://sqlalche.me/e/20/e3q8)
2026-05-27 01:04:48 | INFO     | httpx | HTTP Request: GET http://testserver/api/v1/products?max_price=5000 "HTTP/1.1 500 Internal Server Error"
2026-05-27 01:04:48 | ERROR    | mayss | Unhandled exception: (sqlite3.OperationalError) no such table: users
[SQL: SELECT users.id AS users_id, users.email AS users_email, users.password_hash AS users_password_hash, users.full_name AS users_full_name, users.role AS users_role, users.is_active AS users_is_active, users.telegram_chat_id AS users_telegram_chat_id, users.created_at AS users_created_at 
FROM users 
WHERE users.email = ?
 LIMIT ? OFFSET ?]
[parameters: ('buyer@mayss.io', 1, 0)]
(Background on this error at: https://sqlalche.me/e/20/e3q8)
2026-05-27 01:04:48 | INFO     | httpx | HTTP Request: POST http://testserver/api/v1/auth/login "HTTP/1.1 500 Internal Server Error"
2026-05-27 01:04:48 | INFO     | mayss | RES | IP: testclient | GET /api/v1/cart | Status: 401 | Time: 0.17ms
2026-05-27 01:04:48 | INFO     | httpx | HTTP Request: GET http://testserver/api/v1/cart "HTTP/1.1 401 Unauthorized"
2026-05-27 01:04:48 | ERROR    | mayss | Unhandled exception: (sqlite3.OperationalError) no such table: users
[SQL: SELECT users.id AS users_id, users.email AS users_email, users.password_hash AS users_password_hash, users.full_name AS users_full_name, users.role AS users_role, users.is_active AS users_is_active, users.telegram_chat_id AS users_telegram_chat_id, users.created_at AS users_created_at 
FROM users 
WHERE users.email = ?
 LIMIT ? OFFSET ?]
[parameters: ('buyer@mayss.io', 1, 0)]
(Background on this error at: https://sqlalche.me/e/20/e3q8)
2026-05-27 01:04:48 | INFO     | httpx | HTTP Request: POST http://testserver/api/v1/auth/login "HTTP/1.1 500 Internal Server Error"
2026-05-27 01:04:48 | ERROR    | mayss | Unhandled exception: (sqlite3.OperationalError) no such table: users
[SQL: SELECT users.id AS users_id, users.email AS users_email, users.password_hash AS users_password_hash, users.full_name AS users_full_name, users.role AS users_role, users.is_active AS users_is_active, users.telegram_chat_id AS users_telegram_chat_id, users.created_at AS users_created_at 
FROM users 
WHERE users.email = ?
 LIMIT ? OFFSET ?]
[parameters: ('buyer@mayss.io', 1, 0)]
(Background on this error at: https://sqlalche.me/e/20/e3q8)
2026-05-27 01:04:48 | INFO     | httpx | HTTP Request: POST http://testserver/api/v1/auth/login "HTTP/1.1 500 Internal Server Error"
2026-05-27 01:04:48 | ERROR    | mayss | Unhandled exception: (sqlite3.OperationalError) no such table: users
[SQL: SELECT users.id AS users_id, users.email AS users_email, users.password_hash AS users_password_hash, users.full_name AS users_full_name, users.role AS users_role, users.is_active AS users_is_active, users.telegram_chat_id AS users_telegram_chat_id, users.created_at AS users_created_at 
FROM users 
WHERE users.email = ?
 LIMIT ? OFFSET ?]
[parameters: ('buyer@mayss.io', 1, 0)]
(Background on this error at: https://sqlalche.me/e/20/e3q8)
2026-05-27 01:04:48 | INFO     | httpx | HTTP Request: POST http://testserver/api/v1/auth/login "HTTP/1.1 500 Internal Server Error"
2026-05-27 01:04:48 | ERROR    | mayss | Unhandled exception: (sqlite3.OperationalError) no such table: users
[SQL: SELECT users.id AS users_id, users.email AS users_email, users.password_hash AS users_password_hash, users.full_name AS users_full_name, users.role AS users_role, users.is_active AS users_is_active, users.telegram_chat_id AS users_telegram_chat_id, users.created_at AS users_created_at 
FROM users 
WHERE users.email = ?
 LIMIT ? OFFSET ?]
[parameters: ('admin@mayss.io', 1, 0)]
(Background on this error at: https://sqlalche.me/e/20/e3q8)
2026-05-27 01:04:48 | INFO     | httpx | HTTP Request: POST http://testserver/api/v1/auth/login "HTTP/1.1 500 Internal Server Error"
2026-05-27 01:04:48 | ERROR    | mayss | Unhandled exception: (sqlite3.OperationalError) no such table: users
[SQL: SELECT users.id AS users_id, users.email AS users_email, users.password_hash AS users_password_hash, users.full_name AS users_full_name, users.role AS users_role, users.is_active AS users_is_active, users.telegram_chat_id AS users_telegram_chat_id, users.created_at AS users_created_at 
FROM users 
WHERE users.email = ?
 LIMIT ? OFFSET ?]
[parameters: ('buyer@mayss.io', 1, 0)]
(Background on this error at: https://sqlalche.me/e/20/e3q8)
2026-05-27 01:04:48 | INFO     | httpx | HTTP Request: POST http://testserver/api/v1/auth/login "HTTP/1.1 500 Internal Server Error"
2026-05-27 01:04:48 | ERROR    | mayss | Unhandled exception: (sqlite3.OperationalError) no such table: users
[SQL: SELECT users.id AS users_id, users.email AS users_email, users.password_hash AS users_password_hash, users.full_name AS users_full_name, users.role AS users_role, users.is_active AS users_is_active, users.telegram_chat_id AS users_telegram_chat_id, users.created_at AS users_created_at 
FROM users 
WHERE users.email = ?
 LIMIT ? OFFSET ?]
[parameters: ('admin@mayss.io', 1, 0)]
(Background on this error at: https://sqlalche.me/e/20/e3q8)
2026-05-27 01:04:48 | INFO     | httpx | HTTP Request: POST http://testserver/api/v1/auth/login "HTTP/1.1 500 Internal Server Error"
2026-05-27 01:04:48 | ERROR    | mayss | Unhandled exception: (sqlite3.OperationalError) no such table: users
[SQL: SELECT users.id AS users_id, users.email AS users_email, users.password_hash AS users_password_hash, users.full_name AS users_full_name, users.role AS users_role, users.is_active AS users_is_active, users.telegram_chat_id AS users_telegram_chat_id, users.created_at AS users_created_at 
FROM users 
WHERE users.email = ?
 LIMIT ? OFFSET ?]
[parameters: ('admin@mayss.io', 1, 0)]
(Background on this error at: https://sqlalche.me/e/20/e3q8)
2026-05-27 01:04:48 | INFO     | httpx | HTTP Request: POST http://testserver/api/v1/auth/login "HTTP/1.1 500 Internal Server Error"
2026-05-27 01:04:48 | ERROR    | mayss | Unhandled exception: (sqlite3.OperationalError) no such table: users
[SQL: SELECT users.id AS users_id, users.email AS users_email, users.password_hash AS users_password_hash, users.full_name AS users_full_name, users.role AS users_role, users.is_active AS users_is_active, users.telegram_chat_id AS users_telegram_chat_id, users.created_at AS users_created_at 
FROM users 
WHERE users.email = ?
 LIMIT ? OFFSET ?]
[parameters: ('seller1@mayss.io', 1, 0)]
(Background on this error at: https://sqlalche.me/e/20/e3q8)
2026-05-27 01:04:48 | INFO     | httpx | HTTP Request: POST http://testserver/api/v1/auth/login "HTTP/1.1 500 Internal Server Error"
2026-05-27 01:04:48 | ERROR    | mayss | Unhandled exception: (sqlite3.OperationalError) no such table: users
[SQL: SELECT users.id AS users_id, users.email AS users_email, users.password_hash AS users_password_hash, users.full_name AS users_full_name, users.role AS users_role, users.is_active AS users_is_active, users.telegram_chat_id AS users_telegram_chat_id, users.created_at AS users_created_at 
FROM users 
WHERE users.email = ?
 LIMIT ? OFFSET ?]
[parameters: ('seller1@mayss.io', 1, 0)]
(Background on this error at: https://sqlalche.me/e/20/e3q8)
2026-05-27 01:04:48 | INFO     | httpx | HTTP Request: POST http://testserver/api/v1/auth/login "HTTP/1.1 500 Internal Server Error"
2026-05-27 01:04:48 | ERROR    | mayss | Unhandled exception: (sqlite3.OperationalError) no such table: users
[SQL: SELECT users.id AS users_id, users.email AS users_email, users.password_hash AS users_password_hash, users.full_name AS users_full_name, users.role AS users_role, users.is_active AS users_is_active, users.telegram_chat_id AS users_telegram_chat_id, users.created_at AS users_created_at 
FROM users 
WHERE users.email = ?
 LIMIT ? OFFSET ?]
[parameters: ('buyer@mayss.io', 1, 0)]
(Background on this error at: https://sqlalche.me/e/20/e3q8)
2026-05-27 01:04:48 | INFO     | httpx | HTTP Request: POST http://testserver/api/v1/auth/login "HTTP/1.1 500 Internal Server Error"
2026-05-27 01:04:48 | ERROR    | mayss | Unhandled exception: (sqlite3.OperationalError) no such table: users
[SQL: SELECT users.id AS users_id, users.email AS users_email, users.password_hash AS users_password_hash, users.full_name AS users_full_name, users.role AS users_role, users.is_active AS users_is_active, users.telegram_chat_id AS users_telegram_chat_id, users.created_at AS users_created_at 
FROM users 
WHERE users.email = ?
 LIMIT ? OFFSET ?]
[parameters: ('admin@mayss.io', 1, 0)]
(Background on this error at: https://sqlalche.me/e/20/e3q8)
2026-05-27 01:04:48 | INFO     | httpx | HTTP Request: POST http://testserver/api/v1/auth/login "HTTP/1.1 500 Internal Server Error"
2026-05-27 01:04:48 | ERROR    | mayss | Unhandled exception: (sqlite3.OperationalError) no such table: users
[SQL: SELECT users.id AS users_id, users.email AS users_email, users.password_hash AS users_password_hash, users.full_name AS users_full_name, users.role AS users_role, users.is_active AS users_is_active, users.telegram_chat_id AS users_telegram_chat_id, users.created_at AS users_created_at 
FROM users 
WHERE users.email = ?
 LIMIT ? OFFSET ?]
[parameters: ('admin@mayss.io', 1, 0)]
(Background on this error at: https://sqlalche.me/e/20/e3q8)
2026-05-27 01:04:48 | INFO     | httpx | HTTP Request: POST http://testserver/api/v1/auth/login "HTTP/1.1 500 Internal Server Error"
2026-05-27 01:04:48 | ERROR    | mayss | Unhandled exception: (sqlite3.OperationalError) no such table: users
[SQL: SELECT users.id AS users_id, users.email AS users_email, users.password_hash AS users_password_hash, users.full_name AS users_full_name, users.role AS users_role, users.is_active AS users_is_active, users.telegram_chat_id AS users_telegram_chat_id, users.created_at AS users_created_at 
FROM users 
WHERE users.email = ?
 LIMIT ? OFFSET ?]
[parameters: ('buyer@mayss.io', 1, 0)]
(Background on this error at: https://sqlalche.me/e/20/e3q8)
2026-05-27 01:04:48 | INFO     | httpx | HTTP Request: POST http://testserver/api/v1/auth/login "HTTP/1.1 500 Internal Server Error"
2026-05-27 01:04:48 | ERROR    | mayss | Unhandled exception: (sqlite3.OperationalError) no such table: users
[SQL: SELECT users.id AS users_id, users.email AS users_email, users.password_hash AS users_password_hash, users.full_name AS users_full_name, users.role AS users_role, users.is_active AS users_is_active, users.telegram_chat_id AS users_telegram_chat_id, users.created_at AS users_created_at 
FROM users 
WHERE users.email = ?
 LIMIT ? OFFSET ?]
[parameters: ('buyer@mayss.io', 1, 0)]
(Background on this error at: https://sqlalche.me/e/20/e3q8)
2026-05-27 01:04:48 | INFO     | httpx | HTTP Request: POST http://testserver/api/v1/auth/login "HTTP/1.1 500 Internal Server Error"
2026-05-27 01:04:48 | ERROR    | mayss | Unhandled exception: (sqlite3.OperationalError) no such table: users
[SQL: SELECT users.id AS users_id, users.email AS users_email, users.password_hash AS users_password_hash, users.full_name AS users_full_name, users.role AS users_role, users.is_active AS users_is_active, users.telegram_chat_id AS users_telegram_chat_id, users.created_at AS users_created_at 
FROM users 
WHERE users.email = ?
 LIMIT ? OFFSET ?]
[parameters: ('buyer@mayss.io', 1, 0)]
(Background on this error at: https://sqlalche.me/e/20/e3q8)
2026-05-27 01:04:48 | INFO     | httpx | HTTP Request: POST http://testserver/api/v1/auth/login "HTTP/1.1 500 Internal Server Error"
2026-05-27 01:04:48 | ERROR    | mayss | Unhandled exception: (sqlite3.OperationalError) no such table: users
[SQL: SELECT users.id AS users_id, users.email AS users_email, users.password_hash AS users_password_hash, users.full_name AS users_full_name, users.role AS users_role, users.is_active AS users_is_active, users.telegram_chat_id AS users_telegram_chat_id, users.created_at AS users_created_at 
FROM users 
WHERE users.email = ?
 LIMIT ? OFFSET ?]
[parameters: ('buyer@mayss.io', 1, 0)]
(Background on this error at: https://sqlalche.me/e/20/e3q8)
2026-05-27 01:04:48 | INFO     | httpx | HTTP Request: POST http://testserver/api/v1/auth/login "HTTP/1.1 500 Internal Server Error"
2026-05-27 01:04:48 | ERROR    | mayss | Unhandled exception: (sqlite3.OperationalError) no such table: users
[SQL: SELECT users.id AS users_id, users.email AS users_email, users.password_hash AS users_password_hash, users.full_name AS users_full_name, users.role AS users_role, users.is_active AS users_is_active, users.telegram_chat_id AS users_telegram_chat_id, users.created_at AS users_created_at 
FROM users 
WHERE users.email = ?
 LIMIT ? OFFSET ?]
[parameters: ('admin@mayss.io', 1, 0)]
(Background on this error at: https://sqlalche.me/e/20/e3q8)
2026-05-27 01:04:48 | INFO     | httpx | HTTP Request: POST http://testserver/api/v1/auth/login "HTTP/1.1 500 Internal Server Error"
2026-05-27 01:04:48 | ERROR    | mayss | Unhandled exception: (sqlite3.OperationalError) no such table: users
[SQL: SELECT users.id AS users_id, users.email AS users_email, users.password_hash AS users_password_hash, users.full_name AS users_full_name, users.role AS users_role, users.is_active AS users_is_active, users.telegram_chat_id AS users_telegram_chat_id, users.created_at AS users_created_at 
FROM users 
WHERE users.email = ?
 LIMIT ? OFFSET ?]
[parameters: ('admin@mayss.io', 1, 0)]
(Background on this error at: https://sqlalche.me/e/20/e3q8)
2026-05-27 01:04:48 | INFO     | httpx | HTTP Request: POST http://testserver/api/v1/auth/login "HTTP/1.1 500 Internal Server Error"
2026-05-27 01:04:48 | ERROR    | mayss | Unhandled exception: (sqlite3.OperationalError) no such table: users
[SQL: SELECT users.id AS users_id, users.email AS users_email, users.password_hash AS users_password_hash, users.full_name AS users_full_name, users.role AS users_role, users.is_active AS users_is_active, users.telegram_chat_id AS users_telegram_chat_id, users.created_at AS users_created_at 
FROM users 
WHERE users.email = ?
 LIMIT ? OFFSET ?]
[parameters: ('unverified-promo@mayss.io', 1, 0)]
(Background on this error at: https://sqlalche.me/e/20/e3q8)
2026-05-27 01:04:48 | INFO     | httpx | HTTP Request: POST http://testserver/api/v1/auth/register "HTTP/1.1 500 Internal Server Error"
2026-05-27 01:04:48 | ERROR    | mayss | Unhandled exception: (sqlite3.OperationalError) no such table: users
[SQL: SELECT users.id AS users_id, users.email AS users_email, users.password_hash AS users_password_hash, users.full_name AS users_full_name, users.role AS users_role, users.is_active AS users_is_active, users.telegram_chat_id AS users_telegram_chat_id, users.created_at AS users_created_at 
FROM users 
WHERE users.email = ?
 LIMIT ? OFFSET ?]
[parameters: ('unverified-promo@mayss.io', 1, 0)]
(Background on this error at: https://sqlalche.me/e/20/e3q8)
2026-05-27 01:04:48 | INFO     | httpx | HTTP Request: POST http://testserver/api/v1/auth/login "HTTP/1.1 500 Internal Server Error"
2026-05-27 01:04:48 | ERROR    | mayss | Unhandled exception: (sqlite3.OperationalError) no such table: users
[SQL: SELECT users.id AS users_id, users.email AS users_email, users.password_hash AS users_password_hash, users.full_name AS users_full_name, users.role AS users_role, users.is_active AS users_is_active, users.telegram_chat_id AS users_telegram_chat_id, users.created_at AS users_created_at 
FROM users 
WHERE users.email = ?
 LIMIT ? OFFSET ?]
[parameters: ('admin@mayss.io', 1, 0)]
(Background on this error at: https://sqlalche.me/e/20/e3q8)
2026-05-27 01:04:48 | INFO     | httpx | HTTP Request: POST http://testserver/api/v1/auth/login "HTTP/1.1 500 Internal Server Error"
2026-05-27 01:04:48 | ERROR    | mayss | Unhandled exception: (sqlite3.OperationalError) no such table: users
[SQL: SELECT users.id AS users_id, users.email AS users_email, users.password_hash AS users_password_hash, users.full_name AS users_full_name, users.role AS users_role, users.is_active AS users_is_active, users.telegram_chat_id AS users_telegram_chat_id, users.created_at AS users_created_at 
FROM users 
WHERE users.email = ?
 LIMIT ? OFFSET ?]
[parameters: ('buyer@mayss.io', 1, 0)]
(Background on this error at: https://sqlalche.me/e/20/e3q8)
2026-05-27 01:04:48 | INFO     | httpx | HTTP Request: POST http://testserver/api/v1/auth/login "HTTP/1.1 500 Internal Server Error"
2026-05-27 01:04:48 | ERROR    | mayss | Unhandled exception: (sqlite3.OperationalError) no such table: users
[SQL: SELECT users.id AS users_id, users.email AS users_email, users.password_hash AS users_password_hash, users.full_name AS users_full_name, users.role AS users_role, users.is_active AS users_is_active, users.telegram_chat_id AS users_telegram_chat_id, users.created_at AS users_created_at 
FROM users 
WHERE users.email = ?
 LIMIT ? OFFSET ?]
[parameters: ('no-prod@mayss.io', 1, 0)]
(Background on this error at: https://sqlalche.me/e/20/e3q8)
2026-05-27 01:04:48 | INFO     | httpx | HTTP Request: POST http://testserver/api/v1/auth/register "HTTP/1.1 500 Internal Server Error"
2026-05-27 01:04:48 | ERROR    | mayss | Unhandled exception: (sqlite3.OperationalError) no such table: users
[SQL: SELECT users.id AS users_id, users.email AS users_email, users.password_hash AS users_password_hash, users.full_name AS users_full_name, users.role AS users_role, users.is_active AS users_is_active, users.telegram_chat_id AS users_telegram_chat_id, users.created_at AS users_created_at 
FROM users 
WHERE users.email = ?
 LIMIT ? OFFSET ?]
[parameters: ('no-prod@mayss.io', 1, 0)]
(Background on this error at: https://sqlalche.me/e/20/e3q8)
2026-05-27 01:04:48 | INFO     | httpx | HTTP Request: POST http://testserver/api/v1/auth/login "HTTP/1.1 500 Internal Server Error"
2026-05-27 01:04:49 | INFO     | mayss | RES | IP: testclient | POST /api/v1/notifications/telegram/webhook | Status: 200 | Time: 950.40ms
2026-05-27 01:04:49 | INFO     | httpx | HTTP Request: POST http://testserver/api/v1/notifications/telegram/webhook "HTTP/1.1 200 OK"
2026-05-27 01:04:49 | INFO     | mayss | RES | IP: testclient | GET /api/v1/notifications/push/public-key | Status: 503 | Time: 0.71ms
2026-05-27 01:04:49 | INFO     | httpx | HTTP Request: GET http://testserver/api/v1/notifications/push/public-key "HTTP/1.1 503 Service Unavailable"
2026-05-27 01:04:49 | ERROR    | mayss | Unhandled exception: (sqlite3.OperationalError) no such table: users
[SQL: SELECT users.id AS users_id, users.email AS users_email, users.password_hash AS users_password_hash, users.full_name AS users_full_name, users.role AS users_role, users.is_active AS users_is_active, users.telegram_chat_id AS users_telegram_chat_id, users.created_at AS users_created_at 
FROM users 
WHERE users.email = ?
 LIMIT ? OFFSET ?]
[parameters: ('buyer@mayss.io', 1, 0)]
(Background on this error at: https://sqlalche.me/e/20/e3q8)
2026-05-27 01:04:49 | INFO     | httpx | HTTP Request: POST http://testserver/api/v1/auth/login "HTTP/1.1 500 Internal Server Error"
2026-05-27 01:05:28 | INFO     | app.core.logger | Система логирования инициализирована. Debug режим: False
2026-05-27 01:05:28 | INFO     | mayss | Starting MAYSS Marketplace API
2026-05-27 01:05:29 | INFO     | mayss | RES | IP: testclient | POST /api/v1/auth/login | Status: 200 | Time: 234.11ms
2026-05-27 01:05:29 | INFO     | httpx | HTTP Request: POST http://testserver/api/v1/auth/login "HTTP/1.1 200 OK"
2026-05-27 01:05:29 | INFO     | mayss | RES | IP: testclient | POST /api/v1/auth/login | Status: 200 | Time: 220.86ms
2026-05-27 01:05:29 | INFO     | httpx | HTTP Request: POST http://testserver/api/v1/auth/login "HTTP/1.1 200 OK"
2026-05-27 01:05:29 | INFO     | mayss | RES | IP: testclient | POST /api/v1/auth/login | Status: 200 | Time: 220.91ms
2026-05-27 01:05:29 | INFO     | httpx | HTTP Request: POST http://testserver/api/v1/auth/login "HTTP/1.1 200 OK"
2026-05-27 01:05:41 | INFO     | app.core.logger | Система логирования инициализирована. Debug режим: False
2026-05-27 01:05:41 | INFO     | mayss | Starting MAYSS Marketplace API
2026-05-27 01:05:55 | INFO     | mayss | RES | IP: testclient | POST /api/v1/auth/login | Status: 200 | Time: 232.57ms
2026-05-27 01:05:55 | INFO     | httpx | HTTP Request: POST http://testserver/api/v1/auth/login "HTTP/1.1 200 OK"
2026-05-27 01:05:55 | INFO     | mayss | RES | IP: testclient | GET /api/v1/bonuses/balance | Status: 200 | Time: 2.62ms
2026-05-27 01:05:55 | INFO     | httpx | HTTP Request: GET http://testserver/api/v1/bonuses/balance "HTTP/1.1 200 OK"
2026-05-27 01:06:06 | INFO     | app.core.logger | Система логирования инициализирована. Debug режим: False
2026-05-27 01:06:06 | INFO     | mayss | Starting MAYSS Marketplace API
2026-05-27 01:06:20 | INFO     | mayss | RES | IP: testclient | POST /api/v1/auth/login | Status: 200 | Time: 230.45ms
2026-05-27 01:06:20 | INFO     | httpx | HTTP Request: POST http://testserver/api/v1/auth/login "HTTP/1.1 200 OK"
2026-05-27 01:06:20 | INFO     | mayss | RES | IP: testclient | GET /api/v1/bonuses/balance | Status: 200 | Time: 2.53ms
2026-05-27 01:06:20 | INFO     | httpx | HTTP Request: GET http://testserver/api/v1/bonuses/balance "HTTP/1.1 200 OK"
2026-05-27 01:06:55 | INFO     | app.core.logger | Система логирования инициализирована. Debug режим: False
2026-05-27 01:06:55 | INFO     | mayss | Starting MAYSS Marketplace API
2026-05-27 01:07:08 | INFO     | mayss | Created new bonus wallet for user 1
2026-05-27 01:07:08 | INFO     | mayss | Created new bonus wallet for user 1
2026-05-27 01:07:08 | INFO     | mayss | Created new bonus wallet for user 1
2026-05-27 01:07:08 | INFO     | mayss | Created new bonus wallet for user 1
2026-05-27 01:07:08 | INFO     | mayss | Earned 30.00 bonuses for user 1, order 42
2026-05-27 01:07:08 | INFO     | mayss | Created new bonus wallet for user 1
2026-05-27 01:07:08 | INFO     | mayss | Earned 50.00 bonuses for user 1, order 42
2026-05-27 01:07:08 | INFO     | mayss | Created new bonus wallet for user 1
2026-05-27 01:07:08 | INFO     | mayss | Earned 30.00 bonuses for user 1, order 42
2026-05-27 01:07:08 | INFO     | mayss | Created new bonus wallet for user 1
2026-05-27 01:07:08 | INFO     | mayss | Created new bonus wallet for user 1
2026-05-27 01:07:08 | INFO     | mayss | Spent 50.00 bonuses for user 1, order 42
2026-05-27 01:07:08 | INFO     | mayss | Created new bonus wallet for user 1
2026-05-27 01:07:08 | INFO     | mayss | Spent 500.00 bonuses for user 1, order 42
2026-05-27 01:07:08 | INFO     | mayss | Created new bonus wallet for user 1
2026-05-27 01:07:08 | WARNING  | mayss | User 1 insufficient bonuses: has 10.00, needs 50.00
2026-05-27 01:07:08 | INFO     | mayss | Created new bonus wallet for user 1
2026-05-27 01:07:08 | INFO     | mayss | Spent 50.00 bonuses for user 1, order 42
2026-05-27 01:07:08 | INFO     | mayss | Created new bonus wallet for user 1
2026-05-27 01:07:08 | INFO     | mayss | Adjusted 100.00 bonuses for user 1: Initial bonus
2026-05-27 01:07:08 | INFO     | mayss | Created new bonus wallet for user 1
2026-05-27 01:07:08 | INFO     | mayss | Adjusted -50.00 bonuses for user 1: Penalty
2026-05-27 01:07:08 | INFO     | mayss | Created new bonus wallet for user 1
2026-05-27 01:07:08 | WARNING  | mayss | User 1 bonus balance adjusted below 0, clamped to 0
2026-05-27 01:07:08 | INFO     | mayss | Adjusted -100.00 bonuses for user 1: Overpayment correction
2026-05-27 01:07:08 | INFO     | mayss | Created new bonus wallet for user 1
2026-05-27 01:07:08 | INFO     | mayss | Earned 30.00 bonuses for user 1, order 1
2026-05-27 01:07:08 | INFO     | mayss | Earned 15.00 bonuses for user 1, order 2
2026-05-27 01:07:08 | INFO     | mayss | Created new bonus wallet for user 1
2026-05-27 01:07:08 | INFO     | mayss | Earned 30.00 bonuses for user 1, order 1
2026-05-27 01:07:08 | INFO     | mayss | Spent 50 bonuses for user 1, order 2
2026-05-27 01:07:08 | INFO     | mayss | Created new bonus wallet for user 1
2026-05-27 01:07:08 | INFO     | mayss | Earned 3.00 bonuses for user 1, order 0
2026-05-27 01:07:08 | INFO     | mayss | Earned 3.00 bonuses for user 1, order 1
2026-05-27 01:07:08 | INFO     | mayss | Earned 3.00 bonuses for user 1, order 2
2026-05-27 01:07:08 | INFO     | mayss | Earned 3.00 bonuses for user 1, order 3
2026-05-27 01:07:08 | INFO     | mayss | Earned 3.00 bonuses for user 1, order 4
2026-05-27 01:07:08 | INFO     | mayss | Earned 3.00 bonuses for user 1, order 5
2026-05-27 01:07:08 | INFO     | mayss | Earned 3.00 bonuses for user 1, order 6
2026-05-27 01:07:08 | INFO     | mayss | Earned 3.00 bonuses for user 1, order 7
2026-05-27 01:07:08 | INFO     | mayss | Earned 3.00 bonuses for user 1, order 8
2026-05-27 01:07:08 | INFO     | mayss | Earned 3.00 bonuses for user 1, order 9
2026-05-27 01:07:08 | INFO     | mayss | Earned 3.00 bonuses for user 1, order 10
2026-05-27 01:07:08 | INFO     | mayss | Earned 3.00 bonuses for user 1, order 11
2026-05-27 01:07:08 | INFO     | mayss | Earned 3.00 bonuses for user 1, order 12
2026-05-27 01:07:08 | INFO     | mayss | Earned 3.00 bonuses for user 1, order 13
2026-05-27 01:07:08 | INFO     | mayss | Earned 3.00 bonuses for user 1, order 14
2026-05-27 01:07:08 | INFO     | mayss | Earned 3.00 bonuses for user 1, order 15
2026-05-27 01:07:08 | INFO     | mayss | Earned 3.00 bonuses for user 1, order 16
2026-05-27 01:07:08 | INFO     | mayss | Earned 3.00 bonuses for user 1, order 17
2026-05-27 01:07:08 | INFO     | mayss | Earned 3.00 bonuses for user 1, order 18
2026-05-27 01:07:08 | INFO     | mayss | Earned 3.00 bonuses for user 1, order 19
2026-05-27 01:07:08 | INFO     | mayss | Earned 3.00 bonuses for user 1, order 20
2026-05-27 01:07:08 | INFO     | mayss | Earned 3.00 bonuses for user 1, order 21
2026-05-27 01:07:08 | INFO     | mayss | Earned 3.00 bonuses for user 1, order 22
2026-05-27 01:07:08 | INFO     | mayss | Earned 3.00 bonuses for user 1, order 23
2026-05-27 01:07:08 | INFO     | mayss | Earned 3.00 bonuses for user 1, order 24
2026-05-27 01:07:08 | INFO     | mayss | Earned 3.00 bonuses for user 1, order 25
2026-05-27 01:07:08 | INFO     | mayss | Earned 3.00 bonuses for user 1, order 26
2026-05-27 01:07:08 | INFO     | mayss | Earned 3.00 bonuses for user 1, order 27
2026-05-27 01:07:08 | INFO     | mayss | Earned 3.00 bonuses for user 1, order 28
2026-05-27 01:07:08 | INFO     | mayss | Earned 3.00 bonuses for user 1, order 29
2026-05-27 01:07:08 | INFO     | mayss | Earned 3.00 bonuses for user 1, order 30
2026-05-27 01:07:08 | INFO     | mayss | Earned 3.00 bonuses for user 1, order 31
2026-05-27 01:07:08 | INFO     | mayss | Earned 3.00 bonuses for user 1, order 32
2026-05-27 01:07:08 | INFO     | mayss | Earned 3.00 bonuses for user 1, order 33
2026-05-27 01:07:08 | INFO     | mayss | Earned 3.00 bonuses for user 1, order 34
2026-05-27 01:07:08 | INFO     | mayss | Earned 3.00 bonuses for user 1, order 35
2026-05-27 01:07:08 | INFO     | mayss | Earned 3.00 bonuses for user 1, order 36
2026-05-27 01:07:08 | INFO     | mayss | Earned 3.00 bonuses for user 1, order 37
2026-05-27 01:07:08 | INFO     | mayss | Earned 3.00 bonuses for user 1, order 38
2026-05-27 01:07:08 | INFO     | mayss | Earned 3.00 bonuses for user 1, order 39
2026-05-27 01:07:08 | INFO     | mayss | Earned 3.00 bonuses for user 1, order 40
2026-05-27 01:07:08 | INFO     | mayss | Earned 3.00 bonuses for user 1, order 41
2026-05-27 01:07:08 | INFO     | mayss | Earned 3.00 bonuses for user 1, order 42
2026-05-27 01:07:08 | INFO     | mayss | Earned 3.00 bonuses for user 1, order 43
2026-05-27 01:07:08 | INFO     | mayss | Earned 3.00 bonuses for user 1, order 44
2026-05-27 01:07:08 | INFO     | mayss | Earned 3.00 bonuses for user 1, order 45
2026-05-27 01:07:08 | INFO     | mayss | Earned 3.00 bonuses for user 1, order 46
2026-05-27 01:07:08 | INFO     | mayss | Earned 3.00 bonuses for user 1, order 47
2026-05-27 01:07:08 | INFO     | mayss | Earned 3.00 bonuses for user 1, order 48
2026-05-27 01:07:08 | INFO     | mayss | Earned 3.00 bonuses for user 1, order 49
2026-05-27 01:07:08 | INFO     | mayss | Earned 3.00 bonuses for user 1, order 50
2026-05-27 01:07:08 | INFO     | mayss | Earned 3.00 bonuses for user 1, order 51
2026-05-27 01:07:08 | INFO     | mayss | Earned 3.00 bonuses for user 1, order 52
2026-05-27 01:07:08 | INFO     | mayss | Earned 3.00 bonuses for user 1, order 53
2026-05-27 01:07:08 | INFO     | mayss | Earned 3.00 bonuses for user 1, order 54
2026-05-27 01:07:08 | INFO     | mayss | Earned 3.00 bonuses for user 1, order 55
2026-05-27 01:07:08 | INFO     | mayss | Earned 3.00 bonuses for user 1, order 56
2026-05-27 01:07:08 | INFO     | mayss | Earned 3.00 bonuses for user 1, order 57
2026-05-27 01:07:08 | INFO     | mayss | Earned 3.00 bonuses for user 1, order 58
2026-05-27 01:07:08 | INFO     | mayss | Earned 3.00 bonuses for user 1, order 59
2026-05-27 01:07:08 | INFO     | mayss | Earned 3.00 bonuses for user 1, order 60
2026-05-27 01:07:08 | INFO     | mayss | Earned 3.00 bonuses for user 1, order 61
2026-05-27 01:07:08 | INFO     | mayss | Earned 3.00 bonuses for user 1, order 62
2026-05-27 01:07:08 | INFO     | mayss | Earned 3.00 bonuses for user 1, order 63
2026-05-27 01:07:08 | INFO     | mayss | Earned 3.00 bonuses for user 1, order 64
2026-05-27 01:07:08 | INFO     | mayss | Earned 3.00 bonuses for user 1, order 65
2026-05-27 01:07:08 | INFO     | mayss | Earned 3.00 bonuses for user 1, order 66
2026-05-27 01:07:08 | INFO     | mayss | Earned 3.00 bonuses for user 1, order 67
2026-05-27 01:07:08 | INFO     | mayss | Earned 3.00 bonuses for user 1, order 68
2026-05-27 01:07:08 | INFO     | mayss | Earned 3.00 bonuses for user 1, order 69
2026-05-27 01:07:08 | INFO     | mayss | Earned 3.00 bonuses for user 1, order 70
2026-05-27 01:07:08 | INFO     | mayss | Earned 3.00 bonuses for user 1, order 71
2026-05-27 01:07:08 | INFO     | mayss | Earned 3.00 bonuses for user 1, order 72
2026-05-27 01:07:08 | INFO     | mayss | Earned 3.00 bonuses for user 1, order 73
2026-05-27 01:07:08 | INFO     | mayss | Earned 3.00 bonuses for user 1, order 74
2026-05-27 01:07:08 | INFO     | mayss | Earned 3.00 bonuses for user 1, order 75
2026-05-27 01:07:08 | INFO     | mayss | Earned 3.00 bonuses for user 1, order 76
2026-05-27 01:07:08 | INFO     | mayss | Earned 3.00 bonuses for user 1, order 77
2026-05-27 01:07:08 | INFO     | mayss | Earned 3.00 bonuses for user 1, order 78
2026-05-27 01:07:08 | INFO     | mayss | Earned 3.00 bonuses for user 1, order 79
2026-05-27 01:07:08 | INFO     | mayss | Earned 3.00 bonuses for user 1, order 80
2026-05-27 01:07:08 | INFO     | mayss | Earned 3.00 bonuses for user 1, order 81
2026-05-27 01:07:08 | INFO     | mayss | Earned 3.00 bonuses for user 1, order 82
2026-05-27 01:07:08 | INFO     | mayss | Earned 3.00 bonuses for user 1, order 83
2026-05-27 01:07:08 | INFO     | mayss | Earned 3.00 bonuses for user 1, order 84
2026-05-27 01:07:08 | INFO     | mayss | Earned 3.00 bonuses for user 1, order 85
2026-05-27 01:07:08 | INFO     | mayss | Earned 3.00 bonuses for user 1, order 86
2026-05-27 01:07:08 | INFO     | mayss | Earned 3.00 bonuses for user 1, order 87
2026-05-27 01:07:08 | INFO     | mayss | Earned 3.00 bonuses for user 1, order 88
2026-05-27 01:07:08 | INFO     | mayss | Earned 3.00 bonuses for user 1, order 89
2026-05-27 01:07:08 | INFO     | mayss | Earned 3.00 bonuses for user 1, order 90
2026-05-27 01:07:08 | INFO     | mayss | Earned 3.00 bonuses for user 1, order 91
2026-05-27 01:07:08 | INFO     | mayss | Earned 3.00 bonuses for user 1, order 92
2026-05-27 01:07:08 | INFO     | mayss | Earned 3.00 bonuses for user 1, order 93
2026-05-27 01:07:08 | INFO     | mayss | Earned 3.00 bonuses for user 1, order 94
2026-05-27 01:07:08 | INFO     | mayss | Earned 3.00 bonuses for user 1, order 95
2026-05-27 01:07:08 | INFO     | mayss | Earned 3.00 bonuses for user 1, order 96
2026-05-27 01:07:08 | INFO     | mayss | Earned 3.00 bonuses for user 1, order 97
2026-05-27 01:07:08 | INFO     | mayss | Earned 3.00 bonuses for user 1, order 98
2026-05-27 01:07:08 | INFO     | mayss | Earned 3.00 bonuses for user 1, order 99
2026-05-27 01:07:08 | INFO     | mayss | Created new bonus wallet for user 1
2026-05-27 01:07:08 | INFO     | mayss | Earned 30.00 bonuses for user 1, order 1
2026-05-27 01:07:08 | INFO     | mayss | Spent 10 bonuses for user 1, order 2
2026-05-27 01:07:08 | INFO     | mayss | RES | IP: testclient | GET /api/v1/bonuses/balance | Status: 401 | Time: 0.64ms
2026-05-27 01:07:08 | INFO     | httpx | HTTP Request: GET http://testserver/api/v1/bonuses/balance "HTTP/1.1 401 Unauthorized"
2026-05-27 01:07:09 | ERROR    | mayss | Unhandled exception: (sqlite3.OperationalError) no such table: products
[SQL: SELECT products.id AS products_id, products.seller_id AS products_seller_id, products.category_id AS products_category_id, products.title AS products_title, products.description AS products_description, products.brand AS products_brand, products.price AS products_price, products.old_price AS products_old_price, products.stock AS products_stock, products.status AS products_status, products.rejection_reason AS products_rejection_reason, products.image_url AS products_image_url, products.rating AS products_rating, products.reviews_count AS products_reviews_count, products.created_at AS products_created_at 
FROM products 
WHERE products.status = ? ORDER BY products.rating DESC, products.id DESC]
[parameters: ('ACTIVE',)]
(Background on this error at: https://sqlalche.me/e/20/e3q8)
2026-05-27 01:07:09 | INFO     | httpx | HTTP Request: GET http://testserver/api/v1/products/recommendations?limit=4 "HTTP/1.1 500 Internal Server Error"
2026-05-27 01:07:09 | ERROR    | mayss | Unhandled exception: (sqlite3.OperationalError) no such table: products
[SQL: SELECT products.id AS products_id, products.seller_id AS products_seller_id, products.category_id AS products_category_id, products.title AS products_title, products.description AS products_description, products.brand AS products_brand, products.price AS products_price, products.old_price AS products_old_price, products.stock AS products_stock, products.status AS products_status, products.rejection_reason AS products_rejection_reason, products.image_url AS products_image_url, products.rating AS products_rating, products.reviews_count AS products_reviews_count, products.created_at AS products_created_at 
FROM products 
WHERE products.status = ? AND (lower(products.title) LIKE lower(?) OR lower(products.description) LIKE lower(?)) ORDER BY products.id DESC]
[parameters: ('ACTIVE', '%наушники%', '%наушники%')]
(Background on this error at: https://sqlalche.me/e/20/e3q8)
2026-05-27 01:07:09 | INFO     | httpx | HTTP Request: GET http://testserver/api/v1/products?q=%D0%BD%D0%B0%D1%83%D1%88%D0%BD%D0%B8%D0%BA%D0%B8 "HTTP/1.1 500 Internal Server Error"
2026-05-27 01:07:09 | ERROR    | mayss | Unhandled exception: (sqlite3.OperationalError) no such table: seller_profiles
[SQL: SELECT seller_profiles.id AS seller_profiles_id, seller_profiles.user_id AS seller_profiles_user_id, seller_profiles.shop_name AS seller_profiles_shop_name, seller_profiles.description AS seller_profiles_description, seller_profiles.inn AS seller_profiles_inn, seller_profiles.is_verified AS seller_profiles_is_verified, seller_profiles.rejection_reason AS seller_profiles_rejection_reason, seller_profiles.rating AS seller_profiles_rating, seller_profiles.created_at AS seller_profiles_created_at 
FROM seller_profiles 
WHERE seller_profiles.id = ?
 LIMIT ? OFFSET ?]
[parameters: (1, 1, 0)]
(Background on this error at: https://sqlalche.me/e/20/e3q8)
2026-05-27 01:07:09 | INFO     | httpx | HTTP Request: GET http://testserver/api/v1/public/shops/1 "HTTP/1.1 500 Internal Server Error"
2026-05-27 01:07:09 | ERROR    | mayss | Unhandled exception: (sqlite3.OperationalError) no such table: users
[SQL: SELECT users.id AS users_id, users.email AS users_email, users.password_hash AS users_password_hash, users.full_name AS users_full_name, users.role AS users_role, users.is_active AS users_is_active, users.telegram_chat_id AS users_telegram_chat_id, users.created_at AS users_created_at 
FROM users 
WHERE users.email = ?
 LIMIT ? OFFSET ?]
[parameters: ('buyer@mayss.io', 1, 0)]
(Background on this error at: https://sqlalche.me/e/20/e3q8)
2026-05-27 01:07:09 | INFO     | httpx | HTTP Request: POST http://testserver/api/v1/auth/login "HTTP/1.1 500 Internal Server Error"
2026-05-27 01:07:09 | ERROR    | mayss | Unhandled exception: (sqlite3.OperationalError) no such table: users
[SQL: SELECT users.id AS users_id, users.email AS users_email, users.password_hash AS users_password_hash, users.full_name AS users_full_name, users.role AS users_role, users.is_active AS users_is_active, users.telegram_chat_id AS users_telegram_chat_id, users.created_at AS users_created_at 
FROM users 
WHERE users.email = ?
 LIMIT ? OFFSET ?]
[parameters: ('buyer@mayss.io', 1, 0)]
(Background on this error at: https://sqlalche.me/e/20/e3q8)
2026-05-27 01:07:09 | INFO     | httpx | HTTP Request: POST http://testserver/api/v1/auth/login "HTTP/1.1 500 Internal Server Error"
2026-05-27 01:07:09 | ERROR    | mayss | Unhandled exception: (sqlite3.OperationalError) no such table: products
[SQL: SELECT count(*) AS count_1 
FROM (SELECT products.id AS products_id, products.seller_id AS products_seller_id, products.category_id AS products_category_id, products.title AS products_title, products.description AS products_description, products.brand AS products_brand, products.price AS products_price, products.old_price AS products_old_price, products.stock AS products_stock, products.status AS products_status, products.rejection_reason AS products_rejection_reason, products.image_url AS products_image_url, products.rating AS products_rating, products.reviews_count AS products_reviews_count, products.created_at AS products_created_at 
FROM products 
WHERE products.status = ? ORDER BY products.price ASC) AS anon_1]
[parameters: ('ACTIVE',)]
(Background on this error at: https://sqlalche.me/e/20/e3q8)
2026-05-27 01:07:09 | INFO     | httpx | HTTP Request: GET http://testserver/api/v1/products?sort=price_asc&page_size=5 "HTTP/1.1 500 Internal Server Error"
2026-05-27 01:07:09 | INFO     | mayss | RES | IP: testclient | GET /health | Status: 200 | Time: 0.37ms
2026-05-27 01:07:09 | INFO     | httpx | HTTP Request: GET http://testserver/health "HTTP/1.1 200 OK"
2026-05-27 01:07:09 | ERROR    | mayss | Unhandled exception: (sqlite3.OperationalError) no such table: categories
[SQL: SELECT categories.id AS categories_id, categories.slug AS categories_slug, categories.name AS categories_name, categories.parent_id AS categories_parent_id 
FROM categories ORDER BY categories.id]
(Background on this error at: https://sqlalche.me/e/20/e3q8)
2026-05-27 01:07:09 | INFO     | httpx | HTTP Request: GET http://testserver/api/v1/categories "HTTP/1.1 500 Internal Server Error"
2026-05-27 01:07:09 | ERROR    | mayss | Unhandled exception: (sqlite3.OperationalError) no such table: products
[SQL: SELECT count(*) AS count_1 
FROM (SELECT products.id AS products_id, products.seller_id AS products_seller_id, products.category_id AS products_category_id, products.title AS products_title, products.description AS products_description, products.brand AS products_brand, products.price AS products_price, products.old_price AS products_old_price, products.stock AS products_stock, products.status AS products_status, products.rejection_reason AS products_rejection_reason, products.image_url AS products_image_url, products.rating AS products_rating, products.reviews_count AS products_reviews_count, products.created_at AS products_created_at 
FROM products 
WHERE products.status = ? AND products.price <= ? ORDER BY products.id DESC) AS anon_1]
[parameters: ('ACTIVE', 5000.0)]
(Background on this error at: https://sqlalche.me/e/20/e3q8)
2026-05-27 01:07:09 | INFO     | httpx | HTTP Request: GET http://testserver/api/v1/products?max_price=5000 "HTTP/1.1 500 Internal Server Error"
2026-05-27 01:07:09 | ERROR    | mayss | Unhandled exception: (sqlite3.OperationalError) no such table: users
[SQL: SELECT users.id AS users_id, users.email AS users_email, users.password_hash AS users_password_hash, users.full_name AS users_full_name, users.role AS users_role, users.is_active AS users_is_active, users.telegram_chat_id AS users_telegram_chat_id, users.created_at AS users_created_at 
FROM users 
WHERE users.email = ?
 LIMIT ? OFFSET ?]
[parameters: ('buyer@mayss.io', 1, 0)]
(Background on this error at: https://sqlalche.me/e/20/e3q8)
2026-05-27 01:07:09 | INFO     | httpx | HTTP Request: POST http://testserver/api/v1/auth/login "HTTP/1.1 500 Internal Server Error"
2026-05-27 01:07:09 | INFO     | mayss | RES | IP: testclient | GET /api/v1/cart | Status: 401 | Time: 0.16ms
2026-05-27 01:07:09 | INFO     | httpx | HTTP Request: GET http://testserver/api/v1/cart "HTTP/1.1 401 Unauthorized"
2026-05-27 01:07:09 | ERROR    | mayss | Unhandled exception: (sqlite3.OperationalError) no such table: users
[SQL: SELECT users.id AS users_id, users.email AS users_email, users.password_hash AS users_password_hash, users.full_name AS users_full_name, users.role AS users_role, users.is_active AS users_is_active, users.telegram_chat_id AS users_telegram_chat_id, users.created_at AS users_created_at 
FROM users 
WHERE users.email = ?
 LIMIT ? OFFSET ?]
[parameters: ('buyer@mayss.io', 1, 0)]
(Background on this error at: https://sqlalche.me/e/20/e3q8)
2026-05-27 01:07:09 | INFO     | httpx | HTTP Request: POST http://testserver/api/v1/auth/login "HTTP/1.1 500 Internal Server Error"
2026-05-27 01:07:09 | ERROR    | mayss | Unhandled exception: (sqlite3.OperationalError) no such table: users
[SQL: SELECT users.id AS users_id, users.email AS users_email, users.password_hash AS users_password_hash, users.full_name AS users_full_name, users.role AS users_role, users.is_active AS users_is_active, users.telegram_chat_id AS users_telegram_chat_id, users.created_at AS users_created_at 
FROM users 
WHERE users.email = ?
 LIMIT ? OFFSET ?]
[parameters: ('buyer@mayss.io', 1, 0)]
(Background on this error at: https://sqlalche.me/e/20/e3q8)
2026-05-27 01:07:09 | INFO     | httpx | HTTP Request: POST http://testserver/api/v1/auth/login "HTTP/1.1 500 Internal Server Error"
2026-05-27 01:07:09 | ERROR    | mayss | Unhandled exception: (sqlite3.OperationalError) no such table: users
[SQL: SELECT users.id AS users_id, users.email AS users_email, users.password_hash AS users_password_hash, users.full_name AS users_full_name, users.role AS users_role, users.is_active AS users_is_active, users.telegram_chat_id AS users_telegram_chat_id, users.created_at AS users_created_at 
FROM users 
WHERE users.email = ?
 LIMIT ? OFFSET ?]
[parameters: ('buyer@mayss.io', 1, 0)]
(Background on this error at: https://sqlalche.me/e/20/e3q8)
2026-05-27 01:07:09 | INFO     | httpx | HTTP Request: POST http://testserver/api/v1/auth/login "HTTP/1.1 500 Internal Server Error"
2026-05-27 01:07:09 | ERROR    | mayss | Unhandled exception: (sqlite3.OperationalError) no such table: users
[SQL: SELECT users.id AS users_id, users.email AS users_email, users.password_hash AS users_password_hash, users.full_name AS users_full_name, users.role AS users_role, users.is_active AS users_is_active, users.telegram_chat_id AS users_telegram_chat_id, users.created_at AS users_created_at 
FROM users 
WHERE users.email = ?
 LIMIT ? OFFSET ?]
[parameters: ('admin@mayss.io', 1, 0)]
(Background on this error at: https://sqlalche.me/e/20/e3q8)
2026-05-27 01:07:09 | INFO     | httpx | HTTP Request: POST http://testserver/api/v1/auth/login "HTTP/1.1 500 Internal Server Error"
2026-05-27 01:07:09 | ERROR    | mayss | Unhandled exception: (sqlite3.OperationalError) no such table: users
[SQL: SELECT users.id AS users_id, users.email AS users_email, users.password_hash AS users_password_hash, users.full_name AS users_full_name, users.role AS users_role, users.is_active AS users_is_active, users.telegram_chat_id AS users_telegram_chat_id, users.created_at AS users_created_at 
FROM users 
WHERE users.email = ?
 LIMIT ? OFFSET ?]
[parameters: ('buyer@mayss.io', 1, 0)]
(Background on this error at: https://sqlalche.me/e/20/e3q8)
2026-05-27 01:07:09 | INFO     | httpx | HTTP Request: POST http://testserver/api/v1/auth/login "HTTP/1.1 500 Internal Server Error"
2026-05-27 01:07:09 | ERROR    | mayss | Unhandled exception: (sqlite3.OperationalError) no such table: users
[SQL: SELECT users.id AS users_id, users.email AS users_email, users.password_hash AS users_password_hash, users.full_name AS users_full_name, users.role AS users_role, users.is_active AS users_is_active, users.telegram_chat_id AS users_telegram_chat_id, users.created_at AS users_created_at 
FROM users 
WHERE users.email = ?
 LIMIT ? OFFSET ?]
[parameters: ('admin@mayss.io', 1, 0)]
(Background on this error at: https://sqlalche.me/e/20/e3q8)
2026-05-27 01:07:09 | INFO     | httpx | HTTP Request: POST http://testserver/api/v1/auth/login "HTTP/1.1 500 Internal Server Error"
2026-05-27 01:07:09 | ERROR    | mayss | Unhandled exception: (sqlite3.OperationalError) no such table: users
[SQL: SELECT users.id AS users_id, users.email AS users_email, users.password_hash AS users_password_hash, users.full_name AS users_full_name, users.role AS users_role, users.is_active AS users_is_active, users.telegram_chat_id AS users_telegram_chat_id, users.created_at AS users_created_at 
FROM users 
WHERE users.email = ?
 LIMIT ? OFFSET ?]
[parameters: ('admin@mayss.io', 1, 0)]
(Background on this error at: https://sqlalche.me/e/20/e3q8)
2026-05-27 01:07:09 | INFO     | httpx | HTTP Request: POST http://testserver/api/v1/auth/login "HTTP/1.1 500 Internal Server Error"
2026-05-27 01:07:09 | ERROR    | mayss | Unhandled exception: (sqlite3.OperationalError) no such table: users
[SQL: SELECT users.id AS users_id, users.email AS users_email, users.password_hash AS users_password_hash, users.full_name AS users_full_name, users.role AS users_role, users.is_active AS users_is_active, users.telegram_chat_id AS users_telegram_chat_id, users.created_at AS users_created_at 
FROM users 
WHERE users.email = ?
 LIMIT ? OFFSET ?]
[parameters: ('seller1@mayss.io', 1, 0)]
(Background on this error at: https://sqlalche.me/e/20/e3q8)
2026-05-27 01:07:09 | INFO     | httpx | HTTP Request: POST http://testserver/api/v1/auth/login "HTTP/1.1 500 Internal Server Error"
2026-05-27 01:07:09 | ERROR    | mayss | Unhandled exception: (sqlite3.OperationalError) no such table: users
[SQL: SELECT users.id AS users_id, users.email AS users_email, users.password_hash AS users_password_hash, users.full_name AS users_full_name, users.role AS users_role, users.is_active AS users_is_active, users.telegram_chat_id AS users_telegram_chat_id, users.created_at AS users_created_at 
FROM users 
WHERE users.email = ?
 LIMIT ? OFFSET ?]
[parameters: ('seller1@mayss.io', 1, 0)]
(Background on this error at: https://sqlalche.me/e/20/e3q8)
2026-05-27 01:07:09 | INFO     | httpx | HTTP Request: POST http://testserver/api/v1/auth/login "HTTP/1.1 500 Internal Server Error"
2026-05-27 01:07:09 | ERROR    | mayss | Unhandled exception: (sqlite3.OperationalError) no such table: users
[SQL: SELECT users.id AS users_id, users.email AS users_email, users.password_hash AS users_password_hash, users.full_name AS users_full_name, users.role AS users_role, users.is_active AS users_is_active, users.telegram_chat_id AS users_telegram_chat_id, users.created_at AS users_created_at 
FROM users 
WHERE users.email = ?
 LIMIT ? OFFSET ?]
[parameters: ('buyer@mayss.io', 1, 0)]
(Background on this error at: https://sqlalche.me/e/20/e3q8)
2026-05-27 01:07:09 | INFO     | httpx | HTTP Request: POST http://testserver/api/v1/auth/login "HTTP/1.1 500 Internal Server Error"
2026-05-27 01:07:09 | ERROR    | mayss | Unhandled exception: (sqlite3.OperationalError) no such table: users
[SQL: SELECT users.id AS users_id, users.email AS users_email, users.password_hash AS users_password_hash, users.full_name AS users_full_name, users.role AS users_role, users.is_active AS users_is_active, users.telegram_chat_id AS users_telegram_chat_id, users.created_at AS users_created_at 
FROM users 
WHERE users.email = ?
 LIMIT ? OFFSET ?]
[parameters: ('admin@mayss.io', 1, 0)]
(Background on this error at: https://sqlalche.me/e/20/e3q8)
2026-05-27 01:07:09 | INFO     | httpx | HTTP Request: POST http://testserver/api/v1/auth/login "HTTP/1.1 500 Internal Server Error"
2026-05-27 01:07:09 | ERROR    | mayss | Unhandled exception: (sqlite3.OperationalError) no such table: users
[SQL: SELECT users.id AS users_id, users.email AS users_email, users.password_hash AS users_password_hash, users.full_name AS users_full_name, users.role AS users_role, users.is_active AS users_is_active, users.telegram_chat_id AS users_telegram_chat_id, users.created_at AS users_created_at 
FROM users 
WHERE users.email = ?
 LIMIT ? OFFSET ?]
[parameters: ('admin@mayss.io', 1, 0)]
(Background on this error at: https://sqlalche.me/e/20/e3q8)
2026-05-27 01:07:09 | INFO     | httpx | HTTP Request: POST http://testserver/api/v1/auth/login "HTTP/1.1 500 Internal Server Error"
2026-05-27 01:07:09 | ERROR    | mayss | Unhandled exception: (sqlite3.OperationalError) no such table: users
[SQL: SELECT users.id AS users_id, users.email AS users_email, users.password_hash AS users_password_hash, users.full_name AS users_full_name, users.role AS users_role, users.is_active AS users_is_active, users.telegram_chat_id AS users_telegram_chat_id, users.created_at AS users_created_at 
FROM users 
WHERE users.email = ?
 LIMIT ? OFFSET ?]
[parameters: ('buyer@mayss.io', 1, 0)]
(Background on this error at: https://sqlalche.me/e/20/e3q8)
2026-05-27 01:07:09 | INFO     | httpx | HTTP Request: POST http://testserver/api/v1/auth/login "HTTP/1.1 500 Internal Server Error"
2026-05-27 01:07:09 | ERROR    | mayss | Unhandled exception: (sqlite3.OperationalError) no such table: users
[SQL: SELECT users.id AS users_id, users.email AS users_email, users.password_hash AS users_password_hash, users.full_name AS users_full_name, users.role AS users_role, users.is_active AS users_is_active, users.telegram_chat_id AS users_telegram_chat_id, users.created_at AS users_created_at 
FROM users 
WHERE users.email = ?
 LIMIT ? OFFSET ?]
[parameters: ('buyer@mayss.io', 1, 0)]
(Background on this error at: https://sqlalche.me/e/20/e3q8)
2026-05-27 01:07:09 | INFO     | httpx | HTTP Request: POST http://testserver/api/v1/auth/login "HTTP/1.1 500 Internal Server Error"
2026-05-27 01:07:09 | ERROR    | mayss | Unhandled exception: (sqlite3.OperationalError) no such table: users
[SQL: SELECT users.id AS users_id, users.email AS users_email, users.password_hash AS users_password_hash, users.full_name AS users_full_name, users.role AS users_role, users.is_active AS users_is_active, users.telegram_chat_id AS users_telegram_chat_id, users.created_at AS users_created_at 
FROM users 
WHERE users.email = ?
 LIMIT ? OFFSET ?]
[parameters: ('buyer@mayss.io', 1, 0)]
(Background on this error at: https://sqlalche.me/e/20/e3q8)
2026-05-27 01:07:09 | INFO     | httpx | HTTP Request: POST http://testserver/api/v1/auth/login "HTTP/1.1 500 Internal Server Error"
2026-05-27 01:07:09 | ERROR    | mayss | Unhandled exception: (sqlite3.OperationalError) no such table: users
[SQL: SELECT users.id AS users_id, users.email AS users_email, users.password_hash AS users_password_hash, users.full_name AS users_full_name, users.role AS users_role, users.is_active AS users_is_active, users.telegram_chat_id AS users_telegram_chat_id, users.created_at AS users_created_at 
FROM users 
WHERE users.email = ?
 LIMIT ? OFFSET ?]
[parameters: ('buyer@mayss.io', 1, 0)]
(Background on this error at: https://sqlalche.me/e/20/e3q8)
2026-05-27 01:07:09 | INFO     | httpx | HTTP Request: POST http://testserver/api/v1/auth/login "HTTP/1.1 500 Internal Server Error"
2026-05-27 01:07:09 | ERROR    | mayss | Unhandled exception: (sqlite3.OperationalError) no such table: users
[SQL: SELECT users.id AS users_id, users.email AS users_email, users.password_hash AS users_password_hash, users.full_name AS users_full_name, users.role AS users_role, users.is_active AS users_is_active, users.telegram_chat_id AS users_telegram_chat_id, users.created_at AS users_created_at 
FROM users 
WHERE users.email = ?
 LIMIT ? OFFSET ?]
[parameters: ('admin@mayss.io', 1, 0)]
(Background on this error at: https://sqlalche.me/e/20/e3q8)
2026-05-27 01:07:09 | INFO     | httpx | HTTP Request: POST http://testserver/api/v1/auth/login "HTTP/1.1 500 Internal Server Error"
2026-05-27 01:07:09 | ERROR    | mayss | Unhandled exception: (sqlite3.OperationalError) no such table: users
[SQL: SELECT users.id AS users_id, users.email AS users_email, users.password_hash AS users_password_hash, users.full_name AS users_full_name, users.role AS users_role, users.is_active AS users_is_active, users.telegram_chat_id AS users_telegram_chat_id, users.created_at AS users_created_at 
FROM users 
WHERE users.email = ?
 LIMIT ? OFFSET ?]
[parameters: ('admin@mayss.io', 1, 0)]
(Background on this error at: https://sqlalche.me/e/20/e3q8)
2026-05-27 01:07:09 | INFO     | httpx | HTTP Request: POST http://testserver/api/v1/auth/login "HTTP/1.1 500 Internal Server Error"
2026-05-27 01:07:09 | ERROR    | mayss | Unhandled exception: (sqlite3.OperationalError) no such table: users
[SQL: SELECT users.id AS users_id, users.email AS users_email, users.password_hash AS users_password_hash, users.full_name AS users_full_name, users.role AS users_role, users.is_active AS users_is_active, users.telegram_chat_id AS users_telegram_chat_id, users.created_at AS users_created_at 
FROM users 
WHERE users.email = ?
 LIMIT ? OFFSET ?]
[parameters: ('unverified-promo@mayss.io', 1, 0)]
(Background on this error at: https://sqlalche.me/e/20/e3q8)
2026-05-27 01:07:09 | INFO     | httpx | HTTP Request: POST http://testserver/api/v1/auth/register "HTTP/1.1 500 Internal Server Error"
2026-05-27 01:07:09 | ERROR    | mayss | Unhandled exception: (sqlite3.OperationalError) no such table: users
[SQL: SELECT users.id AS users_id, users.email AS users_email, users.password_hash AS users_password_hash, users.full_name AS users_full_name, users.role AS users_role, users.is_active AS users_is_active, users.telegram_chat_id AS users_telegram_chat_id, users.created_at AS users_created_at 
FROM users 
WHERE users.email = ?
 LIMIT ? OFFSET ?]
[parameters: ('unverified-promo@mayss.io', 1, 0)]
(Background on this error at: https://sqlalche.me/e/20/e3q8)
2026-05-27 01:07:09 | INFO     | httpx | HTTP Request: POST http://testserver/api/v1/auth/login "HTTP/1.1 500 Internal Server Error"
2026-05-27 01:07:09 | ERROR    | mayss | Unhandled exception: (sqlite3.OperationalError) no such table: users
[SQL: SELECT users.id AS users_id, users.email AS users_email, users.password_hash AS users_password_hash, users.full_name AS users_full_name, users.role AS users_role, users.is_active AS users_is_active, users.telegram_chat_id AS users_telegram_chat_id, users.created_at AS users_created_at 
FROM users 
WHERE users.email = ?
 LIMIT ? OFFSET ?]
[parameters: ('admin@mayss.io', 1, 0)]
(Background on this error at: https://sqlalche.me/e/20/e3q8)
2026-05-27 01:07:09 | INFO     | httpx | HTTP Request: POST http://testserver/api/v1/auth/login "HTTP/1.1 500 Internal Server Error"
2026-05-27 01:07:09 | ERROR    | mayss | Unhandled exception: (sqlite3.OperationalError) no such table: users
[SQL: SELECT users.id AS users_id, users.email AS users_email, users.password_hash AS users_password_hash, users.full_name AS users_full_name, users.role AS users_role, users.is_active AS users_is_active, users.telegram_chat_id AS users_telegram_chat_id, users.created_at AS users_created_at 
FROM users 
WHERE users.email = ?
 LIMIT ? OFFSET ?]
[parameters: ('buyer@mayss.io', 1, 0)]
(Background on this error at: https://sqlalche.me/e/20/e3q8)
2026-05-27 01:07:09 | INFO     | httpx | HTTP Request: POST http://testserver/api/v1/auth/login "HTTP/1.1 500 Internal Server Error"
2026-05-27 01:07:09 | ERROR    | mayss | Unhandled exception: (sqlite3.OperationalError) no such table: users
[SQL: SELECT users.id AS users_id, users.email AS users_email, users.password_hash AS users_password_hash, users.full_name AS users_full_name, users.role AS users_role, users.is_active AS users_is_active, users.telegram_chat_id AS users_telegram_chat_id, users.created_at AS users_created_at 
FROM users 
WHERE users.email = ?
 LIMIT ? OFFSET ?]
[parameters: ('no-prod@mayss.io', 1, 0)]
(Background on this error at: https://sqlalche.me/e/20/e3q8)
2026-05-27 01:07:09 | INFO     | httpx | HTTP Request: POST http://testserver/api/v1/auth/register "HTTP/1.1 500 Internal Server Error"
2026-05-27 01:07:09 | ERROR    | mayss | Unhandled exception: (sqlite3.OperationalError) no such table: users
[SQL: SELECT users.id AS users_id, users.email AS users_email, users.password_hash AS users_password_hash, users.full_name AS users_full_name, users.role AS users_role, users.is_active AS users_is_active, users.telegram_chat_id AS users_telegram_chat_id, users.created_at AS users_created_at 
FROM users 
WHERE users.email = ?
 LIMIT ? OFFSET ?]
[parameters: ('no-prod@mayss.io', 1, 0)]
(Background on this error at: https://sqlalche.me/e/20/e3q8)
2026-05-27 01:07:09 | INFO     | httpx | HTTP Request: POST http://testserver/api/v1/auth/login "HTTP/1.1 500 Internal Server Error"
2026-05-27 01:07:09 | INFO     | mayss | RES | IP: testclient | POST /api/v1/notifications/telegram/webhook | Status: 200 | Time: 105.74ms
2026-05-27 01:07:09 | INFO     | httpx | HTTP Request: POST http://testserver/api/v1/notifications/telegram/webhook "HTTP/1.1 200 OK"
2026-05-27 01:07:09 | INFO     | mayss | RES | IP: testclient | GET /api/v1/notifications/push/public-key | Status: 503 | Time: 0.40ms
2026-05-27 01:07:09 | INFO     | httpx | HTTP Request: GET http://testserver/api/v1/notifications/push/public-key "HTTP/1.1 503 Service Unavailable"
2026-05-27 01:07:09 | ERROR    | mayss | Unhandled exception: (sqlite3.OperationalError) no such table: users
[SQL: SELECT users.id AS users_id, users.email AS users_email, users.password_hash AS users_password_hash, users.full_name AS users_full_name, users.role AS users_role, users.is_active AS users_is_active, users.telegram_chat_id AS users_telegram_chat_id, users.created_at AS users_created_at 
FROM users 
WHERE users.email = ?
 LIMIT ? OFFSET ?]
[parameters: ('buyer@mayss.io', 1, 0)]
(Background on this error at: https://sqlalche.me/e/20/e3q8)
2026-05-27 01:07:09 | INFO     | httpx | HTTP Request: POST http://testserver/api/v1/auth/login "HTTP/1.1 500 Internal Server Error"
2026-05-27 01:07:24 | INFO     | app.core.logger | Система логирования инициализирована. Debug режим: False
2026-05-27 01:07:24 | INFO     | mayss | Starting MAYSS Marketplace API
2026-05-27 01:07:38 | INFO     | mayss | RES | IP: testclient | GET /api/v1/categories | Status: 200 | Time: 2.38ms
2026-05-27 01:07:38 | INFO     | httpx | HTTP Request: GET http://testserver/api/v1/categories "HTTP/1.1 200 OK"
2026-05-27 01:08:14 | INFO     | app.core.logger | Система логирования инициализирована. Debug режим: False
2026-05-27 01:08:14 | INFO     | mayss | Starting MAYSS Marketplace API
2026-05-27 01:08:27 | INFO     | mayss | Created new bonus wallet for user 1
2026-05-27 01:08:27 | INFO     | mayss | Created new bonus wallet for user 1
2026-05-27 01:08:27 | INFO     | mayss | Created new bonus wallet for user 1
2026-05-27 01:08:27 | INFO     | mayss | Created new bonus wallet for user 1
2026-05-27 01:08:27 | INFO     | mayss | Earned 30.00 bonuses for user 1, order 42
2026-05-27 01:08:27 | INFO     | mayss | Created new bonus wallet for user 1
2026-05-27 01:08:27 | INFO     | mayss | Earned 50.00 bonuses for user 1, order 42
2026-05-27 01:08:27 | INFO     | mayss | Created new bonus wallet for user 1
2026-05-27 01:08:27 | INFO     | mayss | Earned 30.00 bonuses for user 1, order 42
2026-05-27 01:08:27 | INFO     | mayss | Created new bonus wallet for user 1
2026-05-27 01:08:27 | INFO     | mayss | Created new bonus wallet for user 1
2026-05-27 01:08:27 | INFO     | mayss | Spent 50.00 bonuses for user 1, order 42
2026-05-27 01:08:27 | INFO     | mayss | Created new bonus wallet for user 1
2026-05-27 01:08:27 | INFO     | mayss | Spent 500.00 bonuses for user 1, order 42
2026-05-27 01:08:27 | INFO     | mayss | Created new bonus wallet for user 1
2026-05-27 01:08:27 | WARNING  | mayss | User 1 insufficient bonuses: has 10.00, needs 50.00
2026-05-27 01:08:27 | INFO     | mayss | Created new bonus wallet for user 1
2026-05-27 01:08:27 | INFO     | mayss | Spent 50.00 bonuses for user 1, order 42
2026-05-27 01:08:27 | INFO     | mayss | Created new bonus wallet for user 1
2026-05-27 01:08:27 | INFO     | mayss | Adjusted 100.00 bonuses for user 1: Initial bonus
2026-05-27 01:08:27 | INFO     | mayss | Created new bonus wallet for user 1
2026-05-27 01:08:27 | INFO     | mayss | Adjusted -50.00 bonuses for user 1: Penalty
2026-05-27 01:08:27 | INFO     | mayss | Created new bonus wallet for user 1
2026-05-27 01:08:27 | WARNING  | mayss | User 1 bonus balance adjusted below 0, clamped to 0
2026-05-27 01:08:27 | INFO     | mayss | Adjusted -100.00 bonuses for user 1: Overpayment correction
2026-05-27 01:08:27 | INFO     | mayss | Created new bonus wallet for user 1
2026-05-27 01:08:27 | INFO     | mayss | Earned 30.00 bonuses for user 1, order 1
2026-05-27 01:08:27 | INFO     | mayss | Earned 15.00 bonuses for user 1, order 2
2026-05-27 01:08:27 | INFO     | mayss | Created new bonus wallet for user 1
2026-05-27 01:08:27 | INFO     | mayss | Earned 30.00 bonuses for user 1, order 1
2026-05-27 01:08:27 | INFO     | mayss | Spent 50 bonuses for user 1, order 2
2026-05-27 01:08:27 | INFO     | mayss | Created new bonus wallet for user 1
2026-05-27 01:08:27 | INFO     | mayss | Earned 3.00 bonuses for user 1, order 0
2026-05-27 01:08:27 | INFO     | mayss | Earned 3.00 bonuses for user 1, order 1
2026-05-27 01:08:27 | INFO     | mayss | Earned 3.00 bonuses for user 1, order 2
2026-05-27 01:08:27 | INFO     | mayss | Earned 3.00 bonuses for user 1, order 3
2026-05-27 01:08:27 | INFO     | mayss | Earned 3.00 bonuses for user 1, order 4
2026-05-27 01:08:27 | INFO     | mayss | Earned 3.00 bonuses for user 1, order 5
2026-05-27 01:08:27 | INFO     | mayss | Earned 3.00 bonuses for user 1, order 6
2026-05-27 01:08:27 | INFO     | mayss | Earned 3.00 bonuses for user 1, order 7
2026-05-27 01:08:27 | INFO     | mayss | Earned 3.00 bonuses for user 1, order 8
2026-05-27 01:08:27 | INFO     | mayss | Earned 3.00 bonuses for user 1, order 9
2026-05-27 01:08:27 | INFO     | mayss | Earned 3.00 bonuses for user 1, order 10
2026-05-27 01:08:27 | INFO     | mayss | Earned 3.00 bonuses for user 1, order 11
2026-05-27 01:08:27 | INFO     | mayss | Earned 3.00 bonuses for user 1, order 12
2026-05-27 01:08:27 | INFO     | mayss | Earned 3.00 bonuses for user 1, order 13
2026-05-27 01:08:27 | INFO     | mayss | Earned 3.00 bonuses for user 1, order 14
2026-05-27 01:08:27 | INFO     | mayss | Earned 3.00 bonuses for user 1, order 15
2026-05-27 01:08:27 | INFO     | mayss | Earned 3.00 bonuses for user 1, order 16
2026-05-27 01:08:27 | INFO     | mayss | Earned 3.00 bonuses for user 1, order 17
2026-05-27 01:08:27 | INFO     | mayss | Earned 3.00 bonuses for user 1, order 18
2026-05-27 01:08:27 | INFO     | mayss | Earned 3.00 bonuses for user 1, order 19
2026-05-27 01:08:27 | INFO     | mayss | Earned 3.00 bonuses for user 1, order 20
2026-05-27 01:08:27 | INFO     | mayss | Earned 3.00 bonuses for user 1, order 21
2026-05-27 01:08:27 | INFO     | mayss | Earned 3.00 bonuses for user 1, order 22
2026-05-27 01:08:27 | INFO     | mayss | Earned 3.00 bonuses for user 1, order 23
2026-05-27 01:08:27 | INFO     | mayss | Earned 3.00 bonuses for user 1, order 24
2026-05-27 01:08:27 | INFO     | mayss | Earned 3.00 bonuses for user 1, order 25
2026-05-27 01:08:27 | INFO     | mayss | Earned 3.00 bonuses for user 1, order 26
2026-05-27 01:08:27 | INFO     | mayss | Earned 3.00 bonuses for user 1, order 27
2026-05-27 01:08:27 | INFO     | mayss | Earned 3.00 bonuses for user 1, order 28
2026-05-27 01:08:27 | INFO     | mayss | Earned 3.00 bonuses for user 1, order 29
2026-05-27 01:08:27 | INFO     | mayss | Earned 3.00 bonuses for user 1, order 30
2026-05-27 01:08:27 | INFO     | mayss | Earned 3.00 bonuses for user 1, order 31
2026-05-27 01:08:27 | INFO     | mayss | Earned 3.00 bonuses for user 1, order 32
2026-05-27 01:08:27 | INFO     | mayss | Earned 3.00 bonuses for user 1, order 33
2026-05-27 01:08:27 | INFO     | mayss | Earned 3.00 bonuses for user 1, order 34
2026-05-27 01:08:27 | INFO     | mayss | Earned 3.00 bonuses for user 1, order 35
2026-05-27 01:08:27 | INFO     | mayss | Earned 3.00 bonuses for user 1, order 36
2026-05-27 01:08:27 | INFO     | mayss | Earned 3.00 bonuses for user 1, order 37
2026-05-27 01:08:27 | INFO     | mayss | Earned 3.00 bonuses for user 1, order 38
2026-05-27 01:08:27 | INFO     | mayss | Earned 3.00 bonuses for user 1, order 39
2026-05-27 01:08:27 | INFO     | mayss | Earned 3.00 bonuses for user 1, order 40
2026-05-27 01:08:27 | INFO     | mayss | Earned 3.00 bonuses for user 1, order 41
2026-05-27 01:08:27 | INFO     | mayss | Earned 3.00 bonuses for user 1, order 42
2026-05-27 01:08:27 | INFO     | mayss | Earned 3.00 bonuses for user 1, order 43
2026-05-27 01:08:27 | INFO     | mayss | Earned 3.00 bonuses for user 1, order 44
2026-05-27 01:08:27 | INFO     | mayss | Earned 3.00 bonuses for user 1, order 45
2026-05-27 01:08:27 | INFO     | mayss | Earned 3.00 bonuses for user 1, order 46
2026-05-27 01:08:27 | INFO     | mayss | Earned 3.00 bonuses for user 1, order 47
2026-05-27 01:08:27 | INFO     | mayss | Earned 3.00 bonuses for user 1, order 48
2026-05-27 01:08:27 | INFO     | mayss | Earned 3.00 bonuses for user 1, order 49
2026-05-27 01:08:27 | INFO     | mayss | Earned 3.00 bonuses for user 1, order 50
2026-05-27 01:08:27 | INFO     | mayss | Earned 3.00 bonuses for user 1, order 51
2026-05-27 01:08:27 | INFO     | mayss | Earned 3.00 bonuses for user 1, order 52
2026-05-27 01:08:27 | INFO     | mayss | Earned 3.00 bonuses for user 1, order 53
2026-05-27 01:08:27 | INFO     | mayss | Earned 3.00 bonuses for user 1, order 54
2026-05-27 01:08:27 | INFO     | mayss | Earned 3.00 bonuses for user 1, order 55
2026-05-27 01:08:27 | INFO     | mayss | Earned 3.00 bonuses for user 1, order 56
2026-05-27 01:08:27 | INFO     | mayss | Earned 3.00 bonuses for user 1, order 57
2026-05-27 01:08:27 | INFO     | mayss | Earned 3.00 bonuses for user 1, order 58
2026-05-27 01:08:27 | INFO     | mayss | Earned 3.00 bonuses for user 1, order 59
2026-05-27 01:08:27 | INFO     | mayss | Earned 3.00 bonuses for user 1, order 60
2026-05-27 01:08:27 | INFO     | mayss | Earned 3.00 bonuses for user 1, order 61
2026-05-27 01:08:27 | INFO     | mayss | Earned 3.00 bonuses for user 1, order 62
2026-05-27 01:08:27 | INFO     | mayss | Earned 3.00 bonuses for user 1, order 63
2026-05-27 01:08:27 | INFO     | mayss | Earned 3.00 bonuses for user 1, order 64
2026-05-27 01:08:27 | INFO     | mayss | Earned 3.00 bonuses for user 1, order 65
2026-05-27 01:08:27 | INFO     | mayss | Earned 3.00 bonuses for user 1, order 66
2026-05-27 01:08:27 | INFO     | mayss | Earned 3.00 bonuses for user 1, order 67
2026-05-27 01:08:27 | INFO     | mayss | Earned 3.00 bonuses for user 1, order 68
2026-05-27 01:08:27 | INFO     | mayss | Earned 3.00 bonuses for user 1, order 69
2026-05-27 01:08:27 | INFO     | mayss | Earned 3.00 bonuses for user 1, order 70
2026-05-27 01:08:27 | INFO     | mayss | Earned 3.00 bonuses for user 1, order 71
2026-05-27 01:08:27 | INFO     | mayss | Earned 3.00 bonuses for user 1, order 72
2026-05-27 01:08:27 | INFO     | mayss | Earned 3.00 bonuses for user 1, order 73
2026-05-27 01:08:27 | INFO     | mayss | Earned 3.00 bonuses for user 1, order 74
2026-05-27 01:08:27 | INFO     | mayss | Earned 3.00 bonuses for user 1, order 75
2026-05-27 01:08:27 | INFO     | mayss | Earned 3.00 bonuses for user 1, order 76
2026-05-27 01:08:27 | INFO     | mayss | Earned 3.00 bonuses for user 1, order 77
2026-05-27 01:08:27 | INFO     | mayss | Earned 3.00 bonuses for user 1, order 78
2026-05-27 01:08:27 | INFO     | mayss | Earned 3.00 bonuses for user 1, order 79
2026-05-27 01:08:27 | INFO     | mayss | Earned 3.00 bonuses for user 1, order 80
2026-05-27 01:08:27 | INFO     | mayss | Earned 3.00 bonuses for user 1, order 81
2026-05-27 01:08:27 | INFO     | mayss | Earned 3.00 bonuses for user 1, order 82
2026-05-27 01:08:27 | INFO     | mayss | Earned 3.00 bonuses for user 1, order 83
2026-05-27 01:08:27 | INFO     | mayss | Earned 3.00 bonuses for user 1, order 84
2026-05-27 01:08:27 | INFO     | mayss | Earned 3.00 bonuses for user 1, order 85
2026-05-27 01:08:27 | INFO     | mayss | Earned 3.00 bonuses for user 1, order 86
2026-05-27 01:08:27 | INFO     | mayss | Earned 3.00 bonuses for user 1, order 87
2026-05-27 01:08:27 | INFO     | mayss | Earned 3.00 bonuses for user 1, order 88
2026-05-27 01:08:27 | INFO     | mayss | Earned 3.00 bonuses for user 1, order 89
2026-05-27 01:08:27 | INFO     | mayss | Earned 3.00 bonuses for user 1, order 90
2026-05-27 01:08:27 | INFO     | mayss | Earned 3.00 bonuses for user 1, order 91
2026-05-27 01:08:27 | INFO     | mayss | Earned 3.00 bonuses for user 1, order 92
2026-05-27 01:08:27 | INFO     | mayss | Earned 3.00 bonuses for user 1, order 93
2026-05-27 01:08:27 | INFO     | mayss | Earned 3.00 bonuses for user 1, order 94
2026-05-27 01:08:27 | INFO     | mayss | Earned 3.00 bonuses for user 1, order 95
2026-05-27 01:08:27 | INFO     | mayss | Earned 3.00 bonuses for user 1, order 96
2026-05-27 01:08:27 | INFO     | mayss | Earned 3.00 bonuses for user 1, order 97
2026-05-27 01:08:27 | INFO     | mayss | Earned 3.00 bonuses for user 1, order 98
2026-05-27 01:08:27 | INFO     | mayss | Earned 3.00 bonuses for user 1, order 99
2026-05-27 01:08:27 | INFO     | mayss | Created new bonus wallet for user 1
2026-05-27 01:08:27 | INFO     | mayss | Earned 30.00 bonuses for user 1, order 1
2026-05-27 01:08:27 | INFO     | mayss | Spent 10 bonuses for user 1, order 2
2026-05-27 01:08:27 | INFO     | mayss | RES | IP: testclient | GET /api/v1/products/recommendations | Status: 200 | Time: 4.32ms
2026-05-27 01:08:27 | INFO     | httpx | HTTP Request: GET http://testserver/api/v1/products/recommendations?limit=4 "HTTP/1.1 200 OK"
2026-05-27 01:08:27 | INFO     | mayss | RES | IP: testclient | GET /api/v1/products | Status: 200 | Time: 3.57ms
2026-05-27 01:08:27 | INFO     | httpx | HTTP Request: GET http://testserver/api/v1/products?q=%D0%BD%D0%B0%D1%83%D1%88%D0%BD%D0%B8%D0%BA%D0%B8 "HTTP/1.1 200 OK"
2026-05-27 01:08:27 | INFO     | mayss | RES | IP: testclient | GET /api/v1/public/shops/1 | Status: 200 | Time: 2.07ms
2026-05-27 01:08:27 | INFO     | httpx | HTTP Request: GET http://testserver/api/v1/public/shops/1 "HTTP/1.1 200 OK"
2026-05-27 01:08:28 | INFO     | mayss | RES | IP: testclient | POST /api/v1/auth/login | Status: 200 | Time: 224.93ms
2026-05-27 01:08:28 | INFO     | httpx | HTTP Request: POST http://testserver/api/v1/auth/login "HTTP/1.1 200 OK"
2026-05-27 01:08:28 | INFO     | mayss | RES | IP: testclient | POST /api/v1/auth/login | Status: 200 | Time: 215.09ms
2026-05-27 01:08:28 | INFO     | httpx | HTTP Request: POST http://testserver/api/v1/auth/login "HTTP/1.1 200 OK"
2026-05-27 01:08:28 | INFO     | mayss | RES | IP: testclient | POST /api/v1/support/tickets | Status: 200 | Time: 5.41ms
2026-05-27 01:08:28 | INFO     | httpx | HTTP Request: POST http://testserver/api/v1/support/tickets "HTTP/1.1 200 OK"
2026-05-27 01:08:28 | INFO     | mayss | RES | IP: testclient | POST /api/v1/admin/tickets/1/close | Status: 200 | Time: 2.61ms
2026-05-27 01:08:28 | INFO     | httpx | HTTP Request: POST http://testserver/api/v1/admin/tickets/1/close "HTTP/1.1 200 OK"
2026-05-27 01:08:28 | INFO     | mayss | RES | IP: testclient | POST /api/v1/auth/login | Status: 200 | Time: 217.43ms
2026-05-27 01:08:28 | INFO     | httpx | HTTP Request: POST http://testserver/api/v1/auth/login "HTTP/1.1 200 OK"
2026-05-27 01:08:28 | INFO     | mayss | RES | IP: testclient | POST /api/v1/auth/login | Status: 200 | Time: 218.12ms
2026-05-27 01:08:28 | INFO     | httpx | HTTP Request: POST http://testserver/api/v1/auth/login "HTTP/1.1 200 OK"
2026-05-27 01:08:28 | INFO     | mayss | RES | IP: testclient | POST /api/v1/support/tickets | Status: 200 | Time: 3.17ms
2026-05-27 01:08:28 | INFO     | httpx | HTTP Request: POST http://testserver/api/v1/support/tickets "HTTP/1.1 200 OK"
2026-05-27 01:08:28 | INFO     | mayss | RES | IP: testclient | POST /api/v1/admin/tickets/2/reply | Status: 200 | Time: 2.41ms
2026-05-27 01:08:28 | INFO     | httpx | HTTP Request: POST http://testserver/api/v1/admin/tickets/2/reply "HTTP/1.1 200 OK"
2026-05-27 01:08:28 | INFO     | mayss | RES | IP: testclient | GET /api/v1/products | Status: 200 | Time: 2.89ms
2026-05-27 01:08:28 | INFO     | httpx | HTTP Request: GET http://testserver/api/v1/products?sort=price_asc&page_size=5 "HTTP/1.1 200 OK"
2026-05-27 01:08:28 | INFO     | mayss | RES | IP: testclient | GET /health | Status: 200 | Time: 0.33ms
2026-05-27 01:08:28 | INFO     | httpx | HTTP Request: GET http://testserver/health "HTTP/1.1 200 OK"
2026-05-27 01:08:28 | INFO     | mayss | RES | IP: testclient | GET /api/v1/categories | Status: 200 | Time: 1.62ms
2026-05-27 01:08:28 | INFO     | httpx | HTTP Request: GET http://testserver/api/v1/categories "HTTP/1.1 200 OK"
2026-05-27 01:08:28 | INFO     | mayss | RES | IP: testclient | GET /api/v1/products | Status: 200 | Time: 2.52ms
2026-05-27 01:08:28 | INFO     | httpx | HTTP Request: GET http://testserver/api/v1/products?max_price=5000 "HTTP/1.1 200 OK"
2026-05-27 01:08:28 | INFO     | mayss | RES | IP: testclient | POST /api/v1/auth/login | Status: 401 | Time: 220.77ms
2026-05-27 01:08:28 | INFO     | httpx | HTTP Request: POST http://testserver/api/v1/auth/login "HTTP/1.1 401 Unauthorized"
2026-05-27 01:08:28 | INFO     | mayss | RES | IP: testclient | GET /api/v1/cart | Status: 401 | Time: 0.38ms
2026-05-27 01:08:28 | INFO     | httpx | HTTP Request: GET http://testserver/api/v1/cart "HTTP/1.1 401 Unauthorized"
2026-05-27 01:08:29 | INFO     | mayss | RES | IP: testclient | POST /api/v1/auth/login | Status: 200 | Time: 217.37ms
2026-05-27 01:08:29 | INFO     | httpx | HTTP Request: POST http://testserver/api/v1/auth/login "HTTP/1.1 200 OK"
2026-05-27 01:08:29 | INFO     | mayss | User 2 retrieved cart
2026-05-27 01:08:29 | INFO     | mayss | RES | IP: testclient | GET /api/v1/cart | Status: 200 | Time: 2.97ms
2026-05-27 01:08:29 | INFO     | httpx | HTTP Request: GET http://testserver/api/v1/cart "HTTP/1.1 200 OK"
2026-05-27 01:08:29 | INFO     | mayss | Added item 1 to cart
2026-05-27 01:08:29 | INFO     | mayss | RES | IP: testclient | POST /api/v1/cart/items | Status: 200 | Time: 4.66ms
2026-05-27 01:08:29 | INFO     | httpx | HTTP Request: POST http://testserver/api/v1/cart/items "HTTP/1.1 200 OK"
2026-05-27 01:08:29 | INFO     | mayss | Added item 2 to cart
2026-05-27 01:08:29 | INFO     | mayss | RES | IP: testclient | POST /api/v1/cart/items | Status: 200 | Time: 3.33ms
2026-05-27 01:08:29 | INFO     | httpx | HTTP Request: POST http://testserver/api/v1/cart/items "HTTP/1.1 200 OK"
2026-05-27 01:08:29 | INFO     | mayss | RES | IP: testclient | POST /api/v1/orders | Status: 200 | Time: 4.83ms
2026-05-27 01:08:29 | INFO     | httpx | HTTP Request: POST http://testserver/api/v1/orders "HTTP/1.1 200 OK"
2026-05-27 01:08:29 | INFO     | mayss | RES | IP: testclient | POST /api/v1/auth/login | Status: 200 | Time: 219.20ms
2026-05-27 01:08:29 | INFO     | httpx | HTTP Request: POST http://testserver/api/v1/auth/login "HTTP/1.1 200 OK"
2026-05-27 01:08:29 | INFO     | mayss | Added item 3 to cart
2026-05-27 01:08:29 | INFO     | mayss | RES | IP: testclient | POST /api/v1/cart/items | Status: 200 | Time: 3.52ms
2026-05-27 01:08:29 | INFO     | httpx | HTTP Request: POST http://testserver/api/v1/cart/items "HTTP/1.1 200 OK"
2026-05-27 01:08:29 | INFO     | mayss | RES | IP: testclient | POST /api/v1/orders | Status: 200 | Time: 3.01ms
2026-05-27 01:08:29 | INFO     | httpx | HTTP Request: POST http://testserver/api/v1/orders "HTTP/1.1 200 OK"
2026-05-27 01:08:29 | INFO     | mayss | RES | IP: testclient | POST /api/v1/payments | Status: 200 | Time: 65.66ms
2026-05-27 01:08:29 | INFO     | httpx | HTTP Request: POST http://testserver/api/v1/payments "HTTP/1.1 200 OK"
2026-05-27 01:08:29 | INFO     | mayss | RES | IP: testclient | POST /api/v1/payments | Status: 200 | Time: 1.51ms
2026-05-27 01:08:29 | INFO     | httpx | HTTP Request: POST http://testserver/api/v1/payments "HTTP/1.1 200 OK"
2026-05-27 01:08:29 | INFO     | mayss | RES | IP: testclient | POST /api/v1/auth/login | Status: 200 | Time: 217.68ms
2026-05-27 01:08:29 | INFO     | httpx | HTTP Request: POST http://testserver/api/v1/auth/login "HTTP/1.1 200 OK"
2026-05-27 01:08:29 | WARNING  | mayss | User 2 attempted admin action without permissions
2026-05-27 01:08:29 | INFO     | mayss | RES | IP: testclient | GET /api/v1/admin/stats | Status: 403 | Time: 1.74ms
2026-05-27 01:08:29 | INFO     | httpx | HTTP Request: GET http://testserver/api/v1/admin/stats "HTTP/1.1 403 Forbidden"
2026-05-27 01:08:29 | INFO     | mayss | RES | IP: testclient | POST /api/v1/auth/login | Status: 200 | Time: 216.08ms
2026-05-27 01:08:29 | INFO     | httpx | HTTP Request: POST http://testserver/api/v1/auth/login "HTTP/1.1 200 OK"
2026-05-27 01:08:29 | INFO     | mayss | RES | IP: testclient | GET /api/v1/admin/stats | Status: 200 | Time: 8.58ms
2026-05-27 01:08:29 | INFO     | httpx | HTTP Request: GET http://testserver/api/v1/admin/stats "HTTP/1.1 200 OK"
2026-05-27 01:08:30 | INFO     | mayss | RES | IP: testclient | POST /api/v1/auth/login | Status: 200 | Time: 216.76ms
2026-05-27 01:08:30 | INFO     | httpx | HTTP Request: POST http://testserver/api/v1/auth/login "HTTP/1.1 200 OK"
2026-05-27 01:08:30 | INFO     | mayss | RES | IP: testclient | POST /api/v1/reviews | Status: 403 | Time: 2.80ms
2026-05-27 01:08:30 | INFO     | httpx | HTTP Request: POST http://testserver/api/v1/reviews "HTTP/1.1 403 Forbidden"
2026-05-27 01:08:30 | INFO     | mayss | RES | IP: testclient | POST /api/v1/auth/login | Status: 200 | Time: 219.43ms
2026-05-27 01:08:30 | INFO     | httpx | HTTP Request: POST http://testserver/api/v1/auth/login "HTTP/1.1 200 OK"
2026-05-27 01:08:30 | INFO     | mayss | RES | IP: testclient | POST /api/v1/auth/register | Status: 200 | Time: 219.48ms
2026-05-27 01:08:30 | INFO     | httpx | HTTP Request: POST http://testserver/api/v1/auth/register "HTTP/1.1 200 OK"
2026-05-27 01:08:30 | INFO     | mayss | RES | IP: testclient | POST /api/v1/auth/login | Status: 200 | Time: 218.00ms
2026-05-27 01:08:30 | INFO     | httpx | HTTP Request: POST http://testserver/api/v1/auth/login "HTTP/1.1 200 OK"
2026-05-27 01:08:30 | INFO     | mayss | RES | IP: testclient | POST /api/v1/seller/profile | Status: 200 | Time: 5.07ms
2026-05-27 01:08:30 | INFO     | httpx | HTTP Request: POST http://testserver/api/v1/seller/profile "HTTP/1.1 200 OK"
2026-05-27 01:08:30 | INFO     | mayss | Админ 1 верифицировал магазин 9
2026-05-27 01:08:30 | INFO     | mayss | RES | IP: testclient | POST /api/v1/admin/sellers/9/moderate | Status: 200 | Time: 3.08ms
2026-05-27 01:08:30 | INFO     | httpx | HTTP Request: POST http://testserver/api/v1/admin/sellers/9/moderate "HTTP/1.1 200 OK"
2026-05-27 01:08:30 | INFO     | mayss | RES | IP: testclient | POST /api/v1/seller/products | Status: 200 | Time: 4.33ms
2026-05-27 01:08:30 | INFO     | httpx | HTTP Request: POST http://testserver/api/v1/seller/products "HTTP/1.1 200 OK"
2026-05-27 01:08:30 | INFO     | mayss | RES | IP: testclient | GET /api/v1/products/89 | Status: 404 | Time: 0.96ms
2026-05-27 01:08:30 | INFO     | httpx | HTTP Request: GET http://testserver/api/v1/products/89 "HTTP/1.1 404 Not Found"
2026-05-27 01:08:30 | INFO     | mayss | RES | IP: testclient | GET /api/v1/products/89 | Status: 200 | Time: 1.18ms
2026-05-27 01:08:30 | INFO     | httpx | HTTP Request: GET http://testserver/api/v1/products/89 "HTTP/1.1 200 OK"
2026-05-27 01:08:31 | INFO     | mayss | RES | IP: testclient | POST /api/v1/auth/login | Status: 200 | Time: 216.16ms
2026-05-27 01:08:31 | INFO     | httpx | HTTP Request: POST http://testserver/api/v1/auth/login "HTTP/1.1 200 OK"
2026-05-27 01:08:31 | INFO     | mayss | RES | IP: testclient | POST /api/v1/auth/register | Status: 200 | Time: 218.94ms
2026-05-27 01:08:31 | INFO     | httpx | HTTP Request: POST http://testserver/api/v1/auth/register "HTTP/1.1 200 OK"
2026-05-27 01:08:31 | INFO     | mayss | RES | IP: testclient | POST /api/v1/auth/login | Status: 200 | Time: 218.62ms
2026-05-27 01:08:31 | INFO     | httpx | HTTP Request: POST http://testserver/api/v1/auth/login "HTTP/1.1 200 OK"
2026-05-27 01:08:31 | INFO     | mayss | RES | IP: testclient | POST /api/v1/seller/profile | Status: 200 | Time: 2.86ms
2026-05-27 01:08:31 | INFO     | httpx | HTTP Request: POST http://testserver/api/v1/seller/profile "HTTP/1.1 200 OK"
2026-05-27 01:08:31 | INFO     | mayss | Админ 1 отклонил магазин 10
2026-05-27 01:08:31 | INFO     | mayss | RES | IP: testclient | POST /api/v1/admin/sellers/10/moderate | Status: 200 | Time: 2.50ms
2026-05-27 01:08:31 | INFO     | httpx | HTTP Request: POST http://testserver/api/v1/admin/sellers/10/moderate "HTTP/1.1 200 OK"
2026-05-27 01:08:31 | INFO     | mayss | RES | IP: testclient | GET /api/v1/seller/profile | Status: 200 | Time: 1.22ms
2026-05-27 01:08:31 | INFO     | httpx | HTTP Request: GET http://testserver/api/v1/seller/profile "HTTP/1.1 200 OK"
2026-05-27 01:08:31 | INFO     | mayss | RES | IP: testclient | POST /api/v1/auth/login | Status: 200 | Time: 217.33ms
2026-05-27 01:08:31 | INFO     | httpx | HTTP Request: POST http://testserver/api/v1/auth/login "HTTP/1.1 200 OK"
2026-05-27 01:08:31 | INFO     | mayss | RES | IP: testclient | PATCH /api/v1/seller/profile | Status: 200 | Time: 3.29ms
2026-05-27 01:08:31 | INFO     | httpx | HTTP Request: PATCH http://testserver/api/v1/seller/profile "HTTP/1.1 200 OK"
2026-05-27 01:08:31 | INFO     | mayss | RES | IP: testclient | POST /api/v1/auth/login | Status: 200 | Time: 217.64ms
2026-05-27 01:08:31 | INFO     | httpx | HTTP Request: POST http://testserver/api/v1/auth/login "HTTP/1.1 200 OK"
2026-05-27 01:08:31 | WARNING  | mayss | Seller 3 attempted action without verification
2026-05-27 01:08:31 | INFO     | mayss | RES | IP: testclient | GET /api/v1/seller/orders | Status: 403 | Time: 1.66ms
2026-05-27 01:08:31 | INFO     | httpx | HTTP Request: GET http://testserver/api/v1/seller/orders "HTTP/1.1 403 Forbidden"
2026-05-27 01:08:31 | WARNING  | mayss | Seller 3 attempted action without verification
2026-05-27 01:08:31 | INFO     | mayss | RES | IP: testclient | GET /api/v1/seller/products | Status: 403 | Time: 1.21ms
2026-05-27 01:08:31 | INFO     | httpx | HTTP Request: GET http://testserver/api/v1/seller/products "HTTP/1.1 403 Forbidden"
2026-05-27 01:08:32 | INFO     | mayss | RES | IP: testclient | POST /api/v1/auth/login | Status: 200 | Time: 217.54ms
2026-05-27 01:08:32 | INFO     | httpx | HTTP Request: POST http://testserver/api/v1/auth/login "HTTP/1.1 200 OK"
2026-05-27 01:08:32 | INFO     | mayss | User 2 retrieved cart
2026-05-27 01:08:32 | INFO     | mayss | RES | IP: testclient | GET /api/v1/cart | Status: 200 | Time: 1.92ms
2026-05-27 01:08:32 | INFO     | httpx | HTTP Request: GET http://testserver/api/v1/cart "HTTP/1.1 200 OK"
2026-05-27 01:08:32 | INFO     | mayss | Added item 2 to cart
2026-05-27 01:08:32 | INFO     | mayss | RES | IP: testclient | POST /api/v1/cart/items | Status: 200 | Time: 3.11ms
2026-05-27 01:08:32 | INFO     | httpx | HTTP Request: POST http://testserver/api/v1/cart/items "HTTP/1.1 200 OK"
2026-05-27 01:08:32 | INFO     | mayss | RES | IP: testclient | POST /api/v1/orders | Status: 200 | Time: 3.30ms
2026-05-27 01:08:32 | INFO     | httpx | HTTP Request: POST http://testserver/api/v1/orders "HTTP/1.1 200 OK"
2026-05-27 01:08:32 | INFO     | mayss | RES | IP: testclient | POST /api/v1/payments | Status: 200 | Time: 2.63ms
2026-05-27 01:08:32 | INFO     | httpx | HTTP Request: POST http://testserver/api/v1/payments "HTTP/1.1 200 OK"
2026-05-27 01:08:32 | INFO     | mayss | RES | IP: testclient | POST /api/v1/auth/login | Status: 200 | Time: 223.94ms
2026-05-27 01:08:32 | INFO     | httpx | HTTP Request: POST http://testserver/api/v1/auth/login "HTTP/1.1 200 OK"
2026-05-27 01:08:32 | WARNING  | mayss | Секьюрити: юзер 4 пытался сменить статус чужого заказа 596
2026-05-27 01:08:32 | INFO     | mayss | RES | IP: testclient | POST /api/v1/seller/orders/596/status | Status: 403 | Time: 3.51ms
2026-05-27 01:08:32 | INFO     | httpx | HTTP Request: POST http://testserver/api/v1/seller/orders/596/status?status=delivered "HTTP/1.1 403 Forbidden"
2026-05-27 01:08:32 | INFO     | mayss | RES | IP: testclient | POST /api/v1/auth/login | Status: 200 | Time: 218.55ms
2026-05-27 01:08:32 | INFO     | httpx | HTTP Request: POST http://testserver/api/v1/auth/login "HTTP/1.1 200 OK"
2026-05-27 01:08:32 | INFO     | mayss | RES | IP: testclient | POST /api/v1/auth/login | Status: 200 | Time: 217.34ms
2026-05-27 01:08:32 | INFO     | httpx | HTTP Request: POST http://testserver/api/v1/auth/login "HTTP/1.1 200 OK"
2026-05-27 01:08:32 | INFO     | mayss | User 2 retrieved cart
2026-05-27 01:08:32 | INFO     | mayss | RES | IP: testclient | GET /api/v1/cart | Status: 200 | Time: 1.82ms
2026-05-27 01:08:32 | INFO     | httpx | HTTP Request: GET http://testserver/api/v1/cart "HTTP/1.1 200 OK"
2026-05-27 01:08:32 | INFO     | mayss | Added item 3 to cart
2026-05-27 01:08:32 | INFO     | mayss | RES | IP: testclient | POST /api/v1/cart/items | Status: 200 | Time: 3.62ms
2026-05-27 01:08:32 | INFO     | httpx | HTTP Request: POST http://testserver/api/v1/cart/items "HTTP/1.1 200 OK"
2026-05-27 01:08:32 | INFO     | mayss | RES | IP: testclient | POST /api/v1/orders | Status: 200 | Time: 3.08ms
2026-05-27 01:08:32 | INFO     | httpx | HTTP Request: POST http://testserver/api/v1/orders "HTTP/1.1 200 OK"
2026-05-27 01:08:32 | INFO     | mayss | RES | IP: testclient | GET /api/v1/admin/orders/597 | Status: 200 | Time: 2.08ms
2026-05-27 01:08:32 | INFO     | httpx | HTTP Request: GET http://testserver/api/v1/admin/orders/597 "HTTP/1.1 200 OK"
2026-05-27 01:08:33 | INFO     | mayss | RES | IP: testclient | POST /api/v1/auth/login | Status: 200 | Time: 215.74ms
2026-05-27 01:08:33 | INFO     | httpx | HTTP Request: POST http://testserver/api/v1/auth/login "HTTP/1.1 200 OK"
2026-05-27 01:08:33 | INFO     | mayss | RES | IP: testclient | GET /api/v1/admin/sellers/2/analytics | Status: 200 | Time: 4.71ms
2026-05-27 01:08:33 | INFO     | httpx | HTTP Request: GET http://testserver/api/v1/admin/sellers/2/analytics "HTTP/1.1 200 OK"
2026-05-27 01:08:33 | INFO     | mayss | RES | IP: testclient | GET /api/v1/admin/users/2/analytics | Status: 200 | Time: 3.23ms
2026-05-27 01:08:33 | INFO     | httpx | HTTP Request: GET http://testserver/api/v1/admin/users/2/analytics "HTTP/1.1 200 OK"
2026-05-27 01:08:33 | INFO     | mayss | RES | IP: testclient | POST /api/v1/auth/login | Status: 200 | Time: 217.98ms
2026-05-27 01:08:33 | INFO     | httpx | HTTP Request: POST http://testserver/api/v1/auth/login "HTTP/1.1 200 OK"
2026-05-27 01:08:33 | INFO     | mayss | RES | IP: testclient | GET /api/v1/bonuses/balance | Status: 200 | Time: 1.74ms
2026-05-27 01:08:33 | INFO     | httpx | HTTP Request: GET http://testserver/api/v1/bonuses/balance "HTTP/1.1 200 OK"
2026-05-27 01:08:33 | INFO     | mayss | RES | IP: testclient | POST /api/v1/auth/login | Status: 200 | Time: 217.47ms
2026-05-27 01:08:33 | INFO     | httpx | HTTP Request: POST http://testserver/api/v1/auth/login "HTTP/1.1 200 OK"
2026-05-27 01:08:33 | INFO     | mayss | User 2 retrieved cart
2026-05-27 01:08:33 | INFO     | mayss | RES | IP: testclient | GET /api/v1/cart | Status: 200 | Time: 1.87ms
2026-05-27 01:08:33 | INFO     | httpx | HTTP Request: GET http://testserver/api/v1/cart "HTTP/1.1 200 OK"
2026-05-27 01:08:33 | INFO     | mayss | Added item 1 to cart
2026-05-27 01:08:33 | INFO     | mayss | RES | IP: testclient | POST /api/v1/cart/items | Status: 200 | Time: 3.04ms
2026-05-27 01:08:33 | INFO     | httpx | HTTP Request: POST http://testserver/api/v1/cart/items "HTTP/1.1 200 OK"
2026-05-27 01:08:33 | INFO     | mayss | RES | IP: testclient | POST /api/v1/promos/preview | Status: 200 | Time: 2.69ms
2026-05-27 01:08:33 | INFO     | httpx | HTTP Request: POST http://testserver/api/v1/promos/preview "HTTP/1.1 200 OK"
2026-05-27 01:08:33 | INFO     | mayss | RES | IP: testclient | POST /api/v1/auth/login | Status: 200 | Time: 219.74ms
2026-05-27 01:08:33 | INFO     | httpx | HTTP Request: POST http://testserver/api/v1/auth/login "HTTP/1.1 200 OK"
2026-05-27 01:08:33 | INFO     | mayss | User 2 retrieved cart
2026-05-27 01:08:33 | INFO     | mayss | RES | IP: testclient | GET /api/v1/cart | Status: 200 | Time: 1.99ms
2026-05-27 01:08:33 | INFO     | httpx | HTTP Request: GET http://testserver/api/v1/cart "HTTP/1.1 200 OK"
2026-05-27 01:08:33 | INFO     | mayss | Removed item 1 from cart
2026-05-27 01:08:33 | INFO     | mayss | RES | IP: testclient | DELETE /api/v1/cart/items/1 | Status: 200 | Time: 2.55ms
2026-05-27 01:08:33 | INFO     | httpx | HTTP Request: DELETE http://testserver/api/v1/cart/items/1 "HTTP/1.1 200 OK"
2026-05-27 01:08:33 | INFO     | mayss | Added item 1 to cart
2026-05-27 01:08:33 | INFO     | mayss | RES | IP: testclient | POST /api/v1/cart/items | Status: 200 | Time: 2.81ms
2026-05-27 01:08:33 | INFO     | httpx | HTTP Request: POST http://testserver/api/v1/cart/items "HTTP/1.1 200 OK"
2026-05-27 01:08:33 | INFO     | mayss | RES | IP: testclient | POST /api/v1/promos/preview | Status: 400 | Time: 1.19ms
2026-05-27 01:08:33 | INFO     | httpx | HTTP Request: POST http://testserver/api/v1/promos/preview "HTTP/1.1 400 Bad Request"
2026-05-27 01:08:34 | INFO     | mayss | RES | IP: testclient | POST /api/v1/auth/login | Status: 200 | Time: 219.04ms
2026-05-27 01:08:34 | INFO     | httpx | HTTP Request: POST http://testserver/api/v1/auth/login "HTTP/1.1 200 OK"
2026-05-27 01:08:34 | INFO     | mayss | User 2 retrieved cart
2026-05-27 01:08:34 | INFO     | mayss | RES | IP: testclient | GET /api/v1/cart | Status: 200 | Time: 1.99ms
2026-05-27 01:08:34 | INFO     | httpx | HTTP Request: GET http://testserver/api/v1/cart "HTTP/1.1 200 OK"
2026-05-27 01:08:34 | INFO     | mayss | Removed item 1 from cart
2026-05-27 01:08:34 | INFO     | mayss | RES | IP: testclient | DELETE /api/v1/cart/items/1 | Status: 200 | Time: 2.75ms
2026-05-27 01:08:34 | INFO     | httpx | HTTP Request: DELETE http://testserver/api/v1/cart/items/1 "HTTP/1.1 200 OK"
2026-05-27 01:08:34 | INFO     | mayss | Added item 3 to cart
2026-05-27 01:08:34 | INFO     | mayss | RES | IP: testclient | POST /api/v1/cart/items | Status: 200 | Time: 2.84ms
2026-05-27 01:08:34 | INFO     | httpx | HTTP Request: POST http://testserver/api/v1/cart/items "HTTP/1.1 200 OK"
2026-05-27 01:08:34 | INFO     | mayss | User 2 retrieved cart
2026-05-27 01:08:34 | INFO     | mayss | RES | IP: testclient | GET /api/v1/cart | Status: 200 | Time: 1.47ms
2026-05-27 01:08:34 | INFO     | httpx | HTTP Request: GET http://testserver/api/v1/cart "HTTP/1.1 200 OK"
2026-05-27 01:08:34 | INFO     | mayss | RES | IP: testclient | POST /api/v1/orders | Status: 200 | Time: 3.80ms
2026-05-27 01:08:34 | INFO     | httpx | HTTP Request: POST http://testserver/api/v1/orders "HTTP/1.1 200 OK"
2026-05-27 01:08:34 | INFO     | mayss | RES | IP: testclient | POST /api/v1/auth/login | Status: 200 | Time: 228.33ms
2026-05-27 01:08:34 | INFO     | httpx | HTTP Request: POST http://testserver/api/v1/auth/login "HTTP/1.1 200 OK"
2026-05-27 01:08:34 | INFO     | mayss | RES | IP: testclient | GET /api/v1/admin/promos | Status: 200 | Time: 2.07ms
2026-05-27 01:08:34 | INFO     | httpx | HTTP Request: GET http://testserver/api/v1/admin/promos "HTTP/1.1 200 OK"
2026-05-27 01:08:34 | INFO     | mayss | RES | IP: testclient | POST /api/v1/auth/login | Status: 200 | Time: 218.31ms
2026-05-27 01:08:34 | INFO     | httpx | HTTP Request: POST http://testserver/api/v1/auth/login "HTTP/1.1 200 OK"
2026-05-27 01:08:34 | INFO     | mayss | RES | IP: testclient | POST /api/v1/admin/promos | Status: 200 | Time: 30.59ms
2026-05-27 01:08:34 | INFO     | httpx | HTTP Request: POST http://testserver/api/v1/admin/promos "HTTP/1.1 200 OK"
2026-05-27 01:08:34 | INFO     | mayss | RES | IP: testclient | POST /api/v1/auth/register | Status: 200 | Time: 220.98ms
2026-05-27 01:08:34 | INFO     | httpx | HTTP Request: POST http://testserver/api/v1/auth/register "HTTP/1.1 200 OK"
2026-05-27 01:08:34 | INFO     | mayss | RES | IP: testclient | POST /api/v1/auth/login | Status: 200 | Time: 226.72ms
2026-05-27 01:08:34 | INFO     | httpx | HTTP Request: POST http://testserver/api/v1/auth/login "HTTP/1.1 200 OK"
2026-05-27 01:08:34 | INFO     | mayss | RES | IP: testclient | POST /api/v1/seller/profile | Status: 200 | Time: 3.29ms
2026-05-27 01:08:34 | INFO     | httpx | HTTP Request: POST http://testserver/api/v1/seller/profile "HTTP/1.1 200 OK"
2026-05-27 01:08:34 | INFO     | mayss | RES | IP: testclient | POST /api/v1/seller/promos | Status: 403 | Time: 1.44ms
2026-05-27 01:08:34 | INFO     | httpx | HTTP Request: POST http://testserver/api/v1/seller/promos "HTTP/1.1 403 Forbidden"
2026-05-27 01:08:35 | INFO     | mayss | RES | IP: testclient | POST /api/v1/auth/login | Status: 200 | Time: 216.45ms
2026-05-27 01:08:35 | INFO     | httpx | HTTP Request: POST http://testserver/api/v1/auth/login "HTTP/1.1 200 OK"
2026-05-27 01:08:35 | INFO     | mayss | RES | IP: testclient | POST /api/v1/auth/login | Status: 200 | Time: 219.26ms
2026-05-27 01:08:35 | INFO     | httpx | HTTP Request: POST http://testserver/api/v1/auth/login "HTTP/1.1 200 OK"
2026-05-27 01:08:35 | INFO     | mayss | RES | IP: testclient | POST /api/v1/seller/promos | Status: 200 | Time: 3.46ms
2026-05-27 01:08:35 | INFO     | httpx | HTTP Request: POST http://testserver/api/v1/seller/promos "HTTP/1.1 200 OK"
2026-05-27 01:08:35 | INFO     | mayss | RES | IP: testclient | POST /api/v1/auth/login | Status: 200 | Time: 216.00ms
2026-05-27 01:08:35 | INFO     | httpx | HTTP Request: POST http://testserver/api/v1/auth/login "HTTP/1.1 200 OK"
2026-05-27 01:08:35 | INFO     | mayss | User 2 retrieved cart
2026-05-27 01:08:35 | INFO     | mayss | RES | IP: testclient | GET /api/v1/cart | Status: 200 | Time: 1.71ms
2026-05-27 01:08:35 | INFO     | httpx | HTTP Request: GET http://testserver/api/v1/cart "HTTP/1.1 200 OK"
2026-05-27 01:08:35 | WARNING  | mayss | Insufficient stock for product 4
2026-05-27 01:08:35 | INFO     | mayss | RES | IP: testclient | POST /api/v1/cart/items | Status: 400 | Time: 1.19ms
2026-05-27 01:08:35 | INFO     | httpx | HTTP Request: POST http://testserver/api/v1/cart/items "HTTP/1.1 400 Bad Request"
2026-05-27 01:08:35 | INFO     | mayss | RES | IP: testclient | POST /api/v1/orders | Status: 400 | Time: 1.25ms
2026-05-27 01:08:35 | INFO     | httpx | HTTP Request: POST http://testserver/api/v1/orders "HTTP/1.1 400 Bad Request"
2026-05-27 01:08:35 | INFO     | mayss | RES | IP: testclient | POST /api/v1/auth/register | Status: 200 | Time: 218.84ms
2026-05-27 01:08:35 | INFO     | httpx | HTTP Request: POST http://testserver/api/v1/auth/register "HTTP/1.1 200 OK"
2026-05-27 01:08:36 | INFO     | mayss | RES | IP: testclient | POST /api/v1/auth/login | Status: 200 | Time: 216.96ms
2026-05-27 01:08:36 | INFO     | httpx | HTTP Request: POST http://testserver/api/v1/auth/login "HTTP/1.1 200 OK"
2026-05-27 01:08:36 | INFO     | mayss | RES | IP: testclient | POST /api/v1/seller/profile | Status: 200 | Time: 3.00ms
2026-05-27 01:08:36 | INFO     | httpx | HTTP Request: POST http://testserver/api/v1/seller/profile "HTTP/1.1 200 OK"
2026-05-27 01:08:36 | WARNING  | mayss | Seller 64 attempted action without verification
2026-05-27 01:08:36 | INFO     | mayss | RES | IP: testclient | POST /api/v1/seller/products | Status: 403 | Time: 1.31ms
2026-05-27 01:08:36 | INFO     | httpx | HTTP Request: POST http://testserver/api/v1/seller/products "HTTP/1.1 403 Forbidden"
2026-05-27 01:08:36 | INFO     | mayss | RES | IP: testclient | POST /api/v1/notifications/telegram/webhook | Status: 200 | Time: 1.24ms
2026-05-27 01:08:36 | INFO     | httpx | HTTP Request: POST http://testserver/api/v1/notifications/telegram/webhook "HTTP/1.1 200 OK"
2026-05-27 01:08:36 | INFO     | mayss | RES | IP: testclient | GET /api/v1/notifications/push/public-key | Status: 503 | Time: 0.32ms
2026-05-27 01:08:36 | INFO     | httpx | HTTP Request: GET http://testserver/api/v1/notifications/push/public-key "HTTP/1.1 503 Service Unavailable"
2026-05-27 01:08:36 | INFO     | mayss | RES | IP: testclient | POST /api/v1/auth/login | Status: 200 | Time: 219.01ms
2026-05-27 01:08:36 | INFO     | httpx | HTTP Request: POST http://testserver/api/v1/auth/login "HTTP/1.1 200 OK"
2026-05-27 01:08:36 | INFO     | mayss | RES | IP: testclient | GET /api/v1/bonuses/transactions | Status: 200 | Time: 3.15ms
2026-05-27 01:08:36 | INFO     | httpx | HTTP Request: GET http://testserver/api/v1/bonuses/transactions "HTTP/1.1 200 OK"
2026-05-27 01:10:02 | INFO     | app.core.logger | Система логирования инициализирована. Debug режим: False
2026-05-27 01:10:02 | INFO     | mayss | Starting MAYSS Marketplace API
2026-05-27 01:10:15 | INFO     | mayss | Created new bonus wallet for user 1
2026-05-27 01:10:15 | INFO     | mayss | Created new bonus wallet for user 1
2026-05-27 01:10:15 | INFO     | mayss | Created new bonus wallet for user 1
2026-05-27 01:10:15 | INFO     | mayss | Created new bonus wallet for user 1
2026-05-27 01:10:15 | INFO     | mayss | Earned 30.00 bonuses for user 1, order 42
2026-05-27 01:10:15 | INFO     | mayss | Created new bonus wallet for user 1
2026-05-27 01:10:15 | INFO     | mayss | Earned 50.00 bonuses for user 1, order 42
2026-05-27 01:10:15 | INFO     | mayss | Created new bonus wallet for user 1
2026-05-27 01:10:15 | INFO     | mayss | Earned 30.00 bonuses for user 1, order 42
2026-05-27 01:10:15 | INFO     | mayss | Created new bonus wallet for user 1
2026-05-27 01:10:15 | INFO     | mayss | Created new bonus wallet for user 1
2026-05-27 01:10:15 | INFO     | mayss | Spent 50.00 bonuses for user 1, order 42
2026-05-27 01:10:15 | INFO     | mayss | Created new bonus wallet for user 1
2026-05-27 01:10:15 | INFO     | mayss | Spent 500.00 bonuses for user 1, order 42
2026-05-27 01:10:15 | INFO     | mayss | Created new bonus wallet for user 1
2026-05-27 01:10:15 | WARNING  | mayss | User 1 insufficient bonuses: has 10.00, needs 50.00
2026-05-27 01:10:15 | INFO     | mayss | Created new bonus wallet for user 1
2026-05-27 01:10:15 | INFO     | mayss | Spent 50.00 bonuses for user 1, order 42
2026-05-27 01:10:15 | INFO     | mayss | Created new bonus wallet for user 1
2026-05-27 01:10:15 | INFO     | mayss | Adjusted 100.00 bonuses for user 1: Initial bonus
2026-05-27 01:10:15 | INFO     | mayss | Created new bonus wallet for user 1
2026-05-27 01:10:15 | INFO     | mayss | Adjusted -50.00 bonuses for user 1: Penalty
2026-05-27 01:10:15 | INFO     | mayss | Created new bonus wallet for user 1
2026-05-27 01:10:15 | WARNING  | mayss | User 1 bonus balance adjusted below 0, clamped to 0
2026-05-27 01:10:15 | INFO     | mayss | Adjusted -100.00 bonuses for user 1: Overpayment correction
2026-05-27 01:10:15 | INFO     | mayss | Created new bonus wallet for user 1
2026-05-27 01:10:15 | INFO     | mayss | Earned 30.00 bonuses for user 1, order 1
2026-05-27 01:10:15 | INFO     | mayss | Earned 15.00 bonuses for user 1, order 2
2026-05-27 01:10:15 | INFO     | mayss | Created new bonus wallet for user 1
2026-05-27 01:10:15 | INFO     | mayss | Earned 30.00 bonuses for user 1, order 1
2026-05-27 01:10:15 | INFO     | mayss | Spent 50 bonuses for user 1, order 2
2026-05-27 01:10:15 | INFO     | mayss | Created new bonus wallet for user 1
2026-05-27 01:10:15 | INFO     | mayss | Earned 3.00 bonuses for user 1, order 0
2026-05-27 01:10:15 | INFO     | mayss | Earned 3.00 bonuses for user 1, order 1
2026-05-27 01:10:15 | INFO     | mayss | Earned 3.00 bonuses for user 1, order 2
2026-05-27 01:10:15 | INFO     | mayss | Earned 3.00 bonuses for user 1, order 3
2026-05-27 01:10:15 | INFO     | mayss | Earned 3.00 bonuses for user 1, order 4
2026-05-27 01:10:15 | INFO     | mayss | Earned 3.00 bonuses for user 1, order 5
2026-05-27 01:10:15 | INFO     | mayss | Earned 3.00 bonuses for user 1, order 6
2026-05-27 01:10:15 | INFO     | mayss | Earned 3.00 bonuses for user 1, order 7
2026-05-27 01:10:15 | INFO     | mayss | Earned 3.00 bonuses for user 1, order 8
2026-05-27 01:10:15 | INFO     | mayss | Earned 3.00 bonuses for user 1, order 9
2026-05-27 01:10:15 | INFO     | mayss | Earned 3.00 bonuses for user 1, order 10
2026-05-27 01:10:15 | INFO     | mayss | Earned 3.00 bonuses for user 1, order 11
2026-05-27 01:10:15 | INFO     | mayss | Earned 3.00 bonuses for user 1, order 12
2026-05-27 01:10:15 | INFO     | mayss | Earned 3.00 bonuses for user 1, order 13
2026-05-27 01:10:15 | INFO     | mayss | Earned 3.00 bonuses for user 1, order 14
2026-05-27 01:10:15 | INFO     | mayss | Earned 3.00 bonuses for user 1, order 15
2026-05-27 01:10:15 | INFO     | mayss | Earned 3.00 bonuses for user 1, order 16
2026-05-27 01:10:15 | INFO     | mayss | Earned 3.00 bonuses for user 1, order 17
2026-05-27 01:10:15 | INFO     | mayss | Earned 3.00 bonuses for user 1, order 18
2026-05-27 01:10:15 | INFO     | mayss | Earned 3.00 bonuses for user 1, order 19
2026-05-27 01:10:15 | INFO     | mayss | Earned 3.00 bonuses for user 1, order 20
2026-05-27 01:10:15 | INFO     | mayss | Earned 3.00 bonuses for user 1, order 21
2026-05-27 01:10:15 | INFO     | mayss | Earned 3.00 bonuses for user 1, order 22
2026-05-27 01:10:15 | INFO     | mayss | Earned 3.00 bonuses for user 1, order 23
2026-05-27 01:10:15 | INFO     | mayss | Earned 3.00 bonuses for user 1, order 24
2026-05-27 01:10:15 | INFO     | mayss | Earned 3.00 bonuses for user 1, order 25
2026-05-27 01:10:15 | INFO     | mayss | Earned 3.00 bonuses for user 1, order 26
2026-05-27 01:10:15 | INFO     | mayss | Earned 3.00 bonuses for user 1, order 27
2026-05-27 01:10:15 | INFO     | mayss | Earned 3.00 bonuses for user 1, order 28
2026-05-27 01:10:15 | INFO     | mayss | Earned 3.00 bonuses for user 1, order 29
2026-05-27 01:10:15 | INFO     | mayss | Earned 3.00 bonuses for user 1, order 30
2026-05-27 01:10:15 | INFO     | mayss | Earned 3.00 bonuses for user 1, order 31
2026-05-27 01:10:15 | INFO     | mayss | Earned 3.00 bonuses for user 1, order 32
2026-05-27 01:10:15 | INFO     | mayss | Earned 3.00 bonuses for user 1, order 33
2026-05-27 01:10:15 | INFO     | mayss | Earned 3.00 bonuses for user 1, order 34
2026-05-27 01:10:15 | INFO     | mayss | Earned 3.00 bonuses for user 1, order 35
2026-05-27 01:10:15 | INFO     | mayss | Earned 3.00 bonuses for user 1, order 36
2026-05-27 01:10:15 | INFO     | mayss | Earned 3.00 bonuses for user 1, order 37
2026-05-27 01:10:15 | INFO     | mayss | Earned 3.00 bonuses for user 1, order 38
2026-05-27 01:10:15 | INFO     | mayss | Earned 3.00 bonuses for user 1, order 39
2026-05-27 01:10:15 | INFO     | mayss | Earned 3.00 bonuses for user 1, order 40
2026-05-27 01:10:15 | INFO     | mayss | Earned 3.00 bonuses for user 1, order 41
2026-05-27 01:10:15 | INFO     | mayss | Earned 3.00 bonuses for user 1, order 42
2026-05-27 01:10:15 | INFO     | mayss | Earned 3.00 bonuses for user 1, order 43
2026-05-27 01:10:15 | INFO     | mayss | Earned 3.00 bonuses for user 1, order 44
2026-05-27 01:10:15 | INFO     | mayss | Earned 3.00 bonuses for user 1, order 45
2026-05-27 01:10:15 | INFO     | mayss | Earned 3.00 bonuses for user 1, order 46
2026-05-27 01:10:15 | INFO     | mayss | Earned 3.00 bonuses for user 1, order 47
2026-05-27 01:10:15 | INFO     | mayss | Earned 3.00 bonuses for user 1, order 48
2026-05-27 01:10:15 | INFO     | mayss | Earned 3.00 bonuses for user 1, order 49
2026-05-27 01:10:15 | INFO     | mayss | Earned 3.00 bonuses for user 1, order 50
2026-05-27 01:10:15 | INFO     | mayss | Earned 3.00 bonuses for user 1, order 51
2026-05-27 01:10:15 | INFO     | mayss | Earned 3.00 bonuses for user 1, order 52
2026-05-27 01:10:15 | INFO     | mayss | Earned 3.00 bonuses for user 1, order 53
2026-05-27 01:10:15 | INFO     | mayss | Earned 3.00 bonuses for user 1, order 54
2026-05-27 01:10:15 | INFO     | mayss | Earned 3.00 bonuses for user 1, order 55
2026-05-27 01:10:15 | INFO     | mayss | Earned 3.00 bonuses for user 1, order 56
2026-05-27 01:10:15 | INFO     | mayss | Earned 3.00 bonuses for user 1, order 57
2026-05-27 01:10:15 | INFO     | mayss | Earned 3.00 bonuses for user 1, order 58
2026-05-27 01:10:15 | INFO     | mayss | Earned 3.00 bonuses for user 1, order 59
2026-05-27 01:10:15 | INFO     | mayss | Earned 3.00 bonuses for user 1, order 60
2026-05-27 01:10:15 | INFO     | mayss | Earned 3.00 bonuses for user 1, order 61
2026-05-27 01:10:15 | INFO     | mayss | Earned 3.00 bonuses for user 1, order 62
2026-05-27 01:10:15 | INFO     | mayss | Earned 3.00 bonuses for user 1, order 63
2026-05-27 01:10:15 | INFO     | mayss | Earned 3.00 bonuses for user 1, order 64
2026-05-27 01:10:15 | INFO     | mayss | Earned 3.00 bonuses for user 1, order 65
2026-05-27 01:10:15 | INFO     | mayss | Earned 3.00 bonuses for user 1, order 66
2026-05-27 01:10:15 | INFO     | mayss | Earned 3.00 bonuses for user 1, order 67
2026-05-27 01:10:15 | INFO     | mayss | Earned 3.00 bonuses for user 1, order 68
2026-05-27 01:10:15 | INFO     | mayss | Earned 3.00 bonuses for user 1, order 69
2026-05-27 01:10:15 | INFO     | mayss | Earned 3.00 bonuses for user 1, order 70
2026-05-27 01:10:15 | INFO     | mayss | Earned 3.00 bonuses for user 1, order 71
2026-05-27 01:10:15 | INFO     | mayss | Earned 3.00 bonuses for user 1, order 72
2026-05-27 01:10:15 | INFO     | mayss | Earned 3.00 bonuses for user 1, order 73
2026-05-27 01:10:15 | INFO     | mayss | Earned 3.00 bonuses for user 1, order 74
2026-05-27 01:10:15 | INFO     | mayss | Earned 3.00 bonuses for user 1, order 75
2026-05-27 01:10:15 | INFO     | mayss | Earned 3.00 bonuses for user 1, order 76
2026-05-27 01:10:15 | INFO     | mayss | Earned 3.00 bonuses for user 1, order 77
2026-05-27 01:10:15 | INFO     | mayss | Earned 3.00 bonuses for user 1, order 78
2026-05-27 01:10:15 | INFO     | mayss | Earned 3.00 bonuses for user 1, order 79
2026-05-27 01:10:15 | INFO     | mayss | Earned 3.00 bonuses for user 1, order 80
2026-05-27 01:10:15 | INFO     | mayss | Earned 3.00 bonuses for user 1, order 81
2026-05-27 01:10:15 | INFO     | mayss | Earned 3.00 bonuses for user 1, order 82
2026-05-27 01:10:15 | INFO     | mayss | Earned 3.00 bonuses for user 1, order 83
2026-05-27 01:10:15 | INFO     | mayss | Earned 3.00 bonuses for user 1, order 84
2026-05-27 01:10:15 | INFO     | mayss | Earned 3.00 bonuses for user 1, order 85
2026-05-27 01:10:15 | INFO     | mayss | Earned 3.00 bonuses for user 1, order 86
2026-05-27 01:10:15 | INFO     | mayss | Earned 3.00 bonuses for user 1, order 87
2026-05-27 01:10:15 | INFO     | mayss | Earned 3.00 bonuses for user 1, order 88
2026-05-27 01:10:15 | INFO     | mayss | Earned 3.00 bonuses for user 1, order 89
2026-05-27 01:10:15 | INFO     | mayss | Earned 3.00 bonuses for user 1, order 90
2026-05-27 01:10:15 | INFO     | mayss | Earned 3.00 bonuses for user 1, order 91
2026-05-27 01:10:15 | INFO     | mayss | Earned 3.00 bonuses for user 1, order 92
2026-05-27 01:10:15 | INFO     | mayss | Earned 3.00 bonuses for user 1, order 93
2026-05-27 01:10:15 | INFO     | mayss | Earned 3.00 bonuses for user 1, order 94
2026-05-27 01:10:15 | INFO     | mayss | Earned 3.00 bonuses for user 1, order 95
2026-05-27 01:10:15 | INFO     | mayss | Earned 3.00 bonuses for user 1, order 96
2026-05-27 01:10:15 | INFO     | mayss | Earned 3.00 bonuses for user 1, order 97
2026-05-27 01:10:15 | INFO     | mayss | Earned 3.00 bonuses for user 1, order 98
2026-05-27 01:10:15 | INFO     | mayss | Earned 3.00 bonuses for user 1, order 99
2026-05-27 01:10:15 | INFO     | mayss | Created new bonus wallet for user 1
2026-05-27 01:10:15 | INFO     | mayss | Earned 30.00 bonuses for user 1, order 1
2026-05-27 01:10:15 | INFO     | mayss | Spent 10 bonuses for user 1, order 2
2026-05-27 01:10:15 | INFO     | mayss | RES | IP: testclient | GET /api/v1/products/recommendations | Status: 200 | Time: 4.99ms
2026-05-27 01:10:15 | INFO     | httpx | HTTP Request: GET http://testserver/api/v1/products/recommendations?limit=4 "HTTP/1.1 200 OK"
2026-05-27 01:10:15 | INFO     | mayss | RES | IP: testclient | GET /api/v1/products | Status: 200 | Time: 2.61ms
2026-05-27 01:10:15 | INFO     | httpx | HTTP Request: GET http://testserver/api/v1/products?q=%D0%BD%D0%B0%D1%83%D1%88%D0%BD%D0%B8%D0%BA%D0%B8 "HTTP/1.1 200 OK"
2026-05-27 01:10:15 | INFO     | mayss | RES | IP: testclient | GET /api/v1/public/shops/1 | Status: 200 | Time: 2.04ms
2026-05-27 01:10:15 | INFO     | httpx | HTTP Request: GET http://testserver/api/v1/public/shops/1 "HTTP/1.1 200 OK"
2026-05-27 01:10:15 | INFO     | mayss | RES | IP: testclient | POST /api/v1/auth/login | Status: 200 | Time: 227.11ms
2026-05-27 01:10:15 | INFO     | httpx | HTTP Request: POST http://testserver/api/v1/auth/login "HTTP/1.1 200 OK"
2026-05-27 01:10:15 | INFO     | mayss | RES | IP: testclient | POST /api/v1/auth/login | Status: 200 | Time: 218.19ms
2026-05-27 01:10:15 | INFO     | httpx | HTTP Request: POST http://testserver/api/v1/auth/login "HTTP/1.1 200 OK"
2026-05-27 01:10:16 | INFO     | mayss | RES | IP: testclient | POST /api/v1/support/tickets | Status: 200 | Time: 5.85ms
2026-05-27 01:10:16 | INFO     | httpx | HTTP Request: POST http://testserver/api/v1/support/tickets "HTTP/1.1 200 OK"
2026-05-27 01:10:16 | INFO     | mayss | RES | IP: testclient | POST /api/v1/admin/tickets/1/close | Status: 200 | Time: 2.37ms
2026-05-27 01:10:16 | INFO     | httpx | HTTP Request: POST http://testserver/api/v1/admin/tickets/1/close "HTTP/1.1 200 OK"
2026-05-27 01:10:16 | INFO     | mayss | RES | IP: testclient | POST /api/v1/auth/login | Status: 200 | Time: 216.67ms
2026-05-27 01:10:16 | INFO     | httpx | HTTP Request: POST http://testserver/api/v1/auth/login "HTTP/1.1 200 OK"
2026-05-27 01:10:16 | INFO     | mayss | RES | IP: testclient | POST /api/v1/auth/login | Status: 200 | Time: 218.84ms
2026-05-27 01:10:16 | INFO     | httpx | HTTP Request: POST http://testserver/api/v1/auth/login "HTTP/1.1 200 OK"
2026-05-27 01:10:16 | INFO     | mayss | RES | IP: testclient | POST /api/v1/support/tickets | Status: 200 | Time: 3.32ms
2026-05-27 01:10:16 | INFO     | httpx | HTTP Request: POST http://testserver/api/v1/support/tickets "HTTP/1.1 200 OK"
2026-05-27 01:10:16 | INFO     | mayss | RES | IP: testclient | POST /api/v1/admin/tickets/2/reply | Status: 200 | Time: 2.46ms
2026-05-27 01:10:16 | INFO     | httpx | HTTP Request: POST http://testserver/api/v1/admin/tickets/2/reply "HTTP/1.1 200 OK"
2026-05-27 01:10:16 | INFO     | mayss | RES | IP: testclient | GET /api/v1/products | Status: 200 | Time: 3.46ms
2026-05-27 01:10:16 | INFO     | httpx | HTTP Request: GET http://testserver/api/v1/products?sort=price_asc&page_size=5 "HTTP/1.1 200 OK"
2026-05-27 01:10:16 | INFO     | mayss | RES | IP: testclient | GET /health | Status: 200 | Time: 0.34ms
2026-05-27 01:10:16 | INFO     | httpx | HTTP Request: GET http://testserver/health "HTTP/1.1 200 OK"
2026-05-27 01:10:16 | INFO     | mayss | RES | IP: testclient | GET /api/v1/categories | Status: 200 | Time: 1.10ms
2026-05-27 01:10:16 | INFO     | httpx | HTTP Request: GET http://testserver/api/v1/categories "HTTP/1.1 200 OK"
2026-05-27 01:10:16 | INFO     | mayss | RES | IP: testclient | GET /api/v1/products | Status: 200 | Time: 2.47ms
2026-05-27 01:10:16 | INFO     | httpx | HTTP Request: GET http://testserver/api/v1/products?max_price=5000 "HTTP/1.1 200 OK"
2026-05-27 01:10:16 | INFO     | mayss | RES | IP: testclient | POST /api/v1/auth/login | Status: 401 | Time: 216.42ms
2026-05-27 01:10:16 | INFO     | httpx | HTTP Request: POST http://testserver/api/v1/auth/login "HTTP/1.1 401 Unauthorized"
2026-05-27 01:10:16 | INFO     | mayss | RES | IP: testclient | GET /api/v1/cart | Status: 401 | Time: 0.31ms
2026-05-27 01:10:16 | INFO     | httpx | HTTP Request: GET http://testserver/api/v1/cart "HTTP/1.1 401 Unauthorized"
2026-05-27 01:10:16 | INFO     | mayss | RES | IP: testclient | POST /api/v1/auth/login | Status: 200 | Time: 217.22ms
2026-05-27 01:10:16 | INFO     | httpx | HTTP Request: POST http://testserver/api/v1/auth/login "HTTP/1.1 200 OK"
2026-05-27 01:10:16 | INFO     | mayss | User 2 retrieved cart
2026-05-27 01:10:16 | INFO     | mayss | RES | IP: testclient | GET /api/v1/cart | Status: 200 | Time: 2.73ms
2026-05-27 01:10:16 | INFO     | httpx | HTTP Request: GET http://testserver/api/v1/cart "HTTP/1.1 200 OK"
2026-05-27 01:10:16 | INFO     | mayss | Added item 1 to cart
2026-05-27 01:10:16 | INFO     | mayss | RES | IP: testclient | POST /api/v1/cart/items | Status: 200 | Time: 4.49ms
2026-05-27 01:10:16 | INFO     | httpx | HTTP Request: POST http://testserver/api/v1/cart/items "HTTP/1.1 200 OK"
2026-05-27 01:10:16 | INFO     | mayss | Added item 2 to cart
2026-05-27 01:10:16 | INFO     | mayss | RES | IP: testclient | POST /api/v1/cart/items | Status: 200 | Time: 3.73ms
2026-05-27 01:10:16 | INFO     | httpx | HTTP Request: POST http://testserver/api/v1/cart/items "HTTP/1.1 200 OK"
2026-05-27 01:10:16 | INFO     | mayss | RES | IP: testclient | POST /api/v1/orders | Status: 200 | Time: 5.69ms
2026-05-27 01:10:16 | INFO     | httpx | HTTP Request: POST http://testserver/api/v1/orders "HTTP/1.1 200 OK"
2026-05-27 01:10:17 | INFO     | mayss | RES | IP: testclient | POST /api/v1/auth/login | Status: 200 | Time: 217.21ms
2026-05-27 01:10:17 | INFO     | httpx | HTTP Request: POST http://testserver/api/v1/auth/login "HTTP/1.1 200 OK"
2026-05-27 01:10:17 | INFO     | mayss | Added item 3 to cart
2026-05-27 01:10:17 | INFO     | mayss | RES | IP: testclient | POST /api/v1/cart/items | Status: 200 | Time: 3.69ms
2026-05-27 01:10:17 | INFO     | httpx | HTTP Request: POST http://testserver/api/v1/cart/items "HTTP/1.1 200 OK"
2026-05-27 01:10:17 | INFO     | mayss | RES | IP: testclient | POST /api/v1/orders | Status: 200 | Time: 3.25ms
2026-05-27 01:10:17 | INFO     | httpx | HTTP Request: POST http://testserver/api/v1/orders "HTTP/1.1 200 OK"
2026-05-27 01:10:17 | INFO     | mayss | RES | IP: testclient | POST /api/v1/payments | Status: 200 | Time: 64.64ms
2026-05-27 01:10:17 | INFO     | httpx | HTTP Request: POST http://testserver/api/v1/payments "HTTP/1.1 200 OK"
2026-05-27 01:10:17 | INFO     | mayss | RES | IP: testclient | POST /api/v1/payments | Status: 200 | Time: 1.50ms
2026-05-27 01:10:17 | INFO     | httpx | HTTP Request: POST http://testserver/api/v1/payments "HTTP/1.1 200 OK"
2026-05-27 01:10:17 | INFO     | mayss | RES | IP: testclient | POST /api/v1/auth/login | Status: 200 | Time: 218.28ms
2026-05-27 01:10:17 | INFO     | httpx | HTTP Request: POST http://testserver/api/v1/auth/login "HTTP/1.1 200 OK"
2026-05-27 01:10:17 | WARNING  | mayss | User 2 attempted admin action without permissions
2026-05-27 01:10:17 | INFO     | mayss | RES | IP: testclient | GET /api/v1/admin/stats | Status: 403 | Time: 1.59ms
2026-05-27 01:10:17 | INFO     | httpx | HTTP Request: GET http://testserver/api/v1/admin/stats "HTTP/1.1 403 Forbidden"
2026-05-27 01:10:17 | INFO     | mayss | RES | IP: testclient | POST /api/v1/auth/login | Status: 200 | Time: 217.80ms
2026-05-27 01:10:17 | INFO     | httpx | HTTP Request: POST http://testserver/api/v1/auth/login "HTTP/1.1 200 OK"
2026-05-27 01:10:17 | INFO     | mayss | RES | IP: testclient | GET /api/v1/admin/stats | Status: 200 | Time: 9.09ms
2026-05-27 01:10:17 | INFO     | httpx | HTTP Request: GET http://testserver/api/v1/admin/stats "HTTP/1.1 200 OK"
2026-05-27 01:10:17 | INFO     | mayss | RES | IP: testclient | POST /api/v1/auth/login | Status: 200 | Time: 218.40ms
2026-05-27 01:10:17 | INFO     | httpx | HTTP Request: POST http://testserver/api/v1/auth/login "HTTP/1.1 200 OK"
2026-05-27 01:10:17 | INFO     | mayss | RES | IP: testclient | POST /api/v1/reviews | Status: 403 | Time: 3.28ms
2026-05-27 01:10:17 | INFO     | httpx | HTTP Request: POST http://testserver/api/v1/reviews "HTTP/1.1 403 Forbidden"
2026-05-27 01:10:18 | INFO     | mayss | RES | IP: testclient | POST /api/v1/auth/login | Status: 200 | Time: 217.47ms
2026-05-27 01:10:18 | INFO     | httpx | HTTP Request: POST http://testserver/api/v1/auth/login "HTTP/1.1 200 OK"
2026-05-27 01:10:18 | INFO     | mayss | RES | IP: testclient | POST /api/v1/auth/register | Status: 200 | Time: 221.08ms
2026-05-27 01:10:18 | INFO     | httpx | HTTP Request: POST http://testserver/api/v1/auth/register "HTTP/1.1 200 OK"
2026-05-27 01:10:18 | INFO     | mayss | RES | IP: testclient | POST /api/v1/auth/login | Status: 200 | Time: 219.99ms
2026-05-27 01:10:18 | INFO     | httpx | HTTP Request: POST http://testserver/api/v1/auth/login "HTTP/1.1 200 OK"
2026-05-27 01:10:18 | INFO     | mayss | RES | IP: testclient | POST /api/v1/seller/profile | Status: 200 | Time: 5.16ms
2026-05-27 01:10:18 | INFO     | httpx | HTTP Request: POST http://testserver/api/v1/seller/profile "HTTP/1.1 200 OK"
2026-05-27 01:10:18 | INFO     | mayss | Админ 1 верифицировал магазин 9
2026-05-27 01:10:18 | INFO     | mayss | RES | IP: testclient | POST /api/v1/admin/sellers/9/moderate | Status: 200 | Time: 3.08ms
2026-05-27 01:10:18 | INFO     | httpx | HTTP Request: POST http://testserver/api/v1/admin/sellers/9/moderate "HTTP/1.1 200 OK"
2026-05-27 01:10:18 | INFO     | mayss | RES | IP: testclient | POST /api/v1/seller/products | Status: 200 | Time: 4.14ms
2026-05-27 01:10:18 | INFO     | httpx | HTTP Request: POST http://testserver/api/v1/seller/products "HTTP/1.1 200 OK"
2026-05-27 01:10:18 | INFO     | mayss | RES | IP: testclient | GET /api/v1/products/89 | Status: 404 | Time: 1.58ms
2026-05-27 01:10:18 | INFO     | httpx | HTTP Request: GET http://testserver/api/v1/products/89 "HTTP/1.1 404 Not Found"
2026-05-27 01:10:18 | INFO     | mayss | RES | IP: testclient | GET /api/v1/products/89 | Status: 200 | Time: 1.23ms
2026-05-27 01:10:18 | INFO     | httpx | HTTP Request: GET http://testserver/api/v1/products/89 "HTTP/1.1 200 OK"
2026-05-27 01:10:18 | INFO     | mayss | RES | IP: testclient | POST /api/v1/auth/login | Status: 200 | Time: 217.46ms
2026-05-27 01:10:18 | INFO     | httpx | HTTP Request: POST http://testserver/api/v1/auth/login "HTTP/1.1 200 OK"
2026-05-27 01:10:19 | INFO     | mayss | RES | IP: testclient | POST /api/v1/auth/register | Status: 200 | Time: 220.78ms
2026-05-27 01:10:19 | INFO     | httpx | HTTP Request: POST http://testserver/api/v1/auth/register "HTTP/1.1 200 OK"
2026-05-27 01:10:19 | INFO     | mayss | RES | IP: testclient | POST /api/v1/auth/login | Status: 200 | Time: 216.24ms
2026-05-27 01:10:19 | INFO     | httpx | HTTP Request: POST http://testserver/api/v1/auth/login "HTTP/1.1 200 OK"
2026-05-27 01:10:19 | INFO     | mayss | RES | IP: testclient | POST /api/v1/seller/profile | Status: 200 | Time: 2.96ms
2026-05-27 01:10:19 | INFO     | httpx | HTTP Request: POST http://testserver/api/v1/seller/profile "HTTP/1.1 200 OK"
2026-05-27 01:10:19 | INFO     | mayss | Админ 1 отклонил магазин 10
2026-05-27 01:10:19 | INFO     | mayss | RES | IP: testclient | POST /api/v1/admin/sellers/10/moderate | Status: 200 | Time: 2.40ms
2026-05-27 01:10:19 | INFO     | httpx | HTTP Request: POST http://testserver/api/v1/admin/sellers/10/moderate "HTTP/1.1 200 OK"
2026-05-27 01:10:19 | INFO     | mayss | RES | IP: testclient | GET /api/v1/seller/profile | Status: 200 | Time: 1.23ms
2026-05-27 01:10:19 | INFO     | httpx | HTTP Request: GET http://testserver/api/v1/seller/profile "HTTP/1.1 200 OK"
2026-05-27 01:10:19 | INFO     | mayss | RES | IP: testclient | POST /api/v1/auth/login | Status: 200 | Time: 218.29ms
2026-05-27 01:10:19 | INFO     | httpx | HTTP Request: POST http://testserver/api/v1/auth/login "HTTP/1.1 200 OK"
2026-05-27 01:10:19 | INFO     | mayss | RES | IP: testclient | PATCH /api/v1/seller/profile | Status: 200 | Time: 3.80ms
2026-05-27 01:10:19 | INFO     | httpx | HTTP Request: PATCH http://testserver/api/v1/seller/profile "HTTP/1.1 200 OK"
2026-05-27 01:10:19 | INFO     | mayss | RES | IP: testclient | POST /api/v1/auth/login | Status: 200 | Time: 217.78ms
2026-05-27 01:10:19 | INFO     | httpx | HTTP Request: POST http://testserver/api/v1/auth/login "HTTP/1.1 200 OK"
2026-05-27 01:10:19 | WARNING  | mayss | Seller 3 attempted action without verification
2026-05-27 01:10:19 | INFO     | mayss | RES | IP: testclient | GET /api/v1/seller/orders | Status: 403 | Time: 1.77ms
2026-05-27 01:10:19 | INFO     | httpx | HTTP Request: GET http://testserver/api/v1/seller/orders "HTTP/1.1 403 Forbidden"
2026-05-27 01:10:19 | WARNING  | mayss | Seller 3 attempted action without verification
2026-05-27 01:10:19 | INFO     | mayss | RES | IP: testclient | GET /api/v1/seller/products | Status: 403 | Time: 1.18ms
2026-05-27 01:10:19 | INFO     | httpx | HTTP Request: GET http://testserver/api/v1/seller/products "HTTP/1.1 403 Forbidden"
2026-05-27 01:10:19 | INFO     | mayss | RES | IP: testclient | POST /api/v1/auth/login | Status: 200 | Time: 217.58ms
2026-05-27 01:10:19 | INFO     | httpx | HTTP Request: POST http://testserver/api/v1/auth/login "HTTP/1.1 200 OK"
2026-05-27 01:10:19 | INFO     | mayss | User 2 retrieved cart
2026-05-27 01:10:19 | INFO     | mayss | RES | IP: testclient | GET /api/v1/cart | Status: 200 | Time: 2.07ms
2026-05-27 01:10:19 | INFO     | httpx | HTTP Request: GET http://testserver/api/v1/cart "HTTP/1.1 200 OK"
2026-05-27 01:10:19 | INFO     | mayss | Added item 2 to cart
2026-05-27 01:10:19 | INFO     | mayss | RES | IP: testclient | POST /api/v1/cart/items | Status: 200 | Time: 3.17ms
2026-05-27 01:10:19 | INFO     | httpx | HTTP Request: POST http://testserver/api/v1/cart/items "HTTP/1.1 200 OK"
2026-05-27 01:10:19 | INFO     | mayss | RES | IP: testclient | POST /api/v1/orders | Status: 200 | Time: 3.05ms
2026-05-27 01:10:19 | INFO     | httpx | HTTP Request: POST http://testserver/api/v1/orders "HTTP/1.1 200 OK"
2026-05-27 01:10:19 | INFO     | mayss | RES | IP: testclient | POST /api/v1/payments | Status: 200 | Time: 2.63ms
2026-05-27 01:10:19 | INFO     | httpx | HTTP Request: POST http://testserver/api/v1/payments "HTTP/1.1 200 OK"
2026-05-27 01:10:20 | INFO     | mayss | RES | IP: testclient | POST /api/v1/auth/login | Status: 200 | Time: 217.14ms
2026-05-27 01:10:20 | INFO     | httpx | HTTP Request: POST http://testserver/api/v1/auth/login "HTTP/1.1 200 OK"
2026-05-27 01:10:20 | INFO     | mayss | RES | IP: testclient | POST /api/v1/seller/orders/612/status | Status: 403 | Time: 3.13ms
2026-05-27 01:10:20 | INFO     | httpx | HTTP Request: POST http://testserver/api/v1/seller/orders/612/status?status=delivered "HTTP/1.1 403 Forbidden"
2026-05-27 01:10:20 | INFO     | mayss | RES | IP: testclient | POST /api/v1/auth/login | Status: 200 | Time: 217.79ms
2026-05-27 01:10:20 | INFO     | httpx | HTTP Request: POST http://testserver/api/v1/auth/login "HTTP/1.1 200 OK"
2026-05-27 01:10:20 | INFO     | mayss | RES | IP: testclient | POST /api/v1/auth/login | Status: 200 | Time: 217.12ms
2026-05-27 01:10:20 | INFO     | httpx | HTTP Request: POST http://testserver/api/v1/auth/login "HTTP/1.1 200 OK"
2026-05-27 01:10:20 | INFO     | mayss | User 2 retrieved cart
2026-05-27 01:10:20 | INFO     | mayss | RES | IP: testclient | GET /api/v1/cart | Status: 200 | Time: 1.77ms
2026-05-27 01:10:20 | INFO     | httpx | HTTP Request: GET http://testserver/api/v1/cart "HTTP/1.1 200 OK"
2026-05-27 01:10:20 | INFO     | mayss | Added item 3 to cart
2026-05-27 01:10:20 | INFO     | mayss | RES | IP: testclient | POST /api/v1/cart/items | Status: 200 | Time: 3.30ms
2026-05-27 01:10:20 | INFO     | httpx | HTTP Request: POST http://testserver/api/v1/cart/items "HTTP/1.1 200 OK"
2026-05-27 01:10:20 | INFO     | mayss | RES | IP: testclient | POST /api/v1/orders | Status: 200 | Time: 2.76ms
2026-05-27 01:10:20 | INFO     | httpx | HTTP Request: POST http://testserver/api/v1/orders "HTTP/1.1 200 OK"
2026-05-27 01:10:20 | INFO     | mayss | RES | IP: testclient | GET /api/v1/admin/orders/613 | Status: 200 | Time: 2.05ms
2026-05-27 01:10:20 | INFO     | httpx | HTTP Request: GET http://testserver/api/v1/admin/orders/613 "HTTP/1.1 200 OK"
2026-05-27 01:10:20 | INFO     | mayss | RES | IP: testclient | POST /api/v1/auth/login | Status: 200 | Time: 217.33ms
2026-05-27 01:10:20 | INFO     | httpx | HTTP Request: POST http://testserver/api/v1/auth/login "HTTP/1.1 200 OK"
2026-05-27 01:10:20 | INFO     | mayss | RES | IP: testclient | GET /api/v1/admin/sellers/2/analytics | Status: 200 | Time: 4.82ms
2026-05-27 01:10:20 | INFO     | httpx | HTTP Request: GET http://testserver/api/v1/admin/sellers/2/analytics "HTTP/1.1 200 OK"
2026-05-27 01:10:20 | INFO     | mayss | RES | IP: testclient | GET /api/v1/admin/users/2/analytics | Status: 200 | Time: 3.22ms
2026-05-27 01:10:20 | INFO     | httpx | HTTP Request: GET http://testserver/api/v1/admin/users/2/analytics "HTTP/1.1 200 OK"
2026-05-27 01:10:21 | INFO     | mayss | RES | IP: testclient | POST /api/v1/auth/login | Status: 200 | Time: 216.99ms
2026-05-27 01:10:21 | INFO     | httpx | HTTP Request: POST http://testserver/api/v1/auth/login "HTTP/1.1 200 OK"
2026-05-27 01:10:21 | INFO     | mayss | RES | IP: testclient | GET /api/v1/bonuses/balance | Status: 200 | Time: 1.71ms
2026-05-27 01:10:21 | INFO     | httpx | HTTP Request: GET http://testserver/api/v1/bonuses/balance "HTTP/1.1 200 OK"
2026-05-27 01:10:21 | INFO     | mayss | RES | IP: testclient | POST /api/v1/auth/login | Status: 200 | Time: 216.60ms
2026-05-27 01:10:21 | INFO     | httpx | HTTP Request: POST http://testserver/api/v1/auth/login "HTTP/1.1 200 OK"
2026-05-27 01:10:21 | INFO     | mayss | User 2 retrieved cart
2026-05-27 01:10:21 | INFO     | mayss | RES | IP: testclient | GET /api/v1/cart | Status: 200 | Time: 1.88ms
2026-05-27 01:10:21 | INFO     | httpx | HTTP Request: GET http://testserver/api/v1/cart "HTTP/1.1 200 OK"
2026-05-27 01:10:21 | INFO     | mayss | Added item 1 to cart
2026-05-27 01:10:21 | INFO     | mayss | RES | IP: testclient | POST /api/v1/cart/items | Status: 200 | Time: 3.23ms
2026-05-27 01:10:21 | INFO     | httpx | HTTP Request: POST http://testserver/api/v1/cart/items "HTTP/1.1 200 OK"
2026-05-27 01:10:21 | INFO     | mayss | RES | IP: testclient | POST /api/v1/promos/preview | Status: 200 | Time: 2.51ms
2026-05-27 01:10:21 | INFO     | httpx | HTTP Request: POST http://testserver/api/v1/promos/preview "HTTP/1.1 200 OK"
2026-05-27 01:10:21 | INFO     | mayss | RES | IP: testclient | POST /api/v1/auth/login | Status: 200 | Time: 218.60ms
2026-05-27 01:10:21 | INFO     | httpx | HTTP Request: POST http://testserver/api/v1/auth/login "HTTP/1.1 200 OK"
2026-05-27 01:10:21 | INFO     | mayss | User 2 retrieved cart
2026-05-27 01:10:21 | INFO     | mayss | RES | IP: testclient | GET /api/v1/cart | Status: 200 | Time: 2.09ms
2026-05-27 01:10:21 | INFO     | httpx | HTTP Request: GET http://testserver/api/v1/cart "HTTP/1.1 200 OK"
2026-05-27 01:10:21 | INFO     | mayss | Removed item 1 from cart
2026-05-27 01:10:21 | INFO     | mayss | RES | IP: testclient | DELETE /api/v1/cart/items/1 | Status: 200 | Time: 3.41ms
2026-05-27 01:10:21 | INFO     | httpx | HTTP Request: DELETE http://testserver/api/v1/cart/items/1 "HTTP/1.1 200 OK"
2026-05-27 01:10:21 | INFO     | mayss | Added item 1 to cart
2026-05-27 01:10:21 | INFO     | mayss | RES | IP: testclient | POST /api/v1/cart/items | Status: 200 | Time: 3.12ms
2026-05-27 01:10:21 | INFO     | httpx | HTTP Request: POST http://testserver/api/v1/cart/items "HTTP/1.1 200 OK"
2026-05-27 01:10:21 | INFO     | mayss | RES | IP: testclient | POST /api/v1/promos/preview | Status: 400 | Time: 1.30ms
2026-05-27 01:10:21 | INFO     | httpx | HTTP Request: POST http://testserver/api/v1/promos/preview "HTTP/1.1 400 Bad Request"
2026-05-27 01:10:21 | INFO     | mayss | RES | IP: testclient | POST /api/v1/auth/login | Status: 200 | Time: 217.26ms
2026-05-27 01:10:21 | INFO     | httpx | HTTP Request: POST http://testserver/api/v1/auth/login "HTTP/1.1 200 OK"
2026-05-27 01:10:21 | INFO     | mayss | User 2 retrieved cart
2026-05-27 01:10:21 | INFO     | mayss | RES | IP: testclient | GET /api/v1/cart | Status: 200 | Time: 2.34ms
2026-05-27 01:10:21 | INFO     | httpx | HTTP Request: GET http://testserver/api/v1/cart "HTTP/1.1 200 OK"
2026-05-27 01:10:21 | INFO     | mayss | Removed item 1 from cart
2026-05-27 01:10:21 | INFO     | mayss | RES | IP: testclient | DELETE /api/v1/cart/items/1 | Status: 200 | Time: 2.88ms
2026-05-27 01:10:21 | INFO     | httpx | HTTP Request: DELETE http://testserver/api/v1/cart/items/1 "HTTP/1.1 200 OK"
2026-05-27 01:10:21 | INFO     | mayss | Added item 3 to cart
2026-05-27 01:10:21 | INFO     | mayss | RES | IP: testclient | POST /api/v1/cart/items | Status: 200 | Time: 2.87ms
2026-05-27 01:10:21 | INFO     | httpx | HTTP Request: POST http://testserver/api/v1/cart/items "HTTP/1.1 200 OK"
2026-05-27 01:10:21 | INFO     | mayss | User 2 retrieved cart
2026-05-27 01:10:21 | INFO     | mayss | RES | IP: testclient | GET /api/v1/cart | Status: 200 | Time: 1.51ms
2026-05-27 01:10:21 | INFO     | httpx | HTTP Request: GET http://testserver/api/v1/cart "HTTP/1.1 200 OK"
2026-05-27 01:10:21 | INFO     | mayss | RES | IP: testclient | POST /api/v1/orders | Status: 200 | Time: 3.81ms
2026-05-27 01:10:21 | INFO     | httpx | HTTP Request: POST http://testserver/api/v1/orders "HTTP/1.1 200 OK"
2026-05-27 01:10:21 | INFO     | mayss | RES | IP: testclient | POST /api/v1/auth/login | Status: 200 | Time: 218.35ms
2026-05-27 01:10:21 | INFO     | httpx | HTTP Request: POST http://testserver/api/v1/auth/login "HTTP/1.1 200 OK"
2026-05-27 01:10:21 | INFO     | mayss | RES | IP: testclient | GET /api/v1/admin/promos | Status: 200 | Time: 2.65ms
2026-05-27 01:10:21 | INFO     | httpx | HTTP Request: GET http://testserver/api/v1/admin/promos "HTTP/1.1 200 OK"
2026-05-27 01:10:22 | INFO     | mayss | RES | IP: testclient | POST /api/v1/auth/login | Status: 200 | Time: 215.83ms
2026-05-27 01:10:22 | INFO     | httpx | HTTP Request: POST http://testserver/api/v1/auth/login "HTTP/1.1 200 OK"
2026-05-27 01:10:22 | INFO     | mayss | RES | IP: testclient | POST /api/v1/admin/promos | Status: 200 | Time: 31.43ms
2026-05-27 01:10:22 | INFO     | httpx | HTTP Request: POST http://testserver/api/v1/admin/promos "HTTP/1.1 200 OK"
2026-05-27 01:10:22 | INFO     | mayss | RES | IP: testclient | POST /api/v1/auth/register | Status: 200 | Time: 219.84ms
2026-05-27 01:10:22 | INFO     | httpx | HTTP Request: POST http://testserver/api/v1/auth/register "HTTP/1.1 200 OK"
2026-05-27 01:10:22 | INFO     | mayss | RES | IP: testclient | POST /api/v1/auth/login | Status: 200 | Time: 217.99ms
2026-05-27 01:10:22 | INFO     | httpx | HTTP Request: POST http://testserver/api/v1/auth/login "HTTP/1.1 200 OK"
2026-05-27 01:10:22 | INFO     | mayss | RES | IP: testclient | POST /api/v1/seller/profile | Status: 200 | Time: 3.23ms
2026-05-27 01:10:22 | INFO     | httpx | HTTP Request: POST http://testserver/api/v1/seller/profile "HTTP/1.1 200 OK"
2026-05-27 01:10:22 | INFO     | mayss | RES | IP: testclient | POST /api/v1/seller/promos | Status: 403 | Time: 1.36ms
2026-05-27 01:10:22 | INFO     | httpx | HTTP Request: POST http://testserver/api/v1/seller/promos "HTTP/1.1 403 Forbidden"
2026-05-27 01:10:22 | INFO     | mayss | RES | IP: testclient | POST /api/v1/auth/login | Status: 200 | Time: 217.42ms
2026-05-27 01:10:22 | INFO     | httpx | HTTP Request: POST http://testserver/api/v1/auth/login "HTTP/1.1 200 OK"
2026-05-27 01:10:23 | INFO     | mayss | RES | IP: testclient | POST /api/v1/auth/login | Status: 200 | Time: 216.96ms
2026-05-27 01:10:23 | INFO     | httpx | HTTP Request: POST http://testserver/api/v1/auth/login "HTTP/1.1 200 OK"
2026-05-27 01:10:23 | INFO     | mayss | RES | IP: testclient | POST /api/v1/seller/promos | Status: 200 | Time: 3.56ms
2026-05-27 01:10:23 | INFO     | httpx | HTTP Request: POST http://testserver/api/v1/seller/promos "HTTP/1.1 200 OK"
2026-05-27 01:10:23 | INFO     | mayss | RES | IP: testclient | POST /api/v1/auth/login | Status: 200 | Time: 216.81ms
2026-05-27 01:10:23 | INFO     | httpx | HTTP Request: POST http://testserver/api/v1/auth/login "HTTP/1.1 200 OK"
2026-05-27 01:10:23 | INFO     | mayss | User 2 retrieved cart
2026-05-27 01:10:23 | INFO     | mayss | RES | IP: testclient | GET /api/v1/cart | Status: 200 | Time: 2.86ms
2026-05-27 01:10:23 | INFO     | httpx | HTTP Request: GET http://testserver/api/v1/cart "HTTP/1.1 200 OK"
2026-05-27 01:10:23 | INFO     | mayss | Added item 4 to cart
2026-05-27 01:10:23 | INFO     | mayss | RES | IP: testclient | POST /api/v1/cart/items | Status: 200 | Time: 3.55ms
2026-05-27 01:10:23 | INFO     | httpx | HTTP Request: POST http://testserver/api/v1/cart/items "HTTP/1.1 200 OK"
2026-05-27 01:10:23 | INFO     | mayss | RES | IP: testclient | POST /api/v1/orders | Status: 200 | Time: 2.93ms
2026-05-27 01:10:23 | INFO     | httpx | HTTP Request: POST http://testserver/api/v1/orders "HTTP/1.1 200 OK"
2026-05-27 01:10:23 | INFO     | mayss | RES | IP: testclient | POST /api/v1/payments | Status: 200 | Time: 3.24ms
2026-05-27 01:10:23 | INFO     | httpx | HTTP Request: POST http://testserver/api/v1/payments "HTTP/1.1 200 OK"
2026-05-27 01:10:23 | INFO     | mayss | RES | IP: testclient | GET /api/v1/orders/615 | Status: 200 | Time: 1.53ms
2026-05-27 01:10:23 | INFO     | httpx | HTTP Request: GET http://testserver/api/v1/orders/615 "HTTP/1.1 200 OK"
2026-05-27 01:10:23 | INFO     | mayss | RES | IP: testclient | POST /api/v1/auth/register | Status: 200 | Time: 218.55ms
2026-05-27 01:10:23 | INFO     | httpx | HTTP Request: POST http://testserver/api/v1/auth/register "HTTP/1.1 200 OK"
2026-05-27 01:10:23 | INFO     | mayss | RES | IP: testclient | POST /api/v1/auth/login | Status: 200 | Time: 218.59ms
2026-05-27 01:10:23 | INFO     | httpx | HTTP Request: POST http://testserver/api/v1/auth/login "HTTP/1.1 200 OK"
2026-05-27 01:10:23 | INFO     | mayss | RES | IP: testclient | POST /api/v1/seller/profile | Status: 200 | Time: 3.31ms
2026-05-27 01:10:23 | INFO     | httpx | HTTP Request: POST http://testserver/api/v1/seller/profile "HTTP/1.1 200 OK"
2026-05-27 01:10:23 | WARNING  | mayss | Seller 64 attempted action without verification
2026-05-27 01:10:23 | INFO     | mayss | RES | IP: testclient | POST /api/v1/seller/products | Status: 403 | Time: 1.41ms
2026-05-27 01:10:23 | INFO     | httpx | HTTP Request: POST http://testserver/api/v1/seller/products "HTTP/1.1 403 Forbidden"
2026-05-27 01:10:23 | INFO     | mayss | RES | IP: testclient | POST /api/v1/notifications/telegram/webhook | Status: 200 | Time: 1.15ms
2026-05-27 01:10:23 | INFO     | httpx | HTTP Request: POST http://testserver/api/v1/notifications/telegram/webhook "HTTP/1.1 200 OK"
2026-05-27 01:10:23 | INFO     | mayss | RES | IP: testclient | GET /api/v1/notifications/push/public-key | Status: 503 | Time: 0.37ms
2026-05-27 01:10:23 | INFO     | httpx | HTTP Request: GET http://testserver/api/v1/notifications/push/public-key "HTTP/1.1 503 Service Unavailable"
2026-05-27 01:10:24 | INFO     | mayss | RES | IP: testclient | POST /api/v1/auth/login | Status: 200 | Time: 218.09ms
2026-05-27 01:10:24 | INFO     | httpx | HTTP Request: POST http://testserver/api/v1/auth/login "HTTP/1.1 200 OK"
2026-05-27 01:10:24 | INFO     | mayss | RES | IP: testclient | GET /api/v1/bonuses/transactions | Status: 200 | Time: 3.37ms
2026-05-27 01:10:24 | INFO     | httpx | HTTP Request: GET http://testserver/api/v1/bonuses/transactions "HTTP/1.1 200 OK"
2026-05-27 01:11:05 | INFO     | app.core.logger | Система логирования инициализирована. Debug режим: False
2026-05-27 01:11:05 | INFO     | mayss | Starting MAYSS Marketplace API
2026-05-27 01:11:19 | INFO     | mayss | Created new bonus wallet for user 1
2026-05-27 01:11:19 | INFO     | mayss | Created new bonus wallet for user 1
2026-05-27 01:11:19 | INFO     | mayss | Created new bonus wallet for user 1
2026-05-27 01:11:19 | INFO     | mayss | Created new bonus wallet for user 1
2026-05-27 01:11:19 | INFO     | mayss | Earned 30.00 bonuses for user 1, order 42
2026-05-27 01:11:19 | INFO     | mayss | Created new bonus wallet for user 1
2026-05-27 01:11:19 | INFO     | mayss | Earned 50.00 bonuses for user 1, order 42
2026-05-27 01:11:19 | INFO     | mayss | Created new bonus wallet for user 1
2026-05-27 01:11:19 | INFO     | mayss | Earned 30.00 bonuses for user 1, order 42
2026-05-27 01:11:19 | INFO     | mayss | Created new bonus wallet for user 1
2026-05-27 01:11:19 | INFO     | mayss | Created new bonus wallet for user 1
2026-05-27 01:11:19 | INFO     | mayss | Spent 50.00 bonuses for user 1, order 42
2026-05-27 01:11:19 | INFO     | mayss | Created new bonus wallet for user 1
2026-05-27 01:11:19 | INFO     | mayss | Spent 500.00 bonuses for user 1, order 42
2026-05-27 01:11:19 | INFO     | mayss | Created new bonus wallet for user 1
2026-05-27 01:11:19 | WARNING  | mayss | User 1 insufficient bonuses: has 10.00, needs 50.00
2026-05-27 01:11:19 | INFO     | mayss | Created new bonus wallet for user 1
2026-05-27 01:11:19 | INFO     | mayss | Spent 50.00 bonuses for user 1, order 42
2026-05-27 01:11:19 | INFO     | mayss | Created new bonus wallet for user 1
2026-05-27 01:11:19 | INFO     | mayss | Adjusted 100.00 bonuses for user 1: Initial bonus
2026-05-27 01:11:19 | INFO     | mayss | Created new bonus wallet for user 1
2026-05-27 01:11:19 | INFO     | mayss | Adjusted -50.00 bonuses for user 1: Penalty
2026-05-27 01:11:19 | INFO     | mayss | Created new bonus wallet for user 1
2026-05-27 01:11:19 | WARNING  | mayss | User 1 bonus balance adjusted below 0, clamped to 0
2026-05-27 01:11:19 | INFO     | mayss | Adjusted -100.00 bonuses for user 1: Overpayment correction
2026-05-27 01:11:19 | INFO     | mayss | Created new bonus wallet for user 1
2026-05-27 01:11:19 | INFO     | mayss | Earned 30.00 bonuses for user 1, order 1
2026-05-27 01:11:19 | INFO     | mayss | Earned 15.00 bonuses for user 1, order 2
2026-05-27 01:11:19 | INFO     | mayss | Created new bonus wallet for user 1
2026-05-27 01:11:19 | INFO     | mayss | Earned 30.00 bonuses for user 1, order 1
2026-05-27 01:11:19 | INFO     | mayss | Spent 50 bonuses for user 1, order 2
2026-05-27 01:11:19 | INFO     | mayss | Created new bonus wallet for user 1
2026-05-27 01:11:19 | INFO     | mayss | Earned 3.00 bonuses for user 1, order 0
2026-05-27 01:11:19 | INFO     | mayss | Earned 3.00 bonuses for user 1, order 1
2026-05-27 01:11:19 | INFO     | mayss | Earned 3.00 bonuses for user 1, order 2
2026-05-27 01:11:19 | INFO     | mayss | Earned 3.00 bonuses for user 1, order 3
2026-05-27 01:11:19 | INFO     | mayss | Earned 3.00 bonuses for user 1, order 4
2026-05-27 01:11:19 | INFO     | mayss | Earned 3.00 bonuses for user 1, order 5
2026-05-27 01:11:19 | INFO     | mayss | Earned 3.00 bonuses for user 1, order 6
2026-05-27 01:11:19 | INFO     | mayss | Earned 3.00 bonuses for user 1, order 7
2026-05-27 01:11:19 | INFO     | mayss | Earned 3.00 bonuses for user 1, order 8
2026-05-27 01:11:19 | INFO     | mayss | Earned 3.00 bonuses for user 1, order 9
2026-05-27 01:11:19 | INFO     | mayss | Earned 3.00 bonuses for user 1, order 10
2026-05-27 01:11:19 | INFO     | mayss | Earned 3.00 bonuses for user 1, order 11
2026-05-27 01:11:19 | INFO     | mayss | Earned 3.00 bonuses for user 1, order 12
2026-05-27 01:11:19 | INFO     | mayss | Earned 3.00 bonuses for user 1, order 13
2026-05-27 01:11:19 | INFO     | mayss | Earned 3.00 bonuses for user 1, order 14
2026-05-27 01:11:19 | INFO     | mayss | Earned 3.00 bonuses for user 1, order 15
2026-05-27 01:11:19 | INFO     | mayss | Earned 3.00 bonuses for user 1, order 16
2026-05-27 01:11:19 | INFO     | mayss | Earned 3.00 bonuses for user 1, order 17
2026-05-27 01:11:19 | INFO     | mayss | Earned 3.00 bonuses for user 1, order 18
2026-05-27 01:11:19 | INFO     | mayss | Earned 3.00 bonuses for user 1, order 19
2026-05-27 01:11:19 | INFO     | mayss | Earned 3.00 bonuses for user 1, order 20
2026-05-27 01:11:19 | INFO     | mayss | Earned 3.00 bonuses for user 1, order 21
2026-05-27 01:11:19 | INFO     | mayss | Earned 3.00 bonuses for user 1, order 22
2026-05-27 01:11:19 | INFO     | mayss | Earned 3.00 bonuses for user 1, order 23
2026-05-27 01:11:19 | INFO     | mayss | Earned 3.00 bonuses for user 1, order 24
2026-05-27 01:11:19 | INFO     | mayss | Earned 3.00 bonuses for user 1, order 25
2026-05-27 01:11:19 | INFO     | mayss | Earned 3.00 bonuses for user 1, order 26
2026-05-27 01:11:19 | INFO     | mayss | Earned 3.00 bonuses for user 1, order 27
2026-05-27 01:11:19 | INFO     | mayss | Earned 3.00 bonuses for user 1, order 28
2026-05-27 01:11:19 | INFO     | mayss | Earned 3.00 bonuses for user 1, order 29
2026-05-27 01:11:19 | INFO     | mayss | Earned 3.00 bonuses for user 1, order 30
2026-05-27 01:11:19 | INFO     | mayss | Earned 3.00 bonuses for user 1, order 31
2026-05-27 01:11:19 | INFO     | mayss | Earned 3.00 bonuses for user 1, order 32
2026-05-27 01:11:19 | INFO     | mayss | Earned 3.00 bonuses for user 1, order 33
2026-05-27 01:11:19 | INFO     | mayss | Earned 3.00 bonuses for user 1, order 34
2026-05-27 01:11:19 | INFO     | mayss | Earned 3.00 bonuses for user 1, order 35
2026-05-27 01:11:19 | INFO     | mayss | Earned 3.00 bonuses for user 1, order 36
2026-05-27 01:11:19 | INFO     | mayss | Earned 3.00 bonuses for user 1, order 37
2026-05-27 01:11:19 | INFO     | mayss | Earned 3.00 bonuses for user 1, order 38
2026-05-27 01:11:19 | INFO     | mayss | Earned 3.00 bonuses for user 1, order 39
2026-05-27 01:11:19 | INFO     | mayss | Earned 3.00 bonuses for user 1, order 40
2026-05-27 01:11:19 | INFO     | mayss | Earned 3.00 bonuses for user 1, order 41
2026-05-27 01:11:19 | INFO     | mayss | Earned 3.00 bonuses for user 1, order 42
2026-05-27 01:11:19 | INFO     | mayss | Earned 3.00 bonuses for user 1, order 43
2026-05-27 01:11:19 | INFO     | mayss | Earned 3.00 bonuses for user 1, order 44
2026-05-27 01:11:19 | INFO     | mayss | Earned 3.00 bonuses for user 1, order 45
2026-05-27 01:11:19 | INFO     | mayss | Earned 3.00 bonuses for user 1, order 46
2026-05-27 01:11:19 | INFO     | mayss | Earned 3.00 bonuses for user 1, order 47
2026-05-27 01:11:19 | INFO     | mayss | Earned 3.00 bonuses for user 1, order 48
2026-05-27 01:11:19 | INFO     | mayss | Earned 3.00 bonuses for user 1, order 49
2026-05-27 01:11:19 | INFO     | mayss | Earned 3.00 bonuses for user 1, order 50
2026-05-27 01:11:19 | INFO     | mayss | Earned 3.00 bonuses for user 1, order 51
2026-05-27 01:11:19 | INFO     | mayss | Earned 3.00 bonuses for user 1, order 52
2026-05-27 01:11:19 | INFO     | mayss | Earned 3.00 bonuses for user 1, order 53
2026-05-27 01:11:19 | INFO     | mayss | Earned 3.00 bonuses for user 1, order 54
2026-05-27 01:11:19 | INFO     | mayss | Earned 3.00 bonuses for user 1, order 55
2026-05-27 01:11:19 | INFO     | mayss | Earned 3.00 bonuses for user 1, order 56
2026-05-27 01:11:19 | INFO     | mayss | Earned 3.00 bonuses for user 1, order 57
2026-05-27 01:11:19 | INFO     | mayss | Earned 3.00 bonuses for user 1, order 58
2026-05-27 01:11:19 | INFO     | mayss | Earned 3.00 bonuses for user 1, order 59
2026-05-27 01:11:19 | INFO     | mayss | Earned 3.00 bonuses for user 1, order 60
2026-05-27 01:11:19 | INFO     | mayss | Earned 3.00 bonuses for user 1, order 61
2026-05-27 01:11:19 | INFO     | mayss | Earned 3.00 bonuses for user 1, order 62
2026-05-27 01:11:19 | INFO     | mayss | Earned 3.00 bonuses for user 1, order 63
2026-05-27 01:11:19 | INFO     | mayss | Earned 3.00 bonuses for user 1, order 64
2026-05-27 01:11:19 | INFO     | mayss | Earned 3.00 bonuses for user 1, order 65
2026-05-27 01:11:19 | INFO     | mayss | Earned 3.00 bonuses for user 1, order 66
2026-05-27 01:11:19 | INFO     | mayss | Earned 3.00 bonuses for user 1, order 67
2026-05-27 01:11:19 | INFO     | mayss | Earned 3.00 bonuses for user 1, order 68
2026-05-27 01:11:19 | INFO     | mayss | Earned 3.00 bonuses for user 1, order 69
2026-05-27 01:11:19 | INFO     | mayss | Earned 3.00 bonuses for user 1, order 70
2026-05-27 01:11:19 | INFO     | mayss | Earned 3.00 bonuses for user 1, order 71
2026-05-27 01:11:19 | INFO     | mayss | Earned 3.00 bonuses for user 1, order 72
2026-05-27 01:11:19 | INFO     | mayss | Earned 3.00 bonuses for user 1, order 73
2026-05-27 01:11:19 | INFO     | mayss | Earned 3.00 bonuses for user 1, order 74
2026-05-27 01:11:19 | INFO     | mayss | Earned 3.00 bonuses for user 1, order 75
2026-05-27 01:11:19 | INFO     | mayss | Earned 3.00 bonuses for user 1, order 76
2026-05-27 01:11:19 | INFO     | mayss | Earned 3.00 bonuses for user 1, order 77
2026-05-27 01:11:19 | INFO     | mayss | Earned 3.00 bonuses for user 1, order 78
2026-05-27 01:11:19 | INFO     | mayss | Earned 3.00 bonuses for user 1, order 79
2026-05-27 01:11:19 | INFO     | mayss | Earned 3.00 bonuses for user 1, order 80
2026-05-27 01:11:19 | INFO     | mayss | Earned 3.00 bonuses for user 1, order 81
2026-05-27 01:11:19 | INFO     | mayss | Earned 3.00 bonuses for user 1, order 82
2026-05-27 01:11:19 | INFO     | mayss | Earned 3.00 bonuses for user 1, order 83
2026-05-27 01:11:19 | INFO     | mayss | Earned 3.00 bonuses for user 1, order 84
2026-05-27 01:11:19 | INFO     | mayss | Earned 3.00 bonuses for user 1, order 85
2026-05-27 01:11:19 | INFO     | mayss | Earned 3.00 bonuses for user 1, order 86
2026-05-27 01:11:19 | INFO     | mayss | Earned 3.00 bonuses for user 1, order 87
2026-05-27 01:11:19 | INFO     | mayss | Earned 3.00 bonuses for user 1, order 88
2026-05-27 01:11:19 | INFO     | mayss | Earned 3.00 bonuses for user 1, order 89
2026-05-27 01:11:19 | INFO     | mayss | Earned 3.00 bonuses for user 1, order 90
2026-05-27 01:11:19 | INFO     | mayss | Earned 3.00 bonuses for user 1, order 91
2026-05-27 01:11:19 | INFO     | mayss | Earned 3.00 bonuses for user 1, order 92
2026-05-27 01:11:19 | INFO     | mayss | Earned 3.00 bonuses for user 1, order 93
2026-05-27 01:11:19 | INFO     | mayss | Earned 3.00 bonuses for user 1, order 94
2026-05-27 01:11:19 | INFO     | mayss | Earned 3.00 bonuses for user 1, order 95
2026-05-27 01:11:19 | INFO     | mayss | Earned 3.00 bonuses for user 1, order 96
2026-05-27 01:11:19 | INFO     | mayss | Earned 3.00 bonuses for user 1, order 97
2026-05-27 01:11:19 | INFO     | mayss | Earned 3.00 bonuses for user 1, order 98
2026-05-27 01:11:19 | INFO     | mayss | Earned 3.00 bonuses for user 1, order 99
2026-05-27 01:11:19 | INFO     | mayss | Created new bonus wallet for user 1
2026-05-27 01:11:19 | INFO     | mayss | Earned 30.00 bonuses for user 1, order 1
2026-05-27 01:11:19 | INFO     | mayss | Spent 10 bonuses for user 1, order 2
2026-05-27 01:11:19 | INFO     | mayss | RES | IP: testclient | GET /api/v1/products/recommendations | Status: 200 | Time: 4.95ms
2026-05-27 01:11:19 | INFO     | httpx | HTTP Request: GET http://testserver/api/v1/products/recommendations?limit=4 "HTTP/1.1 200 OK"
2026-05-27 01:11:19 | INFO     | mayss | RES | IP: testclient | GET /api/v1/products | Status: 200 | Time: 2.70ms
2026-05-27 01:11:19 | INFO     | httpx | HTTP Request: GET http://testserver/api/v1/products?q=%D0%BD%D0%B0%D1%83%D1%88%D0%BD%D0%B8%D0%BA%D0%B8 "HTTP/1.1 200 OK"
2026-05-27 01:11:19 | INFO     | mayss | RES | IP: testclient | GET /api/v1/public/shops/1 | Status: 200 | Time: 2.22ms
2026-05-27 01:11:19 | INFO     | httpx | HTTP Request: GET http://testserver/api/v1/public/shops/1 "HTTP/1.1 200 OK"
2026-05-27 01:11:19 | INFO     | mayss | RES | IP: testclient | POST /api/v1/auth/login | Status: 200 | Time: 234.52ms
2026-05-27 01:11:19 | INFO     | httpx | HTTP Request: POST http://testserver/api/v1/auth/login "HTTP/1.1 200 OK"
2026-05-27 01:11:19 | INFO     | mayss | RES | IP: testclient | POST /api/v1/auth/login | Status: 200 | Time: 218.74ms
2026-05-27 01:11:19 | INFO     | httpx | HTTP Request: POST http://testserver/api/v1/auth/login "HTTP/1.1 200 OK"
2026-05-27 01:11:19 | INFO     | mayss | RES | IP: testclient | POST /api/v1/support/tickets | Status: 200 | Time: 5.58ms
2026-05-27 01:11:19 | INFO     | httpx | HTTP Request: POST http://testserver/api/v1/support/tickets "HTTP/1.1 200 OK"
2026-05-27 01:11:19 | INFO     | mayss | RES | IP: testclient | POST /api/v1/admin/tickets/1/close | Status: 200 | Time: 2.36ms
2026-05-27 01:11:19 | INFO     | httpx | HTTP Request: POST http://testserver/api/v1/admin/tickets/1/close "HTTP/1.1 200 OK"
2026-05-27 01:11:20 | INFO     | mayss | RES | IP: testclient | POST /api/v1/auth/login | Status: 200 | Time: 259.06ms
2026-05-27 01:11:20 | INFO     | httpx | HTTP Request: POST http://testserver/api/v1/auth/login "HTTP/1.1 200 OK"
2026-05-27 01:11:20 | INFO     | mayss | RES | IP: testclient | POST /api/v1/auth/login | Status: 200 | Time: 221.11ms
2026-05-27 01:11:20 | INFO     | httpx | HTTP Request: POST http://testserver/api/v1/auth/login "HTTP/1.1 200 OK"
2026-05-27 01:11:20 | INFO     | mayss | RES | IP: testclient | POST /api/v1/support/tickets | Status: 200 | Time: 3.35ms
2026-05-27 01:11:20 | INFO     | httpx | HTTP Request: POST http://testserver/api/v1/support/tickets "HTTP/1.1 200 OK"
2026-05-27 01:11:20 | INFO     | mayss | RES | IP: testclient | POST /api/v1/admin/tickets/2/reply | Status: 200 | Time: 2.41ms
2026-05-27 01:11:20 | INFO     | httpx | HTTP Request: POST http://testserver/api/v1/admin/tickets/2/reply "HTTP/1.1 200 OK"
2026-05-27 01:11:20 | INFO     | mayss | RES | IP: testclient | GET /api/v1/products | Status: 200 | Time: 3.73ms
2026-05-27 01:11:20 | INFO     | httpx | HTTP Request: GET http://testserver/api/v1/products?sort=price_asc&page_size=5 "HTTP/1.1 200 OK"
2026-05-27 01:11:20 | INFO     | mayss | RES | IP: testclient | GET /health | Status: 200 | Time: 0.36ms
2026-05-27 01:11:20 | INFO     | httpx | HTTP Request: GET http://testserver/health "HTTP/1.1 200 OK"
2026-05-27 01:11:20 | INFO     | mayss | RES | IP: testclient | GET /api/v1/categories | Status: 200 | Time: 1.23ms
2026-05-27 01:11:20 | INFO     | httpx | HTTP Request: GET http://testserver/api/v1/categories "HTTP/1.1 200 OK"
2026-05-27 01:11:20 | INFO     | mayss | RES | IP: testclient | GET /api/v1/products | Status: 200 | Time: 2.53ms
2026-05-27 01:11:20 | INFO     | httpx | HTTP Request: GET http://testserver/api/v1/products?max_price=5000 "HTTP/1.1 200 OK"
2026-05-27 01:11:20 | INFO     | mayss | RES | IP: testclient | POST /api/v1/auth/login | Status: 401 | Time: 219.10ms
2026-05-27 01:11:20 | INFO     | httpx | HTTP Request: POST http://testserver/api/v1/auth/login "HTTP/1.1 401 Unauthorized"
2026-05-27 01:11:20 | INFO     | mayss | RES | IP: testclient | GET /api/v1/cart | Status: 401 | Time: 0.31ms
2026-05-27 01:11:20 | INFO     | httpx | HTTP Request: GET http://testserver/api/v1/cart "HTTP/1.1 401 Unauthorized"
2026-05-27 01:11:20 | INFO     | mayss | RES | IP: testclient | POST /api/v1/auth/login | Status: 200 | Time: 220.30ms
2026-05-27 01:11:20 | INFO     | httpx | HTTP Request: POST http://testserver/api/v1/auth/login "HTTP/1.1 200 OK"
2026-05-27 01:11:20 | INFO     | mayss | User 2 retrieved cart
2026-05-27 01:11:20 | INFO     | mayss | RES | IP: testclient | GET /api/v1/cart | Status: 200 | Time: 2.81ms
2026-05-27 01:11:20 | INFO     | httpx | HTTP Request: GET http://testserver/api/v1/cart "HTTP/1.1 200 OK"
2026-05-27 01:11:20 | INFO     | mayss | Added item 1 to cart
2026-05-27 01:11:20 | INFO     | mayss | RES | IP: testclient | POST /api/v1/cart/items | Status: 200 | Time: 4.53ms
2026-05-27 01:11:20 | INFO     | httpx | HTTP Request: POST http://testserver/api/v1/cart/items "HTTP/1.1 200 OK"
2026-05-27 01:11:20 | INFO     | mayss | Added item 2 to cart
2026-05-27 01:11:20 | INFO     | mayss | RES | IP: testclient | POST /api/v1/cart/items | Status: 200 | Time: 3.50ms
2026-05-27 01:11:20 | INFO     | httpx | HTTP Request: POST http://testserver/api/v1/cart/items "HTTP/1.1 200 OK"
2026-05-27 01:11:20 | INFO     | mayss | RES | IP: testclient | POST /api/v1/orders | Status: 200 | Time: 6.00ms
2026-05-27 01:11:20 | INFO     | httpx | HTTP Request: POST http://testserver/api/v1/orders "HTTP/1.1 200 OK"
2026-05-27 01:11:21 | INFO     | mayss | RES | IP: testclient | POST /api/v1/auth/login | Status: 200 | Time: 219.87ms
2026-05-27 01:11:21 | INFO     | httpx | HTTP Request: POST http://testserver/api/v1/auth/login "HTTP/1.1 200 OK"
2026-05-27 01:11:21 | INFO     | mayss | Added item 3 to cart
2026-05-27 01:11:21 | INFO     | mayss | RES | IP: testclient | POST /api/v1/cart/items | Status: 200 | Time: 3.70ms
2026-05-27 01:11:21 | INFO     | httpx | HTTP Request: POST http://testserver/api/v1/cart/items "HTTP/1.1 200 OK"
2026-05-27 01:11:21 | INFO     | mayss | RES | IP: testclient | POST /api/v1/orders | Status: 200 | Time: 3.42ms
2026-05-27 01:11:21 | INFO     | httpx | HTTP Request: POST http://testserver/api/v1/orders "HTTP/1.1 200 OK"
2026-05-27 01:11:21 | INFO     | mayss | RES | IP: testclient | POST /api/v1/payments | Status: 200 | Time: 68.67ms
2026-05-27 01:11:21 | INFO     | httpx | HTTP Request: POST http://testserver/api/v1/payments "HTTP/1.1 200 OK"
2026-05-27 01:11:21 | INFO     | mayss | RES | IP: testclient | POST /api/v1/payments | Status: 200 | Time: 1.61ms
2026-05-27 01:11:21 | INFO     | httpx | HTTP Request: POST http://testserver/api/v1/payments "HTTP/1.1 200 OK"
2026-05-27 01:11:21 | INFO     | mayss | RES | IP: testclient | POST /api/v1/auth/login | Status: 200 | Time: 219.37ms
2026-05-27 01:11:21 | INFO     | httpx | HTTP Request: POST http://testserver/api/v1/auth/login "HTTP/1.1 200 OK"
2026-05-27 01:11:21 | WARNING  | mayss | User 2 attempted admin action without permissions
2026-05-27 01:11:21 | INFO     | mayss | RES | IP: testclient | GET /api/v1/admin/stats | Status: 403 | Time: 1.56ms
2026-05-27 01:11:21 | INFO     | httpx | HTTP Request: GET http://testserver/api/v1/admin/stats "HTTP/1.1 403 Forbidden"
2026-05-27 01:11:21 | INFO     | mayss | RES | IP: testclient | POST /api/v1/auth/login | Status: 200 | Time: 217.82ms
2026-05-27 01:11:21 | INFO     | httpx | HTTP Request: POST http://testserver/api/v1/auth/login "HTTP/1.1 200 OK"
2026-05-27 01:11:21 | INFO     | mayss | RES | IP: testclient | GET /api/v1/admin/stats | Status: 200 | Time: 9.14ms
2026-05-27 01:11:21 | INFO     | httpx | HTTP Request: GET http://testserver/api/v1/admin/stats "HTTP/1.1 200 OK"
2026-05-27 01:11:21 | INFO     | mayss | RES | IP: testclient | POST /api/v1/auth/login | Status: 200 | Time: 218.10ms
2026-05-27 01:11:21 | INFO     | httpx | HTTP Request: POST http://testserver/api/v1/auth/login "HTTP/1.1 200 OK"
2026-05-27 01:11:21 | INFO     | mayss | RES | IP: testclient | POST /api/v1/reviews | Status: 403 | Time: 3.01ms
2026-05-27 01:11:21 | INFO     | httpx | HTTP Request: POST http://testserver/api/v1/reviews "HTTP/1.1 403 Forbidden"
2026-05-27 01:11:22 | INFO     | mayss | RES | IP: testclient | POST /api/v1/auth/login | Status: 200 | Time: 221.05ms
2026-05-27 01:11:22 | INFO     | httpx | HTTP Request: POST http://testserver/api/v1/auth/login "HTTP/1.1 200 OK"
2026-05-27 01:11:22 | INFO     | mayss | RES | IP: testclient | POST /api/v1/auth/register | Status: 200 | Time: 220.76ms
2026-05-27 01:11:22 | INFO     | httpx | HTTP Request: POST http://testserver/api/v1/auth/register "HTTP/1.1 200 OK"
2026-05-27 01:11:22 | INFO     | mayss | RES | IP: testclient | POST /api/v1/auth/login | Status: 200 | Time: 218.49ms
2026-05-27 01:11:22 | INFO     | httpx | HTTP Request: POST http://testserver/api/v1/auth/login "HTTP/1.1 200 OK"
2026-05-27 01:11:22 | INFO     | mayss | RES | IP: testclient | POST /api/v1/seller/profile | Status: 200 | Time: 4.43ms
2026-05-27 01:11:22 | INFO     | httpx | HTTP Request: POST http://testserver/api/v1/seller/profile "HTTP/1.1 200 OK"
2026-05-27 01:11:22 | INFO     | mayss | Админ 1 верифицировал магазин 9
2026-05-27 01:11:22 | INFO     | mayss | RES | IP: testclient | POST /api/v1/admin/sellers/9/moderate | Status: 200 | Time: 3.64ms
2026-05-27 01:11:22 | INFO     | httpx | HTTP Request: POST http://testserver/api/v1/admin/sellers/9/moderate "HTTP/1.1 200 OK"
2026-05-27 01:11:22 | INFO     | mayss | RES | IP: testclient | POST /api/v1/seller/products | Status: 200 | Time: 4.86ms
2026-05-27 01:11:22 | INFO     | httpx | HTTP Request: POST http://testserver/api/v1/seller/products "HTTP/1.1 200 OK"
2026-05-27 01:11:22 | INFO     | mayss | RES | IP: testclient | GET /api/v1/products/89 | Status: 404 | Time: 1.43ms
2026-05-27 01:11:22 | INFO     | httpx | HTTP Request: GET http://testserver/api/v1/products/89 "HTTP/1.1 404 Not Found"
2026-05-27 01:11:22 | INFO     | mayss | RES | IP: testclient | GET /api/v1/products/89 | Status: 200 | Time: 1.26ms
2026-05-27 01:11:22 | INFO     | httpx | HTTP Request: GET http://testserver/api/v1/products/89 "HTTP/1.1 200 OK"
2026-05-27 01:11:22 | INFO     | mayss | RES | IP: testclient | POST /api/v1/auth/login | Status: 200 | Time: 219.94ms
2026-05-27 01:11:22 | INFO     | httpx | HTTP Request: POST http://testserver/api/v1/auth/login "HTTP/1.1 200 OK"
2026-05-27 01:11:22 | INFO     | mayss | RES | IP: testclient | POST /api/v1/auth/register | Status: 200 | Time: 220.62ms
2026-05-27 01:11:22 | INFO     | httpx | HTTP Request: POST http://testserver/api/v1/auth/register "HTTP/1.1 200 OK"
2026-05-27 01:11:23 | INFO     | mayss | RES | IP: testclient | POST /api/v1/auth/login | Status: 200 | Time: 220.59ms
2026-05-27 01:11:23 | INFO     | httpx | HTTP Request: POST http://testserver/api/v1/auth/login "HTTP/1.1 200 OK"
2026-05-27 01:11:23 | INFO     | mayss | RES | IP: testclient | POST /api/v1/seller/profile | Status: 200 | Time: 3.25ms
2026-05-27 01:11:23 | INFO     | httpx | HTTP Request: POST http://testserver/api/v1/seller/profile "HTTP/1.1 200 OK"
2026-05-27 01:11:23 | INFO     | mayss | Админ 1 отклонил магазин 10
2026-05-27 01:11:23 | INFO     | mayss | RES | IP: testclient | POST /api/v1/admin/sellers/10/moderate | Status: 200 | Time: 2.59ms
2026-05-27 01:11:23 | INFO     | httpx | HTTP Request: POST http://testserver/api/v1/admin/sellers/10/moderate "HTTP/1.1 200 OK"
2026-05-27 01:11:23 | INFO     | mayss | RES | IP: testclient | GET /api/v1/seller/profile | Status: 200 | Time: 1.31ms
2026-05-27 01:11:23 | INFO     | httpx | HTTP Request: GET http://testserver/api/v1/seller/profile "HTTP/1.1 200 OK"
2026-05-27 01:11:23 | INFO     | mayss | RES | IP: testclient | POST /api/v1/auth/login | Status: 200 | Time: 218.33ms
2026-05-27 01:11:23 | INFO     | httpx | HTTP Request: POST http://testserver/api/v1/auth/login "HTTP/1.1 200 OK"
2026-05-27 01:11:23 | INFO     | mayss | RES | IP: testclient | PATCH /api/v1/seller/profile | Status: 200 | Time: 3.88ms
2026-05-27 01:11:23 | INFO     | httpx | HTTP Request: PATCH http://testserver/api/v1/seller/profile "HTTP/1.1 200 OK"
2026-05-27 01:11:23 | INFO     | mayss | RES | IP: testclient | POST /api/v1/auth/login | Status: 200 | Time: 218.25ms
2026-05-27 01:11:23 | INFO     | httpx | HTTP Request: POST http://testserver/api/v1/auth/login "HTTP/1.1 200 OK"
2026-05-27 01:11:23 | WARNING  | mayss | Seller 3 attempted action without verification
2026-05-27 01:11:23 | INFO     | mayss | RES | IP: testclient | GET /api/v1/seller/orders | Status: 403 | Time: 1.64ms
2026-05-27 01:11:23 | INFO     | httpx | HTTP Request: GET http://testserver/api/v1/seller/orders "HTTP/1.1 403 Forbidden"
2026-05-27 01:11:23 | WARNING  | mayss | Seller 3 attempted action without verification
2026-05-27 01:11:23 | INFO     | mayss | RES | IP: testclient | GET /api/v1/seller/products | Status: 403 | Time: 1.21ms
2026-05-27 01:11:23 | INFO     | httpx | HTTP Request: GET http://testserver/api/v1/seller/products "HTTP/1.1 403 Forbidden"
2026-05-27 01:11:23 | INFO     | mayss | RES | IP: testclient | POST /api/v1/auth/login | Status: 200 | Time: 219.81ms
2026-05-27 01:11:23 | INFO     | httpx | HTTP Request: POST http://testserver/api/v1/auth/login "HTTP/1.1 200 OK"
2026-05-27 01:11:23 | INFO     | mayss | User 2 retrieved cart
2026-05-27 01:11:23 | INFO     | mayss | RES | IP: testclient | GET /api/v1/cart | Status: 200 | Time: 1.88ms
2026-05-27 01:11:23 | INFO     | httpx | HTTP Request: GET http://testserver/api/v1/cart "HTTP/1.1 200 OK"
2026-05-27 01:11:23 | INFO     | mayss | Added item 2 to cart
2026-05-27 01:11:23 | INFO     | mayss | RES | IP: testclient | POST /api/v1/cart/items | Status: 200 | Time: 3.43ms
2026-05-27 01:11:23 | INFO     | httpx | HTTP Request: POST http://testserver/api/v1/cart/items "HTTP/1.1 200 OK"
2026-05-27 01:11:23 | INFO     | mayss | RES | IP: testclient | POST /api/v1/orders | Status: 200 | Time: 3.58ms
2026-05-27 01:11:23 | INFO     | httpx | HTTP Request: POST http://testserver/api/v1/orders "HTTP/1.1 200 OK"
2026-05-27 01:11:23 | INFO     | mayss | RES | IP: testclient | POST /api/v1/payments | Status: 200 | Time: 2.61ms
2026-05-27 01:11:23 | INFO     | httpx | HTTP Request: POST http://testserver/api/v1/payments "HTTP/1.1 200 OK"
2026-05-27 01:11:24 | INFO     | mayss | RES | IP: testclient | POST /api/v1/auth/login | Status: 200 | Time: 219.75ms
2026-05-27 01:11:24 | INFO     | httpx | HTTP Request: POST http://testserver/api/v1/auth/login "HTTP/1.1 200 OK"
2026-05-27 01:11:24 | INFO     | mayss | RES | IP: testclient | POST /api/v1/seller/orders/612/status | Status: 403 | Time: 3.09ms
2026-05-27 01:11:24 | INFO     | httpx | HTTP Request: POST http://testserver/api/v1/seller/orders/612/status?status=delivered "HTTP/1.1 403 Forbidden"
2026-05-27 01:11:24 | INFO     | mayss | RES | IP: testclient | POST /api/v1/auth/login | Status: 200 | Time: 216.80ms
2026-05-27 01:11:24 | INFO     | httpx | HTTP Request: POST http://testserver/api/v1/auth/login "HTTP/1.1 200 OK"
2026-05-27 01:11:24 | INFO     | mayss | RES | IP: testclient | POST /api/v1/auth/login | Status: 200 | Time: 219.04ms
2026-05-27 01:11:24 | INFO     | httpx | HTTP Request: POST http://testserver/api/v1/auth/login "HTTP/1.1 200 OK"
2026-05-27 01:11:24 | INFO     | mayss | User 2 retrieved cart
2026-05-27 01:11:24 | INFO     | mayss | RES | IP: testclient | GET /api/v1/cart | Status: 200 | Time: 1.78ms
2026-05-27 01:11:24 | INFO     | httpx | HTTP Request: GET http://testserver/api/v1/cart "HTTP/1.1 200 OK"
2026-05-27 01:11:24 | INFO     | mayss | Added item 3 to cart
2026-05-27 01:11:24 | INFO     | mayss | RES | IP: testclient | POST /api/v1/cart/items | Status: 200 | Time: 3.72ms
2026-05-27 01:11:24 | INFO     | httpx | HTTP Request: POST http://testserver/api/v1/cart/items "HTTP/1.1 200 OK"
2026-05-27 01:11:24 | INFO     | mayss | RES | IP: testclient | POST /api/v1/orders | Status: 200 | Time: 2.75ms
2026-05-27 01:11:24 | INFO     | httpx | HTTP Request: POST http://testserver/api/v1/orders "HTTP/1.1 200 OK"
2026-05-27 01:11:24 | INFO     | mayss | RES | IP: testclient | GET /api/v1/admin/orders/613 | Status: 200 | Time: 2.06ms
2026-05-27 01:11:24 | INFO     | httpx | HTTP Request: GET http://testserver/api/v1/admin/orders/613 "HTTP/1.1 200 OK"
2026-05-27 01:11:24 | INFO     | mayss | RES | IP: testclient | POST /api/v1/auth/login | Status: 200 | Time: 218.27ms
2026-05-27 01:11:24 | INFO     | httpx | HTTP Request: POST http://testserver/api/v1/auth/login "HTTP/1.1 200 OK"
2026-05-27 01:11:24 | INFO     | mayss | RES | IP: testclient | GET /api/v1/admin/sellers/2/analytics | Status: 200 | Time: 5.48ms
2026-05-27 01:11:24 | INFO     | httpx | HTTP Request: GET http://testserver/api/v1/admin/sellers/2/analytics "HTTP/1.1 200 OK"
2026-05-27 01:11:24 | INFO     | mayss | RES | IP: testclient | GET /api/v1/admin/users/2/analytics | Status: 200 | Time: 3.02ms
2026-05-27 01:11:24 | INFO     | httpx | HTTP Request: GET http://testserver/api/v1/admin/users/2/analytics "HTTP/1.1 200 OK"
2026-05-27 01:11:24 | INFO     | mayss | RES | IP: testclient | POST /api/v1/auth/login | Status: 200 | Time: 220.24ms
2026-05-27 01:11:24 | INFO     | httpx | HTTP Request: POST http://testserver/api/v1/auth/login "HTTP/1.1 200 OK"
2026-05-27 01:11:24 | INFO     | mayss | RES | IP: testclient | GET /api/v1/bonuses/balance | Status: 200 | Time: 1.98ms
2026-05-27 01:11:24 | INFO     | httpx | HTTP Request: GET http://testserver/api/v1/bonuses/balance "HTTP/1.1 200 OK"
2026-05-27 01:11:25 | INFO     | mayss | RES | IP: testclient | POST /api/v1/auth/login | Status: 200 | Time: 217.54ms
2026-05-27 01:11:25 | INFO     | httpx | HTTP Request: POST http://testserver/api/v1/auth/login "HTTP/1.1 200 OK"
2026-05-27 01:11:25 | INFO     | mayss | User 2 retrieved cart
2026-05-27 01:11:25 | INFO     | mayss | RES | IP: testclient | GET /api/v1/cart | Status: 200 | Time: 1.87ms
2026-05-27 01:11:25 | INFO     | httpx | HTTP Request: GET http://testserver/api/v1/cart "HTTP/1.1 200 OK"
2026-05-27 01:11:25 | INFO     | mayss | Added item 1 to cart
2026-05-27 01:11:25 | INFO     | mayss | RES | IP: testclient | POST /api/v1/cart/items | Status: 200 | Time: 3.15ms
2026-05-27 01:11:25 | INFO     | httpx | HTTP Request: POST http://testserver/api/v1/cart/items "HTTP/1.1 200 OK"
2026-05-27 01:11:25 | INFO     | mayss | RES | IP: testclient | POST /api/v1/promos/preview | Status: 200 | Time: 2.68ms
2026-05-27 01:11:25 | INFO     | httpx | HTTP Request: POST http://testserver/api/v1/promos/preview "HTTP/1.1 200 OK"
2026-05-27 01:11:25 | INFO     | mayss | RES | IP: testclient | POST /api/v1/auth/login | Status: 200 | Time: 218.13ms
2026-05-27 01:11:25 | INFO     | httpx | HTTP Request: POST http://testserver/api/v1/auth/login "HTTP/1.1 200 OK"
2026-05-27 01:11:25 | INFO     | mayss | User 2 retrieved cart
2026-05-27 01:11:25 | INFO     | mayss | RES | IP: testclient | GET /api/v1/cart | Status: 200 | Time: 2.00ms
2026-05-27 01:11:25 | INFO     | httpx | HTTP Request: GET http://testserver/api/v1/cart "HTTP/1.1 200 OK"
2026-05-27 01:11:25 | INFO     | mayss | Removed item 1 from cart
2026-05-27 01:11:25 | INFO     | mayss | RES | IP: testclient | DELETE /api/v1/cart/items/1 | Status: 200 | Time: 2.72ms
2026-05-27 01:11:25 | INFO     | httpx | HTTP Request: DELETE http://testserver/api/v1/cart/items/1 "HTTP/1.1 200 OK"
2026-05-27 01:11:25 | INFO     | mayss | Added item 1 to cart
2026-05-27 01:11:25 | INFO     | mayss | RES | IP: testclient | POST /api/v1/cart/items | Status: 200 | Time: 3.48ms
2026-05-27 01:11:25 | INFO     | httpx | HTTP Request: POST http://testserver/api/v1/cart/items "HTTP/1.1 200 OK"
2026-05-27 01:11:25 | INFO     | mayss | RES | IP: testclient | POST /api/v1/promos/preview | Status: 400 | Time: 1.32ms
2026-05-27 01:11:25 | INFO     | httpx | HTTP Request: POST http://testserver/api/v1/promos/preview "HTTP/1.1 400 Bad Request"
2026-05-27 01:11:25 | INFO     | mayss | RES | IP: testclient | POST /api/v1/auth/login | Status: 200 | Time: 219.60ms
2026-05-27 01:11:25 | INFO     | httpx | HTTP Request: POST http://testserver/api/v1/auth/login "HTTP/1.1 200 OK"
2026-05-27 01:11:25 | INFO     | mayss | User 2 retrieved cart
2026-05-27 01:11:25 | INFO     | mayss | RES | IP: testclient | GET /api/v1/cart | Status: 200 | Time: 1.98ms
2026-05-27 01:11:25 | INFO     | httpx | HTTP Request: GET http://testserver/api/v1/cart "HTTP/1.1 200 OK"
2026-05-27 01:11:25 | INFO     | mayss | Removed item 1 from cart
2026-05-27 01:11:25 | INFO     | mayss | RES | IP: testclient | DELETE /api/v1/cart/items/1 | Status: 200 | Time: 2.78ms
2026-05-27 01:11:25 | INFO     | httpx | HTTP Request: DELETE http://testserver/api/v1/cart/items/1 "HTTP/1.1 200 OK"
2026-05-27 01:11:25 | INFO     | mayss | Added item 3 to cart
2026-05-27 01:11:25 | INFO     | mayss | RES | IP: testclient | POST /api/v1/cart/items | Status: 200 | Time: 2.95ms
2026-05-27 01:11:25 | INFO     | httpx | HTTP Request: POST http://testserver/api/v1/cart/items "HTTP/1.1 200 OK"
2026-05-27 01:11:25 | INFO     | mayss | User 2 retrieved cart
2026-05-27 01:11:25 | INFO     | mayss | RES | IP: testclient | GET /api/v1/cart | Status: 200 | Time: 1.48ms
2026-05-27 01:11:25 | INFO     | httpx | HTTP Request: GET http://testserver/api/v1/cart "HTTP/1.1 200 OK"
2026-05-27 01:11:25 | INFO     | mayss | RES | IP: testclient | POST /api/v1/orders | Status: 200 | Time: 4.04ms
2026-05-27 01:11:25 | INFO     | httpx | HTTP Request: POST http://testserver/api/v1/orders "HTTP/1.1 200 OK"
2026-05-27 01:11:25 | INFO     | mayss | RES | IP: testclient | POST /api/v1/auth/login | Status: 200 | Time: 220.98ms
2026-05-27 01:11:25 | INFO     | httpx | HTTP Request: POST http://testserver/api/v1/auth/login "HTTP/1.1 200 OK"
2026-05-27 01:11:25 | INFO     | mayss | RES | IP: testclient | GET /api/v1/admin/promos | Status: 200 | Time: 2.61ms
2026-05-27 01:11:25 | INFO     | httpx | HTTP Request: GET http://testserver/api/v1/admin/promos "HTTP/1.1 200 OK"
2026-05-27 01:11:26 | INFO     | mayss | RES | IP: testclient | POST /api/v1/auth/login | Status: 200 | Time: 219.84ms
2026-05-27 01:11:26 | INFO     | httpx | HTTP Request: POST http://testserver/api/v1/auth/login "HTTP/1.1 200 OK"
2026-05-27 01:11:26 | INFO     | mayss | RES | IP: testclient | POST /api/v1/admin/promos | Status: 200 | Time: 35.35ms
2026-05-27 01:11:26 | INFO     | httpx | HTTP Request: POST http://testserver/api/v1/admin/promos "HTTP/1.1 200 OK"
2026-05-27 01:11:26 | INFO     | mayss | RES | IP: testclient | POST /api/v1/auth/register | Status: 200 | Time: 221.00ms
2026-05-27 01:11:26 | INFO     | httpx | HTTP Request: POST http://testserver/api/v1/auth/register "HTTP/1.1 200 OK"
2026-05-27 01:11:26 | INFO     | mayss | RES | IP: testclient | POST /api/v1/auth/login | Status: 200 | Time: 218.21ms
2026-05-27 01:11:26 | INFO     | httpx | HTTP Request: POST http://testserver/api/v1/auth/login "HTTP/1.1 200 OK"
2026-05-27 01:11:26 | INFO     | mayss | RES | IP: testclient | POST /api/v1/seller/profile | Status: 200 | Time: 3.59ms
2026-05-27 01:11:26 | INFO     | httpx | HTTP Request: POST http://testserver/api/v1/seller/profile "HTTP/1.1 200 OK"
2026-05-27 01:11:26 | INFO     | mayss | RES | IP: testclient | POST /api/v1/seller/promos | Status: 403 | Time: 1.62ms
2026-05-27 01:11:26 | INFO     | httpx | HTTP Request: POST http://testserver/api/v1/seller/promos "HTTP/1.1 403 Forbidden"
2026-05-27 01:11:26 | INFO     | mayss | RES | IP: testclient | POST /api/v1/auth/login | Status: 200 | Time: 218.34ms
2026-05-27 01:11:26 | INFO     | httpx | HTTP Request: POST http://testserver/api/v1/auth/login "HTTP/1.1 200 OK"
2026-05-27 01:11:27 | INFO     | mayss | RES | IP: testclient | POST /api/v1/auth/login | Status: 200 | Time: 226.40ms
2026-05-27 01:11:27 | INFO     | httpx | HTTP Request: POST http://testserver/api/v1/auth/login "HTTP/1.1 200 OK"
2026-05-27 01:11:27 | INFO     | mayss | RES | IP: testclient | POST /api/v1/seller/promos | Status: 200 | Time: 3.45ms
2026-05-27 01:11:27 | INFO     | httpx | HTTP Request: POST http://testserver/api/v1/seller/promos "HTTP/1.1 200 OK"
2026-05-27 01:11:27 | INFO     | mayss | RES | IP: testclient | POST /api/v1/auth/login | Status: 200 | Time: 218.57ms
2026-05-27 01:11:27 | INFO     | httpx | HTTP Request: POST http://testserver/api/v1/auth/login "HTTP/1.1 200 OK"
2026-05-27 01:11:27 | INFO     | mayss | User 2 retrieved cart
2026-05-27 01:11:27 | INFO     | mayss | RES | IP: testclient | GET /api/v1/cart | Status: 200 | Time: 1.99ms
2026-05-27 01:11:27 | INFO     | httpx | HTTP Request: GET http://testserver/api/v1/cart "HTTP/1.1 200 OK"
2026-05-27 01:11:27 | INFO     | mayss | Added item 4 to cart
2026-05-27 01:11:27 | INFO     | mayss | RES | IP: testclient | POST /api/v1/cart/items | Status: 200 | Time: 3.09ms
2026-05-27 01:11:27 | INFO     | httpx | HTTP Request: POST http://testserver/api/v1/cart/items "HTTP/1.1 200 OK"
2026-05-27 01:11:27 | INFO     | mayss | RES | IP: testclient | POST /api/v1/orders | Status: 200 | Time: 3.15ms
2026-05-27 01:11:27 | INFO     | httpx | HTTP Request: POST http://testserver/api/v1/orders "HTTP/1.1 200 OK"
2026-05-27 01:11:27 | INFO     | mayss | RES | IP: testclient | POST /api/v1/payments | Status: 200 | Time: 3.01ms
2026-05-27 01:11:27 | INFO     | httpx | HTTP Request: POST http://testserver/api/v1/payments "HTTP/1.1 200 OK"
2026-05-27 01:11:27 | INFO     | mayss | RES | IP: testclient | GET /api/v1/orders/615 | Status: 200 | Time: 1.49ms
2026-05-27 01:11:27 | INFO     | httpx | HTTP Request: GET http://testserver/api/v1/orders/615 "HTTP/1.1 200 OK"
2026-05-27 01:11:27 | INFO     | mayss | RES | IP: testclient | POST /api/v1/auth/register | Status: 200 | Time: 222.29ms
2026-05-27 01:11:27 | INFO     | httpx | HTTP Request: POST http://testserver/api/v1/auth/register "HTTP/1.1 200 OK"
2026-05-27 01:11:27 | INFO     | mayss | RES | IP: testclient | POST /api/v1/auth/login | Status: 200 | Time: 218.70ms
2026-05-27 01:11:27 | INFO     | httpx | HTTP Request: POST http://testserver/api/v1/auth/login "HTTP/1.1 200 OK"
2026-05-27 01:11:27 | INFO     | mayss | RES | IP: testclient | POST /api/v1/seller/profile | Status: 200 | Time: 3.32ms
2026-05-27 01:11:27 | INFO     | httpx | HTTP Request: POST http://testserver/api/v1/seller/profile "HTTP/1.1 200 OK"
2026-05-27 01:11:27 | WARNING  | mayss | Seller 64 attempted action without verification
2026-05-27 01:11:27 | INFO     | mayss | RES | IP: testclient | POST /api/v1/seller/products | Status: 403 | Time: 1.62ms
2026-05-27 01:11:27 | INFO     | httpx | HTTP Request: POST http://testserver/api/v1/seller/products "HTTP/1.1 403 Forbidden"
2026-05-27 01:11:27 | INFO     | mayss | RES | IP: testclient | POST /api/v1/notifications/telegram/webhook | Status: 200 | Time: 1.20ms
2026-05-27 01:11:27 | INFO     | httpx | HTTP Request: POST http://testserver/api/v1/notifications/telegram/webhook "HTTP/1.1 200 OK"
2026-05-27 01:11:27 | INFO     | mayss | RES | IP: testclient | GET /api/v1/notifications/push/public-key | Status: 503 | Time: 0.33ms
2026-05-27 01:11:27 | INFO     | httpx | HTTP Request: GET http://testserver/api/v1/notifications/push/public-key "HTTP/1.1 503 Service Unavailable"
2026-05-27 01:11:57 | INFO     | app.core.logger | Система логирования инициализирована. Debug режим: False
2026-05-27 01:11:57 | INFO     | mayss | Starting MAYSS Marketplace API
2026-05-27 01:11:57 | INFO     | mayss | Database initialized successfully
2026-05-27 01:11:57 | INFO     | mayss | RES | IP: testclient | POST /api/v1/auth/login | Status: 200 | Time: 228.46ms
2026-05-27 01:11:57 | INFO     | httpx | HTTP Request: POST http://testserver/api/v1/auth/login "HTTP/1.1 200 OK"
2026-05-27 01:11:57 | INFO     | mayss | RES | IP: testclient | GET /api/v1/bonuses/balance | Status: 200 | Time: 2.28ms
2026-05-27 01:11:57 | INFO     | httpx | HTTP Request: GET http://testserver/api/v1/bonuses/balance "HTTP/1.1 200 OK"
2026-05-26 22:17:07 | INFO     | app.core.logger | Система логирования инициализирована. Debug режим: False
2026-05-26 22:17:07 | INFO     | mayss | Starting MAYSS Marketplace API
2026-05-26 22:17:07 | INFO     | mayss | Database initialized successfully
2026-05-26 22:17:10 | INFO     | mayss | RES | IP: 172.18.0.1 | OPTIONS /api/v1/categories | Status: 200 | Time: 2.22ms
2026-05-26 22:17:10 | INFO     | mayss | RES | IP: 172.18.0.1 | OPTIONS /api/v1/products | Status: 200 | Time: 3.02ms
2026-05-26 22:17:10 | INFO     | mayss | RES | IP: 172.18.0.1 | GET /api/v1/categories | Status: 200 | Time: 49.51ms
2026-05-26 22:17:10 | INFO     | mayss | RES | IP: 172.18.0.1 | GET /api/v1/products | Status: 200 | Time: 52.12ms
2026-05-26 22:17:12 | INFO     | mayss | RES | IP: 172.18.0.1 | OPTIONS /api/v1/orders | Status: 200 | Time: 1.10ms
2026-05-26 22:17:12 | INFO     | mayss | RES | IP: 172.18.0.1 | GET /api/v1/orders | Status: 200 | Time: 28.19ms
2026-05-26 22:17:12 | INFO     | mayss | RES | IP: 172.18.0.1 | OPTIONS /api/v1/cart | Status: 200 | Time: 0.78ms
2026-05-26 22:17:12 | INFO     | mayss | User 1 retrieved cart
2026-05-26 22:17:12 | INFO     | mayss | Created new bonus wallet for user 1
2026-05-26 22:17:12 | INFO     | mayss | RES | IP: 172.18.0.1 | GET /api/v1/cart | Status: 200 | Time: 16.06ms
2026-05-26 22:17:12 | INFO     | mayss | RES | IP: 172.18.0.1 | OPTIONS /api/v1/favorites | Status: 200 | Time: 0.26ms
2026-05-26 22:17:12 | INFO     | mayss | RES | IP: 172.18.0.1 | GET /api/v1/favorites | Status: 200 | Time: 4.64ms
2026-05-26 22:17:13 | INFO     | mayss | RES | IP: 172.18.0.1 | OPTIONS /api/v1/auth/me | Status: 200 | Time: 10.87ms
2026-05-26 22:17:13 | INFO     | mayss | RES | IP: 172.18.0.1 | GET /api/v1/auth/me | Status: 200 | Time: 95.22ms
2026-05-26 22:17:14 | INFO     | mayss | RES | IP: 172.18.0.1 | OPTIONS /api/v1/products/recommendations | Status: 200 | Time: 1.61ms
2026-05-26 22:17:14 | INFO     | mayss | RES | IP: 172.18.0.1 | GET /api/v1/products/recommendations | Status: 200 | Time: 24.64ms
2026-05-26 22:17:24 | INFO     | mayss | RES | IP: 172.18.0.1 | GET /api/v1/categories | Status: 200 | Time: 43.71ms
2026-05-26 22:17:24 | INFO     | mayss | RES | IP: 172.18.0.1 | GET /api/v1/products | Status: 200 | Time: 41.28ms
2026-05-26 22:17:25 | INFO     | mayss | RES | IP: 172.18.0.1 | GET /api/v1/orders | Status: 200 | Time: 20.41ms
2026-05-26 22:17:25 | INFO     | mayss | User 1 retrieved cart
2026-05-26 22:17:25 | INFO     | mayss | Created new bonus wallet for user 1
2026-05-26 22:17:25 | INFO     | mayss | RES | IP: 172.18.0.1 | GET /api/v1/cart | Status: 200 | Time: 9.60ms
2026-05-26 22:17:25 | INFO     | mayss | RES | IP: 172.18.0.1 | GET /api/v1/favorites | Status: 200 | Time: 3.63ms
2026-05-26 22:17:25 | INFO     | mayss | RES | IP: 172.18.0.1 | GET /api/v1/auth/me | Status: 200 | Time: 1.51ms
2026-05-26 22:17:25 | INFO     | mayss | RES | IP: 172.18.0.1 | GET /api/v1/products/recommendations | Status: 200 | Time: 31.96ms
2026-05-26 22:17:26 | INFO     | mayss | RES | IP: 172.18.0.1 | OPTIONS /api/v1/cards | Status: 200 | Time: 15.15ms
2026-05-26 22:17:26 | INFO     | mayss | RES | IP: 172.18.0.1 | OPTIONS /api/v1/support/tickets | Status: 200 | Time: 14.25ms
2026-05-26 22:17:26 | INFO     | mayss | RES | IP: 172.18.0.1 | OPTIONS /api/v1/addresses | Status: 200 | Time: 3.74ms
2026-05-26 22:17:26 | INFO     | mayss | RES | IP: 172.18.0.1 | GET /api/v1/orders | Status: 200 | Time: 48.46ms
2026-05-26 22:17:26 | INFO     | mayss | RES | IP: 172.18.0.1 | GET /api/v1/favorites | Status: 200 | Time: 56.51ms
2026-05-26 22:17:26 | INFO     | mayss | RES | IP: 172.18.0.1 | GET /api/v1/auth/me | Status: 200 | Time: 94.85ms
2026-05-26 22:17:26 | INFO     | mayss | RES | IP: 172.18.0.1 | GET /api/v1/cards | Status: 200 | Time: 61.10ms
2026-05-26 22:17:26 | INFO     | mayss | RES | IP: 172.18.0.1 | GET /api/v1/addresses | Status: 200 | Time: 74.99ms
2026-05-26 22:17:26 | INFO     | mayss | RES | IP: 172.18.0.1 | GET /api/v1/support/tickets | Status: 200 | Time: 83.20ms
2026-05-26 22:17:30 | INFO     | mayss | RES | IP: 172.18.0.1 | GET /api/v1/auth/me | Status: 200 | Time: 27.00ms
2026-05-26 22:17:30 | INFO     | mayss | RES | IP: 172.18.0.1 | GET /api/v1/categories | Status: 200 | Time: 27.95ms
2026-05-26 22:17:30 | INFO     | mayss | RES | IP: 172.18.0.1 | OPTIONS /api/v1/seller/profile | Status: 200 | Time: 0.29ms
2026-05-26 22:17:30 | INFO     | mayss | RES | IP: 172.18.0.1 | GET /api/v1/seller/profile | Status: 404 | Time: 18.84ms
2026-05-26 22:17:31 | INFO     | mayss | RES | IP: 172.18.0.1 | GET /api/v1/orders | Status: 200 | Time: 102.08ms
2026-05-26 22:17:31 | INFO     | mayss | RES | IP: 172.18.0.1 | GET /api/v1/cards | Status: 200 | Time: 94.68ms
2026-05-26 22:17:31 | INFO     | mayss | RES | IP: 172.18.0.1 | GET /api/v1/favorites | Status: 200 | Time: 93.43ms
2026-05-26 22:17:31 | INFO     | mayss | RES | IP: 172.18.0.1 | GET /api/v1/support/tickets | Status: 200 | Time: 98.15ms
2026-05-26 22:17:31 | INFO     | mayss | RES | IP: 172.18.0.1 | GET /api/v1/auth/me | Status: 200 | Time: 126.67ms
2026-05-26 22:17:31 | INFO     | mayss | RES | IP: 172.18.0.1 | GET /api/v1/addresses | Status: 200 | Time: 110.67ms
2026-05-26 22:17:31 | INFO     | mayss | RES | IP: 172.18.0.1 | OPTIONS /api/v1/admin/orders | Status: 200 | Time: 7.93ms
2026-05-26 22:17:31 | INFO     | mayss | RES | IP: 172.18.0.1 | OPTIONS /api/v1/admin/users | Status: 200 | Time: 9.71ms
2026-05-26 22:17:31 | INFO     | mayss | RES | IP: 172.18.0.1 | OPTIONS /api/v1/admin/sellers | Status: 200 | Time: 9.47ms
2026-05-26 22:17:31 | INFO     | mayss | RES | IP: 172.18.0.1 | OPTIONS /api/v1/admin/stats | Status: 200 | Time: 9.97ms
2026-05-26 22:17:31 | INFO     | mayss | RES | IP: 172.18.0.1 | OPTIONS /api/v1/admin/products | Status: 200 | Time: 10.07ms
2026-05-26 22:17:31 | INFO     | mayss | RES | IP: 172.18.0.1 | GET /api/v1/auth/me | Status: 200 | Time: 35.06ms
2026-05-26 22:17:31 | INFO     | mayss | RES | IP: 172.18.0.1 | OPTIONS /api/v1/admin/tickets | Status: 200 | Time: 3.07ms
2026-05-26 22:17:31 | INFO     | mayss | RES | IP: 172.18.0.1 | GET /api/v1/admin/users | Status: 200 | Time: 63.34ms
2026-05-26 22:17:31 | INFO     | mayss | RES | IP: 172.18.0.1 | GET /api/v1/admin/orders | Status: 200 | Time: 67.59ms
2026-05-26 22:17:31 | INFO     | mayss | RES | IP: 172.18.0.1 | GET /api/v1/admin/tickets | Status: 200 | Time: 77.64ms
2026-05-26 22:17:31 | INFO     | mayss | RES | IP: 172.18.0.1 | GET /api/v1/admin/products | Status: 200 | Time: 94.86ms
2026-05-26 22:17:32 | INFO     | mayss | RES | IP: 172.18.0.1 | GET /api/v1/admin/sellers | Status: 200 | Time: 73.21ms
2026-05-26 22:17:32 | INFO     | mayss | RES | IP: 172.18.0.1 | GET /api/v1/admin/stats | Status: 200 | Time: 100.36ms
2026-05-26 22:17:52 | INFO     | mayss | RES | IP: 172.18.0.1 | GET /api/v1/orders | Status: 200 | Time: 36.32ms
2026-05-26 22:17:52 | INFO     | mayss | RES | IP: 172.18.0.1 | GET /api/v1/favorites | Status: 200 | Time: 61.75ms
2026-05-26 22:17:52 | INFO     | mayss | RES | IP: 172.18.0.1 | GET /api/v1/support/tickets | Status: 200 | Time: 31.83ms
2026-05-26 22:17:52 | INFO     | mayss | RES | IP: 172.18.0.1 | GET /api/v1/auth/me | Status: 200 | Time: 51.12ms
2026-05-26 22:17:52 | INFO     | mayss | RES | IP: 172.18.0.1 | GET /api/v1/addresses | Status: 200 | Time: 40.13ms
2026-05-26 22:17:52 | INFO     | mayss | RES | IP: 172.18.0.1 | GET /api/v1/cards | Status: 200 | Time: 34.54ms
2026-05-26 22:18:03 | INFO     | mayss | RES | IP: 172.18.0.1 | OPTIONS /api/v1/products | Status: 200 | Time: 4.25ms
2026-05-26 22:18:03 | INFO     | mayss | RES | IP: 172.18.0.1 | GET /api/v1/products | Status: 200 | Time: 47.04ms
2026-05-26 22:18:07 | INFO     | mayss | RES | IP: 172.18.0.1 | OPTIONS /api/v1/cart/items | Status: 200 | Time: 3.53ms
2026-05-26 22:18:07 | INFO     | mayss | Added item 3 to cart
2026-05-26 22:18:07 | INFO     | mayss | Created new bonus wallet for user 1
2026-05-26 22:18:07 | INFO     | mayss | RES | IP: 172.18.0.1 | POST /api/v1/cart/items | Status: 200 | Time: 69.14ms
2026-05-26 22:18:07 | INFO     | mayss | User 1 retrieved cart
2026-05-26 22:18:07 | INFO     | mayss | Created new bonus wallet for user 1
2026-05-26 22:18:07 | INFO     | mayss | RES | IP: 172.18.0.1 | GET /api/v1/cart | Status: 200 | Time: 5.39ms
2026-05-26 22:18:08 | INFO     | mayss | User 1 retrieved cart
2026-05-26 22:18:08 | INFO     | mayss | RES | IP: 172.18.0.1 | OPTIONS /api/v1/bonuses/balance | Status: 200 | Time: 4.24ms
2026-05-26 22:18:09 | INFO     | mayss | Created new bonus wallet for user 1
2026-05-26 22:18:09 | INFO     | mayss | RES | IP: 172.18.0.1 | GET /api/v1/addresses | Status: 200 | Time: 25.55ms
2026-05-26 22:18:09 | INFO     | mayss | RES | IP: 172.18.0.1 | GET /api/v1/cart | Status: 200 | Time: 53.56ms
2026-05-26 22:18:09 | INFO     | mayss | Created new bonus wallet for user 1
2026-05-26 22:18:09 | INFO     | mayss | RES | IP: 172.18.0.1 | GET /api/v1/cards | Status: 200 | Time: 30.04ms
2026-05-26 22:18:09 | INFO     | mayss | RES | IP: 172.18.0.1 | GET /api/v1/bonuses/balance | Status: 200 | Time: 23.48ms
2026-05-26 22:18:16 | INFO     | mayss | RES | IP: 172.18.0.1 | POST /api/v1/orders | Status: 200 | Time: 67.43ms
2026-05-26 22:18:16 | INFO     | mayss | RES | IP: 172.18.0.1 | OPTIONS /api/v1/payments | Status: 200 | Time: 0.27ms
2026-05-26 22:18:16 | INFO     | mayss | RES | IP: 172.18.0.1 | POST /api/v1/payments | Status: 200 | Time: 165.23ms
2026-05-26 22:18:17 | INFO     | mayss | User 1 retrieved cart
2026-05-26 22:18:17 | INFO     | mayss | RES | IP: 172.18.0.1 | GET /api/v1/cart | Status: 200 | Time: 2.89ms
2026-05-26 22:18:17 | INFO     | mayss | RES | IP: 172.18.0.1 | GET /api/v1/orders | Status: 200 | Time: 2.32ms
2026-05-26 22:18:18 | INFO     | mayss | RES | IP: 172.18.0.1 | GET /api/v1/auth/me | Status: 200 | Time: 35.20ms
2026-05-26 22:18:18 | INFO     | mayss | RES | IP: 172.18.0.1 | GET /api/v1/orders | Status: 200 | Time: 23.42ms
2026-05-26 22:18:18 | INFO     | mayss | RES | IP: 172.18.0.1 | GET /api/v1/favorites | Status: 200 | Time: 28.04ms
2026-05-26 22:18:18 | INFO     | mayss | RES | IP: 172.18.0.1 | GET /api/v1/support/tickets | Status: 200 | Time: 27.74ms
2026-05-26 22:18:18 | INFO     | mayss | RES | IP: 172.18.0.1 | GET /api/v1/addresses | Status: 200 | Time: 27.45ms
2026-05-26 22:18:18 | INFO     | mayss | RES | IP: 172.18.0.1 | GET /api/v1/cards | Status: 200 | Time: 33.60ms
2026-05-26 22:18:22 | INFO     | mayss | RES | IP: 172.18.0.1 | GET /api/v1/products | Status: 200 | Time: 43.16ms
2026-05-26 22:18:23 | INFO     | mayss | Added item 19 to cart
2026-05-26 22:18:23 | INFO     | mayss | RES | IP: 172.18.0.1 | POST /api/v1/cart/items | Status: 200 | Time: 36.05ms
2026-05-26 22:18:23 | INFO     | mayss | User 1 retrieved cart
2026-05-26 22:18:23 | INFO     | mayss | RES | IP: 172.18.0.1 | GET /api/v1/cart | Status: 200 | Time: 5.76ms
2026-05-26 22:18:24 | INFO     | mayss | User 1 retrieved cart
2026-05-26 22:18:24 | INFO     | mayss | RES | IP: 172.18.0.1 | GET /api/v1/addresses | Status: 200 | Time: 156.07ms
2026-05-26 22:18:24 | INFO     | mayss | RES | IP: 172.18.0.1 | GET /api/v1/cards | Status: 200 | Time: 151.37ms
2026-05-26 22:18:24 | INFO     | mayss | RES | IP: 172.18.0.1 | GET /api/v1/bonuses/balance | Status: 200 | Time: 10.08ms
2026-05-26 22:18:24 | INFO     | mayss | RES | IP: 172.18.0.1 | GET /api/v1/cart | Status: 200 | Time: 168.08ms
2026-05-26 22:23:38 | INFO     | app.core.logger | Система логирования инициализирована. Debug режим: False
2026-05-26 22:23:38 | INFO     | mayss | Starting MAYSS Marketplace API
2026-05-26 22:23:38 | INFO     | mayss | Database initialized successfully
2026-05-26 22:23:41 | INFO     | mayss | RES | IP: 192.168.65.1 | OPTIONS /api/v1/auth/login | Status: 200 | Time: 1.84ms
2026-05-26 22:23:41 | INFO     | mayss | RES | IP: 192.168.65.1 | POST /api/v1/auth/login | Status: 200 | Time: 280.57ms
2026-05-26 22:23:41 | INFO     | mayss | RES | IP: 192.168.65.1 | GET /api/v1/auth/me | Status: 200 | Time: 19.90ms
2026-05-26 22:23:41 | INFO     | mayss | RES | IP: 192.168.65.1 | GET /api/v1/auth/me | Status: 200 | Time: 2.71ms
2026-05-26 22:23:41 | INFO     | mayss | User 2 retrieved cart
2026-05-26 22:23:41 | INFO     | mayss | RES | IP: 192.168.65.1 | GET /api/v1/favorites | Status: 200 | Time: 36.97ms
2026-05-26 22:23:41 | INFO     | mayss | RES | IP: 192.168.65.1 | GET /api/v1/cart | Status: 200 | Time: 49.27ms
2026-05-26 22:23:42 | INFO     | mayss | RES | IP: 192.168.65.1 | GET /api/v1/auth/me | Status: 200 | Time: 56.03ms
2026-05-26 22:23:42 | INFO     | mayss | RES | IP: 192.168.65.1 | GET /api/v1/orders | Status: 200 | Time: 74.97ms
2026-05-26 22:23:42 | INFO     | mayss | RES | IP: 192.168.65.1 | GET /api/v1/addresses | Status: 200 | Time: 59.52ms
2026-05-26 22:23:42 | INFO     | mayss | RES | IP: 192.168.65.1 | GET /api/v1/support/tickets | Status: 200 | Time: 66.74ms
2026-05-26 22:23:42 | INFO     | mayss | RES | IP: 192.168.65.1 | GET /api/v1/cards | Status: 200 | Time: 72.39ms
2026-05-26 22:23:42 | INFO     | mayss | RES | IP: 192.168.65.1 | GET /api/v1/favorites | Status: 200 | Time: 92.82ms
2026-05-26 22:23:45 | INFO     | mayss | RES | IP: 192.168.65.1 | GET /api/v1/products | Status: 200 | Time: 38.07ms
2026-05-26 22:23:49 | INFO     | mayss | Added item 87 to cart
2026-05-26 22:23:49 | INFO     | mayss | RES | IP: 192.168.65.1 | POST /api/v1/cart/items | Status: 200 | Time: 52.89ms
2026-05-26 22:23:49 | INFO     | mayss | User 2 retrieved cart
2026-05-26 22:23:49 | INFO     | mayss | RES | IP: 192.168.65.1 | GET /api/v1/cart | Status: 200 | Time: 5.42ms
2026-05-26 22:23:50 | INFO     | mayss | User 2 retrieved cart
2026-05-26 22:23:50 | INFO     | mayss | RES | IP: 192.168.65.1 | GET /api/v1/addresses | Status: 200 | Time: 14.29ms
2026-05-26 22:23:50 | INFO     | mayss | RES | IP: 192.168.65.1 | GET /api/v1/bonuses/balance | Status: 200 | Time: 20.27ms
2026-05-26 22:23:50 | INFO     | mayss | RES | IP: 192.168.65.1 | GET /api/v1/cards | Status: 200 | Time: 17.86ms
2026-05-26 22:23:50 | INFO     | mayss | RES | IP: 192.168.65.1 | GET /api/v1/cart | Status: 200 | Time: 52.79ms
2026-05-26 22:24:00 | INFO     | mayss | RES | IP: 192.168.65.1 | POST /api/v1/orders | Status: 200 | Time: 60.55ms
2026-05-26 22:24:00 | INFO     | mayss | RES | IP: 192.168.65.1 | POST /api/v1/payments | Status: 200 | Time: 103.42ms
2026-05-26 22:24:00 | INFO     | mayss | User 2 retrieved cart
2026-05-26 22:24:00 | INFO     | mayss | RES | IP: 192.168.65.1 | GET /api/v1/cart | Status: 200 | Time: 3.45ms
2026-05-26 22:24:00 | INFO     | mayss | RES | IP: 192.168.65.1 | GET /api/v1/orders | Status: 200 | Time: 4.22ms
2026-05-26 22:24:01 | INFO     | mayss | RES | IP: 192.168.65.1 | GET /api/v1/auth/me | Status: 200 | Time: 27.15ms
2026-05-26 22:24:01 | INFO     | mayss | RES | IP: 192.168.65.1 | GET /api/v1/cards | Status: 200 | Time: 24.89ms
2026-05-26 22:24:01 | INFO     | mayss | RES | IP: 192.168.65.1 | GET /api/v1/orders | Status: 200 | Time: 30.18ms
2026-05-26 22:24:01 | INFO     | mayss | RES | IP: 192.168.65.1 | GET /api/v1/favorites | Status: 200 | Time: 26.10ms
2026-05-26 22:24:01 | INFO     | mayss | RES | IP: 192.168.65.1 | GET /api/v1/support/tickets | Status: 200 | Time: 24.03ms
2026-05-26 22:24:01 | INFO     | mayss | RES | IP: 192.168.65.1 | GET /api/v1/addresses | Status: 200 | Time: 46.92ms
2026-05-26 22:24:03 | INFO     | mayss | RES | IP: 192.168.65.1 | GET /api/v1/products | Status: 200 | Time: 52.15ms
2026-05-26 22:24:05 | INFO     | mayss | Added item 86 to cart
2026-05-26 22:24:05 | INFO     | mayss | RES | IP: 192.168.65.1 | POST /api/v1/cart/items | Status: 200 | Time: 61.54ms
2026-05-26 22:24:05 | INFO     | mayss | User 2 retrieved cart
2026-05-26 22:24:05 | INFO     | mayss | RES | IP: 192.168.65.1 | GET /api/v1/cart | Status: 200 | Time: 4.75ms
2026-05-26 22:24:06 | INFO     | mayss | User 2 retrieved cart
2026-05-26 22:24:06 | INFO     | mayss | RES | IP: 192.168.65.1 | GET /api/v1/cards | Status: 200 | Time: 10.53ms
2026-05-26 22:24:06 | INFO     | mayss | RES | IP: 192.168.65.1 | GET /api/v1/addresses | Status: 200 | Time: 14.66ms
2026-05-26 22:24:06 | INFO     | mayss | RES | IP: 192.168.65.1 | GET /api/v1/bonuses/balance | Status: 200 | Time: 10.89ms
2026-05-26 22:24:06 | INFO     | mayss | RES | IP: 192.168.65.1 | GET /api/v1/cart | Status: 200 | Time: 31.27ms
2026-05-26 22:24:39 | INFO     | mayss | RES | IP: 192.168.65.1 | GET /api/v1/auth/me | Status: 200 | Time: 50.47ms
2026-05-26 22:24:39 | INFO     | mayss | RES | IP: 192.168.65.1 | GET /api/v1/support/tickets | Status: 200 | Time: 51.31ms
2026-05-26 22:24:39 | INFO     | mayss | RES | IP: 192.168.65.1 | GET /api/v1/orders | Status: 200 | Time: 60.19ms
2026-05-26 22:24:39 | INFO     | mayss | RES | IP: 192.168.65.1 | GET /api/v1/favorites | Status: 200 | Time: 74.99ms
2026-05-26 22:24:39 | INFO     | mayss | RES | IP: 192.168.65.1 | GET /api/v1/cards | Status: 200 | Time: 73.89ms
2026-05-26 22:24:39 | INFO     | mayss | RES | IP: 192.168.65.1 | GET /api/v1/addresses | Status: 200 | Time: 65.84ms
2026-05-26 22:24:40 | INFO     | mayss | RES | IP: 192.168.65.1 | GET /api/v1/products/recommendations | Status: 200 | Time: 27.32ms
2026-05-26 22:24:44 | INFO     | mayss | RES | IP: 192.168.65.1 | POST /api/v1/auth/login | Status: 200 | Time: 267.37ms
2026-05-26 22:24:44 | INFO     | mayss | RES | IP: 192.168.65.1 | GET /api/v1/auth/me | Status: 200 | Time: 8.74ms
2026-05-26 22:24:44 | INFO     | mayss | User 1 retrieved cart
2026-05-26 22:24:44 | INFO     | mayss | RES | IP: 192.168.65.1 | GET /api/v1/favorites | Status: 200 | Time: 13.99ms
2026-05-26 22:24:44 | INFO     | mayss | RES | IP: 192.168.65.1 | GET /api/v1/auth/me | Status: 200 | Time: 9.39ms
2026-05-26 22:24:44 | INFO     | mayss | Created new bonus wallet for user 1
2026-05-26 22:24:44 | INFO     | mayss | RES | IP: 192.168.65.1 | GET /api/v1/cart | Status: 200 | Time: 122.10ms
2026-05-26 22:24:45 | INFO     | mayss | RES | IP: 192.168.65.1 | GET /api/v1/auth/me | Status: 200 | Time: 138.93ms
2026-05-26 22:24:45 | INFO     | mayss | RES | IP: 192.168.65.1 | GET /api/v1/admin/products | Status: 200 | Time: 121.39ms
2026-05-26 22:24:45 | INFO     | mayss | RES | IP: 192.168.65.1 | GET /api/v1/admin/stats | Status: 200 | Time: 171.79ms
2026-05-26 22:24:45 | INFO     | mayss | RES | IP: 192.168.65.1 | GET /api/v1/admin/users | Status: 200 | Time: 134.09ms
2026-05-26 22:24:45 | INFO     | mayss | RES | IP: 192.168.65.1 | GET /api/v1/admin/sellers | Status: 200 | Time: 100.14ms
2026-05-26 22:24:45 | INFO     | mayss | RES | IP: 192.168.65.1 | GET /api/v1/admin/tickets | Status: 200 | Time: 10.83ms
2026-05-26 22:24:45 | INFO     | mayss | RES | IP: 192.168.65.1 | GET /api/v1/admin/orders | Status: 200 | Time: 144.62ms
2026-05-26 22:27:44 | INFO     | mayss | RES | IP: 192.168.65.1 | GET /api/system | Status: 404 | Time: 6.07ms
2026-05-26 22:27:44 | INFO     | mayss | RES | IP: 192.168.65.1 | GET /api/admin | Status: 404 | Time: 2.60ms
2026-05-26 22:27:49 | INFO     | mayss | RES | IP: 192.168.65.1 | GET /api/admin | Status: 404 | Time: 5.85ms
2026-05-26 22:27:49 | INFO     | mayss | RES | IP: 192.168.65.1 | GET /api/system | Status: 404 | Time: 1.13ms
2026-05-26 22:27:51 | INFO     | mayss | RES | IP: 192.168.65.1 | GET /api/system | Status: 404 | Time: 1.10ms
2026-05-26 22:27:53 | INFO     | mayss | RES | IP: 192.168.65.1 | GET /api/system | Status: 404 | Time: 1.10ms
2026-05-26 22:27:57 | INFO     | mayss | RES | IP: 192.168.65.1 | GET /api/system | Status: 404 | Time: 9.05ms
2026-05-26 22:28:02 | INFO     | mayss | RES | IP: 192.168.65.1 | GET /api/system | Status: 404 | Time: 1.11ms
2026-05-26 22:28:03 | INFO     | mayss | RES | IP: 192.168.65.1 | GET /api/system | Status: 404 | Time: 1.19ms
2026-05-26 22:28:05 | INFO     | mayss | RES | IP: 192.168.65.1 | GET /api/system | Status: 404 | Time: 4.05ms
2026-05-26 22:28:09 | INFO     | mayss | RES | IP: 192.168.65.1 | GET /api/system | Status: 404 | Time: 4.40ms
2026-05-26 22:28:11 | INFO     | mayss | RES | IP: 192.168.65.1 | GET /api/admin | Status: 404 | Time: 5.84ms
2026-05-26 22:28:11 | INFO     | mayss | RES | IP: 192.168.65.1 | GET /api/system | Status: 404 | Time: 2.71ms
2026-05-26 22:28:12 | INFO     | mayss | RES | IP: 192.168.65.1 | GET /api/admin | Status: 404 | Time: 6.96ms
2026-05-26 22:28:12 | INFO     | mayss | RES | IP: 192.168.65.1 | GET /api/system | Status: 404 | Time: 3.40ms
2026-05-26 22:28:17 | INFO     | mayss | RES | IP: 192.168.65.1 | OPTIONS /api/v1/products/recommendations | Status: 200 | Time: 1.79ms
2026-05-26 22:28:17 | INFO     | mayss | RES | IP: 192.168.65.1 | GET /api/v1/products/recommendations | Status: 200 | Time: 135.84ms
2026-05-26 22:28:18 | INFO     | mayss | RES | IP: 192.168.65.1 | OPTIONS /api/v1/auth/me | Status: 200 | Time: 2.68ms
2026-05-26 22:28:18 | INFO     | mayss | RES | IP: 192.168.65.1 | OPTIONS /api/v1/orders | Status: 200 | Time: 2.31ms
2026-05-26 22:28:18 | INFO     | mayss | RES | IP: 192.168.65.1 | OPTIONS /api/v1/addresses | Status: 200 | Time: 4.98ms
2026-05-26 22:28:18 | INFO     | mayss | RES | IP: 192.168.65.1 | OPTIONS /api/v1/favorites | Status: 200 | Time: 13.07ms
2026-05-26 22:28:18 | INFO     | mayss | RES | IP: 192.168.65.1 | OPTIONS /api/v1/cards | Status: 200 | Time: 15.12ms
2026-05-26 22:28:18 | INFO     | mayss | RES | IP: 192.168.65.1 | OPTIONS /api/v1/support/tickets | Status: 200 | Time: 11.77ms
2026-05-26 22:28:18 | INFO     | mayss | RES | IP: 192.168.65.1 | GET /api/v1/auth/me | Status: 200 | Time: 48.53ms
2026-05-26 22:28:18 | INFO     | mayss | RES | IP: 192.168.65.1 | GET /api/v1/addresses | Status: 200 | Time: 38.20ms
2026-05-26 22:28:18 | INFO     | mayss | RES | IP: 192.168.65.1 | GET /api/v1/cards | Status: 200 | Time: 37.80ms
2026-05-26 22:28:18 | INFO     | mayss | RES | IP: 192.168.65.1 | GET /api/v1/orders | Status: 200 | Time: 48.11ms
2026-05-26 22:28:18 | INFO     | mayss | RES | IP: 192.168.65.1 | GET /api/v1/favorites | Status: 200 | Time: 42.01ms
2026-05-26 22:28:18 | INFO     | mayss | RES | IP: 192.168.65.1 | GET /api/v1/support/tickets | Status: 200 | Time: 53.23ms
2026-05-26 22:28:19 | INFO     | mayss | RES | IP: 192.168.65.1 | GET /api/v1/products/recommendations | Status: 200 | Time: 15.35ms
2026-05-26 22:28:27 | INFO     | mayss | RES | IP: 192.168.65.1 | POST /api/v1/auth/login | Status: 200 | Time: 263.79ms
2026-05-26 22:28:27 | INFO     | mayss | RES | IP: 192.168.65.1 | OPTIONS /api/v1/cart | Status: 200 | Time: 0.74ms
2026-05-26 22:28:27 | INFO     | mayss | User 11 retrieved cart
2026-05-26 22:28:27 | INFO     | mayss | RES | IP: 192.168.65.1 | GET /api/v1/auth/me | Status: 200 | Time: 9.36ms
2026-05-26 22:28:27 | INFO     | mayss | RES | IP: 192.168.65.1 | GET /api/v1/favorites | Status: 200 | Time: 13.08ms
2026-05-26 22:28:27 | INFO     | mayss | RES | IP: 192.168.65.1 | GET /api/v1/cart | Status: 200 | Time: 13.24ms
2026-05-26 22:28:27 | INFO     | mayss | RES | IP: 192.168.65.1 | GET /api/v1/auth/me | Status: 200 | Time: 6.38ms
2026-05-26 22:28:27 | INFO     | mayss | RES | IP: 192.168.65.1 | GET /api/v1/auth/me | Status: 200 | Time: 46.78ms
2026-05-26 22:28:27 | INFO     | mayss | RES | IP: 192.168.65.1 | GET /api/v1/addresses | Status: 200 | Time: 47.57ms
2026-05-26 22:28:27 | INFO     | mayss | RES | IP: 192.168.65.1 | GET /api/v1/favorites | Status: 200 | Time: 50.92ms
2026-05-26 22:28:27 | INFO     | mayss | RES | IP: 192.168.65.1 | GET /api/v1/cards | Status: 200 | Time: 34.01ms
2026-05-26 22:28:27 | INFO     | mayss | RES | IP: 192.168.65.1 | GET /api/v1/support/tickets | Status: 200 | Time: 23.77ms
2026-05-26 22:28:27 | INFO     | mayss | RES | IP: 192.168.65.1 | GET /api/v1/orders | Status: 200 | Time: 66.65ms
2026-05-26 22:28:32 | INFO     | mayss | RES | IP: 192.168.65.1 | OPTIONS /api/v1/products | Status: 200 | Time: 4.01ms
2026-05-26 22:28:32 | INFO     | mayss | RES | IP: 192.168.65.1 | GET /api/v1/products | Status: 200 | Time: 38.10ms
2026-05-26 22:28:33 | INFO     | mayss | RES | IP: 192.168.65.1 | OPTIONS /api/v1/cart/items | Status: 200 | Time: 1.04ms
2026-05-26 22:28:33 | INFO     | mayss | Added item 88 to cart
2026-05-26 22:28:33 | INFO     | mayss | RES | IP: 192.168.65.1 | POST /api/v1/cart/items | Status: 200 | Time: 24.17ms
2026-05-26 22:28:33 | INFO     | mayss | User 11 retrieved cart
2026-05-26 22:28:33 | INFO     | mayss | RES | IP: 192.168.65.1 | GET /api/v1/cart | Status: 200 | Time: 7.70ms
2026-05-26 22:28:34 | INFO     | mayss | RES | IP: 192.168.65.1 | OPTIONS /api/v1/bonuses/balance | Status: 200 | Time: 0.46ms
2026-05-26 22:28:34 | INFO     | mayss | User 11 retrieved cart
2026-05-26 22:28:34 | INFO     | mayss | RES | IP: 192.168.65.1 | GET /api/v1/cards | Status: 200 | Time: 22.11ms
2026-05-26 22:28:34 | INFO     | mayss | RES | IP: 192.168.65.1 | GET /api/v1/cart | Status: 200 | Time: 67.83ms
2026-05-26 22:28:34 | INFO     | mayss | RES | IP: 192.168.65.1 | GET /api/v1/addresses | Status: 200 | Time: 25.01ms
2026-05-26 22:28:34 | INFO     | mayss | RES | IP: 192.168.65.1 | GET /api/v1/bonuses/balance | Status: 200 | Time: 10.54ms
2026-05-26 22:28:43 | INFO     | mayss | RES | IP: 192.168.65.1 | GET /api/v1/auth/me | Status: 200 | Time: 49.83ms
2026-05-26 22:28:43 | INFO     | mayss | RES | IP: 192.168.65.1 | GET /api/v1/cards | Status: 200 | Time: 62.01ms
2026-05-26 22:28:43 | INFO     | mayss | RES | IP: 192.168.65.1 | GET /api/v1/favorites | Status: 200 | Time: 65.67ms
2026-05-26 22:28:43 | INFO     | mayss | RES | IP: 192.168.65.1 | GET /api/v1/support/tickets | Status: 200 | Time: 62.62ms
2026-05-26 22:28:43 | INFO     | mayss | RES | IP: 192.168.65.1 | GET /api/v1/addresses | Status: 200 | Time: 71.45ms
2026-05-26 22:28:43 | INFO     | mayss | RES | IP: 192.168.65.1 | GET /api/v1/orders | Status: 200 | Time: 83.24ms
2026-05-26 22:28:51 | INFO     | mayss | User 11 retrieved cart
2026-05-26 22:28:51 | INFO     | mayss | RES | IP: 192.168.65.1 | GET /api/v1/cards | Status: 200 | Time: 22.97ms
2026-05-26 22:28:51 | INFO     | mayss | RES | IP: 192.168.65.1 | GET /api/v1/bonuses/balance | Status: 200 | Time: 29.08ms
2026-05-26 22:28:51 | INFO     | mayss | RES | IP: 192.168.65.1 | GET /api/v1/addresses | Status: 200 | Time: 28.51ms
2026-05-26 22:28:51 | INFO     | mayss | RES | IP: 192.168.65.1 | GET /api/v1/cart | Status: 200 | Time: 31.14ms
2026-05-26 22:29:05 | INFO     | mayss | RES | IP: 192.168.65.1 | OPTIONS /api/v1/cart/items/88 | Status: 200 | Time: 3.22ms
2026-05-26 22:29:05 | INFO     | mayss | Updated item 88 quantity to 2
2026-05-26 22:29:05 | INFO     | mayss | RES | IP: 192.168.65.1 | PUT /api/v1/cart/items/88 | Status: 200 | Time: 55.32ms
2026-05-26 22:29:05 | INFO     | mayss | User 11 retrieved cart
2026-05-26 22:29:05 | INFO     | mayss | RES | IP: 192.168.65.1 | GET /api/v1/cart | Status: 200 | Time: 4.06ms
2026-05-26 22:29:05 | INFO     | mayss | RES | IP: 192.168.65.1 | OPTIONS /api/v1/cart/items/88 | Status: 200 | Time: 0.23ms
2026-05-26 22:29:05 | INFO     | mayss | Updated item 88 quantity to 3
2026-05-26 22:29:05 | INFO     | mayss | RES | IP: 192.168.65.1 | PUT /api/v1/cart/items/88 | Status: 200 | Time: 9.67ms
2026-05-26 22:29:05 | INFO     | mayss | User 11 retrieved cart
2026-05-26 22:29:05 | INFO     | mayss | RES | IP: 192.168.65.1 | GET /api/v1/cart | Status: 200 | Time: 3.42ms
2026-05-26 22:29:05 | INFO     | mayss | RES | IP: 192.168.65.1 | OPTIONS /api/v1/cart/items/88 | Status: 200 | Time: 0.20ms
2026-05-26 22:29:05 | INFO     | mayss | Updated item 88 quantity to 4
2026-05-26 22:29:05 | INFO     | mayss | RES | IP: 192.168.65.1 | PUT /api/v1/cart/items/88 | Status: 200 | Time: 9.95ms
2026-05-26 22:29:05 | INFO     | mayss | User 11 retrieved cart
2026-05-26 22:29:05 | INFO     | mayss | RES | IP: 192.168.65.1 | GET /api/v1/cart | Status: 200 | Time: 4.03ms
2026-05-26 22:29:05 | INFO     | mayss | RES | IP: 192.168.65.1 | OPTIONS /api/v1/cart/items/88 | Status: 200 | Time: 0.54ms
2026-05-26 22:29:05 | INFO     | mayss | Updated item 88 quantity to 5
2026-05-26 22:29:05 | INFO     | mayss | RES | IP: 192.168.65.1 | PUT /api/v1/cart/items/88 | Status: 200 | Time: 16.48ms
2026-05-26 22:29:05 | INFO     | mayss | User 11 retrieved cart
2026-05-26 22:29:05 | INFO     | mayss | RES | IP: 192.168.65.1 | GET /api/v1/cart | Status: 200 | Time: 4.15ms
2026-05-26 22:29:05 | INFO     | mayss | RES | IP: 192.168.65.1 | OPTIONS /api/v1/cart/items/88 | Status: 200 | Time: 0.30ms
2026-05-26 22:29:05 | INFO     | mayss | Updated item 88 quantity to 6
2026-05-26 22:29:05 | INFO     | mayss | RES | IP: 192.168.65.1 | PUT /api/v1/cart/items/88 | Status: 200 | Time: 14.16ms
2026-05-26 22:29:05 | INFO     | mayss | User 11 retrieved cart
2026-05-26 22:29:05 | INFO     | mayss | RES | IP: 192.168.65.1 | GET /api/v1/cart | Status: 200 | Time: 3.86ms
2026-05-26 22:29:06 | INFO     | mayss | RES | IP: 192.168.65.1 | OPTIONS /api/v1/cart/items/88 | Status: 200 | Time: 0.50ms
2026-05-26 22:29:06 | INFO     | mayss | Updated item 88 quantity to 7
2026-05-26 22:29:06 | INFO     | mayss | RES | IP: 192.168.65.1 | PUT /api/v1/cart/items/88 | Status: 200 | Time: 12.55ms
2026-05-26 22:29:06 | INFO     | mayss | User 11 retrieved cart
2026-05-26 22:29:06 | INFO     | mayss | RES | IP: 192.168.65.1 | GET /api/v1/cart | Status: 200 | Time: 4.70ms
2026-05-26 22:29:06 | INFO     | mayss | RES | IP: 192.168.65.1 | OPTIONS /api/v1/cart/items/88 | Status: 200 | Time: 0.59ms
2026-05-26 22:29:06 | INFO     | mayss | Updated item 88 quantity to 8
2026-05-26 22:29:06 | INFO     | mayss | RES | IP: 192.168.65.1 | PUT /api/v1/cart/items/88 | Status: 200 | Time: 17.03ms
2026-05-26 22:29:06 | INFO     | mayss | User 11 retrieved cart
2026-05-26 22:29:06 | INFO     | mayss | RES | IP: 192.168.65.1 | GET /api/v1/cart | Status: 200 | Time: 4.81ms
2026-05-26 22:29:06 | INFO     | mayss | RES | IP: 192.168.65.1 | OPTIONS /api/v1/cart/items/88 | Status: 200 | Time: 0.45ms
2026-05-26 22:29:06 | INFO     | mayss | Updated item 88 quantity to 9
2026-05-26 22:29:06 | INFO     | mayss | RES | IP: 192.168.65.1 | PUT /api/v1/cart/items/88 | Status: 200 | Time: 12.91ms
2026-05-26 22:29:06 | INFO     | mayss | User 11 retrieved cart
2026-05-26 22:29:06 | INFO     | mayss | RES | IP: 192.168.65.1 | GET /api/v1/cart | Status: 200 | Time: 6.84ms
2026-05-26 22:29:06 | INFO     | mayss | RES | IP: 192.168.65.1 | OPTIONS /api/v1/cart/items/88 | Status: 200 | Time: 0.76ms
2026-05-26 22:29:06 | INFO     | mayss | Updated item 88 quantity to 10
2026-05-26 22:29:06 | INFO     | mayss | RES | IP: 192.168.65.1 | PUT /api/v1/cart/items/88 | Status: 200 | Time: 11.75ms
2026-05-26 22:29:06 | INFO     | mayss | User 11 retrieved cart
2026-05-26 22:29:06 | INFO     | mayss | RES | IP: 192.168.65.1 | GET /api/v1/cart | Status: 200 | Time: 5.13ms
2026-05-26 22:29:06 | INFO     | mayss | RES | IP: 192.168.65.1 | OPTIONS /api/v1/cart/items/88 | Status: 200 | Time: 0.43ms
2026-05-26 22:29:06 | INFO     | mayss | Updated item 88 quantity to 11
2026-05-26 22:29:06 | INFO     | mayss | RES | IP: 192.168.65.1 | PUT /api/v1/cart/items/88 | Status: 200 | Time: 13.59ms
2026-05-26 22:29:06 | INFO     | mayss | User 11 retrieved cart
2026-05-26 22:29:06 | INFO     | mayss | RES | IP: 192.168.65.1 | GET /api/v1/cart | Status: 200 | Time: 23.55ms
2026-05-26 22:29:17 | INFO     | mayss | RES | IP: 192.168.65.1 | GET /api/v1/auth/me | Status: 200 | Time: 70.03ms
2026-05-26 22:29:17 | INFO     | mayss | RES | IP: 192.168.65.1 | GET /api/v1/favorites | Status: 200 | Time: 39.26ms
2026-05-26 22:29:17 | INFO     | mayss | RES | IP: 192.168.65.1 | GET /api/v1/cards | Status: 200 | Time: 39.19ms
2026-05-26 22:29:17 | INFO     | mayss | RES | IP: 192.168.65.1 | GET /api/v1/addresses | Status: 200 | Time: 48.69ms
2026-05-26 22:29:17 | INFO     | mayss | RES | IP: 192.168.65.1 | GET /api/v1/support/tickets | Status: 200 | Time: 54.10ms
2026-05-26 22:29:17 | INFO     | mayss | RES | IP: 192.168.65.1 | GET /api/v1/orders | Status: 200 | Time: 86.13ms
2026-05-26 22:29:24 | INFO     | mayss | User 11 retrieved cart
2026-05-26 22:29:24 | INFO     | mayss | RES | IP: 192.168.65.1 | GET /api/v1/bonuses/balance | Status: 200 | Time: 36.86ms
2026-05-26 22:29:24 | INFO     | mayss | RES | IP: 192.168.65.1 | GET /api/v1/addresses | Status: 200 | Time: 54.76ms
2026-05-26 22:29:24 | INFO     | mayss | RES | IP: 192.168.65.1 | GET /api/v1/cards | Status: 200 | Time: 44.37ms
2026-05-26 22:29:24 | INFO     | mayss | RES | IP: 192.168.65.1 | GET /api/v1/cart | Status: 200 | Time: 47.43ms
2026-05-26 22:29:26 | INFO     | mayss | RES | IP: 192.168.65.1 | OPTIONS /api/v1/products | Status: 200 | Time: 15.42ms
2026-05-26 22:29:26 | INFO     | mayss | RES | IP: 192.168.65.1 | OPTIONS /api/v1/categories | Status: 200 | Time: 26.99ms
2026-05-26 22:29:26 | INFO     | mayss | RES | IP: 192.168.65.1 | GET /api/v1/categories | Status: 200 | Time: 94.63ms
2026-05-26 22:29:26 | INFO     | mayss | RES | IP: 192.168.65.1 | GET /api/v1/products | Status: 200 | Time: 109.26ms
2026-05-26 22:29:27 | INFO     | mayss | RES | IP: 192.168.65.1 | GET /api/v1/orders | Status: 200 | Time: 24.25ms
2026-05-26 22:29:27 | INFO     | mayss | User 11 retrieved cart
2026-05-26 22:29:27 | INFO     | mayss | RES | IP: 192.168.65.1 | GET /api/v1/cart | Status: 200 | Time: 9.82ms
2026-05-26 22:29:27 | INFO     | mayss | RES | IP: 192.168.65.1 | GET /api/v1/favorites | Status: 200 | Time: 6.13ms
2026-05-26 22:29:27 | INFO     | mayss | RES | IP: 192.168.65.1 | GET /api/v1/auth/me | Status: 200 | Time: 2.59ms
2026-05-26 22:29:27 | INFO     | mayss | RES | IP: 192.168.65.1 | GET /api/v1/cards | Status: 200 | Time: 13.76ms
2026-05-26 22:29:27 | INFO     | mayss | User 11 retrieved cart
2026-05-26 22:29:27 | INFO     | mayss | RES | IP: 192.168.65.1 | GET /api/v1/addresses | Status: 200 | Time: 30.19ms
2026-05-26 22:29:27 | INFO     | mayss | RES | IP: 192.168.65.1 | GET /api/v1/bonuses/balance | Status: 200 | Time: 35.59ms
2026-05-26 22:29:27 | INFO     | mayss | RES | IP: 192.168.65.1 | GET /api/v1/cart | Status: 200 | Time: 46.40ms
2026-05-26 22:29:40 | INFO     | mayss | Updated item 88 quantity to 10
2026-05-26 22:29:40 | INFO     | mayss | RES | IP: 192.168.65.1 | PUT /api/v1/cart/items/88 | Status: 200 | Time: 59.89ms
2026-05-26 22:29:40 | INFO     | mayss | User 11 retrieved cart
2026-05-26 22:29:40 | INFO     | mayss | RES | IP: 192.168.65.1 | GET /api/v1/cart | Status: 200 | Time: 6.65ms
2026-05-26 22:29:42 | INFO     | mayss | RES | IP: 192.168.65.1 | OPTIONS /api/v1/cart/items/88 | Status: 200 | Time: 1.02ms
2026-05-26 22:29:42 | INFO     | mayss | Removed item 88 from cart
2026-05-26 22:29:42 | INFO     | mayss | RES | IP: 192.168.65.1 | DELETE /api/v1/cart/items/88 | Status: 200 | Time: 17.07ms
2026-05-26 22:29:42 | INFO     | mayss | User 11 retrieved cart
2026-05-26 22:29:42 | INFO     | mayss | RES | IP: 192.168.65.1 | GET /api/v1/cart | Status: 200 | Time: 7.29ms
2026-05-26 22:29:44 | INFO     | mayss | RES | IP: 192.168.65.1 | GET /api/v1/products | Status: 200 | Time: 16.91ms
2026-05-26 22:29:49 | INFO     | mayss | RES | IP: 192.168.65.1 | OPTIONS /api/v1/products/80 | Status: 200 | Time: 4.46ms
2026-05-26 22:29:49 | INFO     | mayss | RES | IP: 192.168.65.1 | GET /api/v1/products/80 | Status: 200 | Time: 31.80ms
2026-05-26 22:29:49 | INFO     | mayss | RES | IP: 192.168.65.1 | OPTIONS /api/v1/reviews/product/80 | Status: 200 | Time: 3.30ms
2026-05-26 22:29:49 | INFO     | mayss | RES | IP: 192.168.65.1 | OPTIONS /api/v1/products | Status: 200 | Time: 0.86ms
2026-05-26 22:29:49 | INFO     | mayss | RES | IP: 192.168.65.1 | GET /api/v1/products | Status: 200 | Time: 30.51ms
2026-05-26 22:29:49 | INFO     | mayss | RES | IP: 192.168.65.1 | GET /api/v1/reviews/product/80 | Status: 200 | Time: 44.65ms
2026-05-26 22:29:51 | INFO     | mayss | Added item 80 to cart
2026-05-26 22:29:51 | INFO     | mayss | RES | IP: 192.168.65.1 | POST /api/v1/cart/items | Status: 200 | Time: 38.54ms
2026-05-26 22:29:51 | INFO     | mayss | User 11 retrieved cart
2026-05-26 22:29:51 | INFO     | mayss | RES | IP: 192.168.65.1 | GET /api/v1/cart | Status: 200 | Time: 5.22ms
2026-05-26 22:29:51 | INFO     | mayss | User 11 retrieved cart
2026-05-26 22:29:51 | INFO     | mayss | RES | IP: 192.168.65.1 | GET /api/v1/bonuses/balance | Status: 200 | Time: 9.03ms
2026-05-26 22:29:51 | INFO     | mayss | RES | IP: 192.168.65.1 | GET /api/v1/addresses | Status: 200 | Time: 14.08ms
2026-05-26 22:29:51 | INFO     | mayss | RES | IP: 192.168.65.1 | GET /api/v1/cart | Status: 200 | Time: 14.74ms
2026-05-26 22:29:51 | INFO     | mayss | RES | IP: 192.168.65.1 | GET /api/v1/cards | Status: 200 | Time: 11.03ms
2026-05-26 22:30:08 | INFO     | mayss | RES | IP: 192.168.65.1 | GET /api/v1/auth/me | Status: 200 | Time: 96.12ms
2026-05-26 22:30:08 | INFO     | mayss | RES | IP: 192.168.65.1 | GET /api/v1/cards | Status: 200 | Time: 68.33ms
2026-05-26 22:30:08 | INFO     | mayss | RES | IP: 192.168.65.1 | GET /api/v1/addresses | Status: 200 | Time: 63.10ms
2026-05-26 22:30:08 | INFO     | mayss | RES | IP: 192.168.65.1 | GET /api/v1/support/tickets | Status: 200 | Time: 51.54ms
2026-05-26 22:30:08 | INFO     | mayss | RES | IP: 192.168.65.1 | GET /api/v1/favorites | Status: 200 | Time: 114.03ms
2026-05-26 22:30:08 | INFO     | mayss | RES | IP: 192.168.65.1 | GET /api/v1/orders | Status: 200 | Time: 135.84ms
2026-05-26 22:30:13 | INFO     | mayss | User 11 retrieved cart
2026-05-26 22:30:13 | INFO     | mayss | RES | IP: 192.168.65.1 | GET /api/v1/cards | Status: 200 | Time: 69.84ms
2026-05-26 22:30:13 | INFO     | mayss | RES | IP: 192.168.65.1 | GET /api/v1/bonuses/balance | Status: 200 | Time: 75.26ms
2026-05-26 22:30:13 | INFO     | mayss | RES | IP: 192.168.65.1 | GET /api/v1/addresses | Status: 200 | Time: 79.50ms
2026-05-26 22:30:13 | INFO     | mayss | RES | IP: 192.168.65.1 | GET /api/v1/cart | Status: 200 | Time: 84.07ms
2026-05-26 22:30:20 | INFO     | mayss | Spent 1859.42 bonuses for user 11, order 610
2026-05-26 22:30:20 | INFO     | mayss | RES | IP: 192.168.65.1 | POST /api/v1/orders | Status: 200 | Time: 56.50ms
2026-05-26 22:30:20 | INFO     | mayss | RES | IP: 192.168.65.1 | OPTIONS /api/v1/payments | Status: 200 | Time: 0.15ms
2026-05-26 22:30:20 | INFO     | mayss | RES | IP: 192.168.65.1 | POST /api/v1/payments | Status: 200 | Time: 11.86ms
2026-05-26 22:30:20 | INFO     | mayss | User 11 retrieved cart
2026-05-26 22:30:20 | INFO     | mayss | RES | IP: 192.168.65.1 | GET /api/v1/cart | Status: 200 | Time: 3.01ms
2026-05-26 22:30:20 | INFO     | mayss | RES | IP: 192.168.65.1 | GET /api/v1/orders | Status: 200 | Time: 12.69ms
2026-05-26 22:30:21 | INFO     | mayss | RES | IP: 192.168.65.1 | GET /api/v1/auth/me | Status: 200 | Time: 28.63ms
2026-05-26 22:30:21 | INFO     | mayss | RES | IP: 192.168.65.1 | GET /api/v1/support/tickets | Status: 200 | Time: 22.87ms
2026-05-26 22:30:21 | INFO     | mayss | RES | IP: 192.168.65.1 | GET /api/v1/addresses | Status: 200 | Time: 26.15ms
2026-05-26 22:30:21 | INFO     | mayss | RES | IP: 192.168.65.1 | GET /api/v1/cards | Status: 200 | Time: 29.93ms
2026-05-26 22:30:21 | INFO     | mayss | RES | IP: 192.168.65.1 | GET /api/v1/favorites | Status: 200 | Time: 44.65ms
2026-05-26 22:30:21 | INFO     | mayss | RES | IP: 192.168.65.1 | GET /api/v1/orders | Status: 200 | Time: 38.30ms
2026-05-26 22:36:16 | INFO     | app.core.logger | Система логирования инициализирована. Debug режим: False
2026-05-26 22:36:16 | INFO     | mayss | Starting MAYSS Marketplace API
2026-05-26 22:36:16 | INFO     | mayss | Database initialized successfully
2026-05-26 22:36:16 | INFO     | app.core.logger | Система логирования инициализирована. Debug режим: False
2026-05-26 22:36:16 | INFO     | mayss | Starting MAYSS Marketplace API
2026-05-26 22:36:16 | INFO     | mayss | Database initialized successfully
2026-05-26 22:36:27 | INFO     | app.core.logger | Система логирования инициализирована. Debug режим: False
2026-05-26 22:36:27 | INFO     | mayss | Starting MAYSS Marketplace API
2026-05-26 22:36:27 | INFO     | mayss | Database initialized successfully
2026-05-26 22:36:45 | INFO     | app.core.logger | Система логирования инициализирована. Debug режим: False
2026-05-26 22:36:45 | INFO     | mayss | Starting MAYSS Marketplace API
2026-05-26 22:36:45 | INFO     | mayss | Database initialized successfully
2026-05-26 22:37:16 | INFO     | app.core.logger | Система логирования инициализирована. Debug режим: False
2026-05-26 22:37:16 | INFO     | mayss | Starting MAYSS Marketplace API
2026-05-26 22:37:16 | INFO     | mayss | Database initialized successfully
2026-05-26 22:37:26 | INFO     | app.core.logger | Система логирования инициализирована. Debug режим: False
2026-05-26 22:37:26 | INFO     | mayss | Starting MAYSS Marketplace API
2026-05-26 22:37:26 | INFO     | mayss | Database initialized successfully
2026-05-26 22:37:35 | INFO     | app.core.logger | Система логирования инициализирована. Debug режим: False
2026-05-26 22:37:35 | INFO     | mayss | Starting MAYSS Marketplace API
2026-05-26 22:37:35 | INFO     | mayss | Database initialized successfully
2026-05-26 22:37:45 | INFO     | app.core.logger | Система логирования инициализирована. Debug режим: False
2026-05-26 22:37:45 | INFO     | mayss | Starting MAYSS Marketplace API
2026-05-26 22:37:45 | INFO     | mayss | Database initialized successfully
2026-05-26 22:38:00 | INFO     | app.core.logger | Система логирования инициализирована. Debug режим: False
2026-05-26 22:38:00 | INFO     | mayss | Starting MAYSS Marketplace API
2026-05-26 22:38:00 | INFO     | mayss | Database initialized successfully
2026-05-26 22:38:01 | INFO     | mayss | Elasticsearch not available — skipping search bootstrap
2026-05-27 01:38:18 | INFO     | app.core.logger | Система логирования инициализирована. Debug режим: False
2026-05-27 01:38:18 | INFO     | mayss | Starting MAYSS Marketplace API
2026-05-27 01:38:31 | INFO     | mayss | Created new bonus wallet for user 1
2026-05-27 01:38:31 | INFO     | mayss | Created new bonus wallet for user 1
2026-05-27 01:38:31 | INFO     | mayss | Created new bonus wallet for user 1
2026-05-27 01:38:31 | INFO     | mayss | Created new bonus wallet for user 1
2026-05-27 01:38:31 | INFO     | mayss | Earned 30.00 bonuses for user 1, order 42
2026-05-27 01:38:31 | INFO     | mayss | Created new bonus wallet for user 1
2026-05-27 01:38:31 | INFO     | mayss | Earned 50.00 bonuses for user 1, order 42
2026-05-27 01:38:31 | INFO     | mayss | Created new bonus wallet for user 1
2026-05-27 01:38:31 | INFO     | mayss | Earned 30.00 bonuses for user 1, order 42
2026-05-27 01:38:31 | INFO     | mayss | Created new bonus wallet for user 1
2026-05-27 01:38:31 | INFO     | mayss | Created new bonus wallet for user 1
2026-05-27 01:38:31 | INFO     | mayss | Spent 50.00 bonuses for user 1, order 42
2026-05-27 01:38:31 | INFO     | mayss | Created new bonus wallet for user 1
2026-05-27 01:38:31 | INFO     | mayss | Spent 500.00 bonuses for user 1, order 42
2026-05-27 01:38:31 | INFO     | mayss | Created new bonus wallet for user 1
2026-05-27 01:38:31 | WARNING  | mayss | User 1 insufficient bonuses: has 10.00, needs 50.00
2026-05-27 01:38:31 | INFO     | mayss | Created new bonus wallet for user 1
2026-05-27 01:38:31 | INFO     | mayss | Spent 50.00 bonuses for user 1, order 42
2026-05-27 01:38:31 | INFO     | mayss | Created new bonus wallet for user 1
2026-05-27 01:38:31 | INFO     | mayss | Adjusted 100.00 bonuses for user 1: Initial bonus
2026-05-27 01:38:31 | INFO     | mayss | Created new bonus wallet for user 1
2026-05-27 01:38:31 | INFO     | mayss | Adjusted -50.00 bonuses for user 1: Penalty
2026-05-27 01:38:31 | INFO     | mayss | Created new bonus wallet for user 1
2026-05-27 01:38:31 | WARNING  | mayss | User 1 bonus balance adjusted below 0, clamped to 0
2026-05-27 01:38:31 | INFO     | mayss | Adjusted -100.00 bonuses for user 1: Overpayment correction
2026-05-27 01:38:31 | INFO     | mayss | Created new bonus wallet for user 1
2026-05-27 01:38:31 | INFO     | mayss | Earned 30.00 bonuses for user 1, order 1
2026-05-27 01:38:31 | INFO     | mayss | Earned 15.00 bonuses for user 1, order 2
2026-05-27 01:38:31 | INFO     | mayss | Created new bonus wallet for user 1
2026-05-27 01:38:31 | INFO     | mayss | Earned 30.00 bonuses for user 1, order 1
2026-05-27 01:38:31 | INFO     | mayss | Spent 50 bonuses for user 1, order 2
2026-05-27 01:38:31 | INFO     | mayss | Created new bonus wallet for user 1
2026-05-27 01:38:31 | INFO     | mayss | Earned 3.00 bonuses for user 1, order 0
2026-05-27 01:38:31 | INFO     | mayss | Earned 3.00 bonuses for user 1, order 1
2026-05-27 01:38:31 | INFO     | mayss | Earned 3.00 bonuses for user 1, order 2
2026-05-27 01:38:31 | INFO     | mayss | Earned 3.00 bonuses for user 1, order 3
2026-05-27 01:38:31 | INFO     | mayss | Earned 3.00 bonuses for user 1, order 4
2026-05-27 01:38:31 | INFO     | mayss | Earned 3.00 bonuses for user 1, order 5
2026-05-27 01:38:31 | INFO     | mayss | Earned 3.00 bonuses for user 1, order 6
2026-05-27 01:38:31 | INFO     | mayss | Earned 3.00 bonuses for user 1, order 7
2026-05-27 01:38:31 | INFO     | mayss | Earned 3.00 bonuses for user 1, order 8
2026-05-27 01:38:31 | INFO     | mayss | Earned 3.00 bonuses for user 1, order 9
2026-05-27 01:38:31 | INFO     | mayss | Earned 3.00 bonuses for user 1, order 10
2026-05-27 01:38:31 | INFO     | mayss | Earned 3.00 bonuses for user 1, order 11
2026-05-27 01:38:31 | INFO     | mayss | Earned 3.00 bonuses for user 1, order 12
2026-05-27 01:38:31 | INFO     | mayss | Earned 3.00 bonuses for user 1, order 13
2026-05-27 01:38:31 | INFO     | mayss | Earned 3.00 bonuses for user 1, order 14
2026-05-27 01:38:31 | INFO     | mayss | Earned 3.00 bonuses for user 1, order 15
2026-05-27 01:38:31 | INFO     | mayss | Earned 3.00 bonuses for user 1, order 16
2026-05-27 01:38:31 | INFO     | mayss | Earned 3.00 bonuses for user 1, order 17
2026-05-27 01:38:31 | INFO     | mayss | Earned 3.00 bonuses for user 1, order 18
2026-05-27 01:38:31 | INFO     | mayss | Earned 3.00 bonuses for user 1, order 19
2026-05-27 01:38:31 | INFO     | mayss | Earned 3.00 bonuses for user 1, order 20
2026-05-27 01:38:31 | INFO     | mayss | Earned 3.00 bonuses for user 1, order 21
2026-05-27 01:38:31 | INFO     | mayss | Earned 3.00 bonuses for user 1, order 22
2026-05-27 01:38:31 | INFO     | mayss | Earned 3.00 bonuses for user 1, order 23
2026-05-27 01:38:31 | INFO     | mayss | Earned 3.00 bonuses for user 1, order 24
2026-05-27 01:38:31 | INFO     | mayss | Earned 3.00 bonuses for user 1, order 25
2026-05-27 01:38:31 | INFO     | mayss | Earned 3.00 bonuses for user 1, order 26
2026-05-27 01:38:31 | INFO     | mayss | Earned 3.00 bonuses for user 1, order 27
2026-05-27 01:38:31 | INFO     | mayss | Earned 3.00 bonuses for user 1, order 28
2026-05-27 01:38:31 | INFO     | mayss | Earned 3.00 bonuses for user 1, order 29
2026-05-27 01:38:31 | INFO     | mayss | Earned 3.00 bonuses for user 1, order 30
2026-05-27 01:38:31 | INFO     | mayss | Earned 3.00 bonuses for user 1, order 31
2026-05-27 01:38:31 | INFO     | mayss | Earned 3.00 bonuses for user 1, order 32
2026-05-27 01:38:31 | INFO     | mayss | Earned 3.00 bonuses for user 1, order 33
2026-05-27 01:38:31 | INFO     | mayss | Earned 3.00 bonuses for user 1, order 34
2026-05-27 01:38:31 | INFO     | mayss | Earned 3.00 bonuses for user 1, order 35
2026-05-27 01:38:31 | INFO     | mayss | Earned 3.00 bonuses for user 1, order 36
2026-05-27 01:38:31 | INFO     | mayss | Earned 3.00 bonuses for user 1, order 37
2026-05-27 01:38:31 | INFO     | mayss | Earned 3.00 bonuses for user 1, order 38
2026-05-27 01:38:31 | INFO     | mayss | Earned 3.00 bonuses for user 1, order 39
2026-05-27 01:38:31 | INFO     | mayss | Earned 3.00 bonuses for user 1, order 40
2026-05-27 01:38:31 | INFO     | mayss | Earned 3.00 bonuses for user 1, order 41
2026-05-27 01:38:31 | INFO     | mayss | Earned 3.00 bonuses for user 1, order 42
2026-05-27 01:38:31 | INFO     | mayss | Earned 3.00 bonuses for user 1, order 43
2026-05-27 01:38:31 | INFO     | mayss | Earned 3.00 bonuses for user 1, order 44
2026-05-27 01:38:31 | INFO     | mayss | Earned 3.00 bonuses for user 1, order 45
2026-05-27 01:38:31 | INFO     | mayss | Earned 3.00 bonuses for user 1, order 46
2026-05-27 01:38:31 | INFO     | mayss | Earned 3.00 bonuses for user 1, order 47
2026-05-27 01:38:31 | INFO     | mayss | Earned 3.00 bonuses for user 1, order 48
2026-05-27 01:38:31 | INFO     | mayss | Earned 3.00 bonuses for user 1, order 49
2026-05-27 01:38:31 | INFO     | mayss | Earned 3.00 bonuses for user 1, order 50
2026-05-27 01:38:31 | INFO     | mayss | Earned 3.00 bonuses for user 1, order 51
2026-05-27 01:38:31 | INFO     | mayss | Earned 3.00 bonuses for user 1, order 52
2026-05-27 01:38:31 | INFO     | mayss | Earned 3.00 bonuses for user 1, order 53
2026-05-27 01:38:31 | INFO     | mayss | Earned 3.00 bonuses for user 1, order 54
2026-05-27 01:38:31 | INFO     | mayss | Earned 3.00 bonuses for user 1, order 55
2026-05-27 01:38:31 | INFO     | mayss | Earned 3.00 bonuses for user 1, order 56
2026-05-27 01:38:31 | INFO     | mayss | Earned 3.00 bonuses for user 1, order 57
2026-05-27 01:38:31 | INFO     | mayss | Earned 3.00 bonuses for user 1, order 58
2026-05-27 01:38:31 | INFO     | mayss | Earned 3.00 bonuses for user 1, order 59
2026-05-27 01:38:31 | INFO     | mayss | Earned 3.00 bonuses for user 1, order 60
2026-05-27 01:38:31 | INFO     | mayss | Earned 3.00 bonuses for user 1, order 61
2026-05-27 01:38:31 | INFO     | mayss | Earned 3.00 bonuses for user 1, order 62
2026-05-27 01:38:31 | INFO     | mayss | Earned 3.00 bonuses for user 1, order 63
2026-05-27 01:38:31 | INFO     | mayss | Earned 3.00 bonuses for user 1, order 64
2026-05-27 01:38:31 | INFO     | mayss | Earned 3.00 bonuses for user 1, order 65
2026-05-27 01:38:31 | INFO     | mayss | Earned 3.00 bonuses for user 1, order 66
2026-05-27 01:38:31 | INFO     | mayss | Earned 3.00 bonuses for user 1, order 67
2026-05-27 01:38:31 | INFO     | mayss | Earned 3.00 bonuses for user 1, order 68
2026-05-27 01:38:31 | INFO     | mayss | Earned 3.00 bonuses for user 1, order 69
2026-05-27 01:38:31 | INFO     | mayss | Earned 3.00 bonuses for user 1, order 70
2026-05-27 01:38:31 | INFO     | mayss | Earned 3.00 bonuses for user 1, order 71
2026-05-27 01:38:31 | INFO     | mayss | Earned 3.00 bonuses for user 1, order 72
2026-05-27 01:38:31 | INFO     | mayss | Earned 3.00 bonuses for user 1, order 73
2026-05-27 01:38:31 | INFO     | mayss | Earned 3.00 bonuses for user 1, order 74
2026-05-27 01:38:31 | INFO     | mayss | Earned 3.00 bonuses for user 1, order 75
2026-05-27 01:38:31 | INFO     | mayss | Earned 3.00 bonuses for user 1, order 76
2026-05-27 01:38:31 | INFO     | mayss | Earned 3.00 bonuses for user 1, order 77
2026-05-27 01:38:31 | INFO     | mayss | Earned 3.00 bonuses for user 1, order 78
2026-05-27 01:38:31 | INFO     | mayss | Earned 3.00 bonuses for user 1, order 79
2026-05-27 01:38:31 | INFO     | mayss | Earned 3.00 bonuses for user 1, order 80
2026-05-27 01:38:31 | INFO     | mayss | Earned 3.00 bonuses for user 1, order 81
2026-05-27 01:38:31 | INFO     | mayss | Earned 3.00 bonuses for user 1, order 82
2026-05-27 01:38:31 | INFO     | mayss | Earned 3.00 bonuses for user 1, order 83
2026-05-27 01:38:31 | INFO     | mayss | Earned 3.00 bonuses for user 1, order 84
2026-05-27 01:38:31 | INFO     | mayss | Earned 3.00 bonuses for user 1, order 85
2026-05-27 01:38:31 | INFO     | mayss | Earned 3.00 bonuses for user 1, order 86
2026-05-27 01:38:31 | INFO     | mayss | Earned 3.00 bonuses for user 1, order 87
2026-05-27 01:38:31 | INFO     | mayss | Earned 3.00 bonuses for user 1, order 88
2026-05-27 01:38:31 | INFO     | mayss | Earned 3.00 bonuses for user 1, order 89
2026-05-27 01:38:31 | INFO     | mayss | Earned 3.00 bonuses for user 1, order 90
2026-05-27 01:38:31 | INFO     | mayss | Earned 3.00 bonuses for user 1, order 91
2026-05-27 01:38:31 | INFO     | mayss | Earned 3.00 bonuses for user 1, order 92
2026-05-27 01:38:31 | INFO     | mayss | Earned 3.00 bonuses for user 1, order 93
2026-05-27 01:38:31 | INFO     | mayss | Earned 3.00 bonuses for user 1, order 94
2026-05-27 01:38:31 | INFO     | mayss | Earned 3.00 bonuses for user 1, order 95
2026-05-27 01:38:31 | INFO     | mayss | Earned 3.00 bonuses for user 1, order 96
2026-05-27 01:38:31 | INFO     | mayss | Earned 3.00 bonuses for user 1, order 97
2026-05-27 01:38:31 | INFO     | mayss | Earned 3.00 bonuses for user 1, order 98
2026-05-27 01:38:31 | INFO     | mayss | Earned 3.00 bonuses for user 1, order 99
2026-05-27 01:38:31 | INFO     | mayss | Created new bonus wallet for user 1
2026-05-27 01:38:31 | INFO     | mayss | Earned 30.00 bonuses for user 1, order 1
2026-05-27 01:38:31 | INFO     | mayss | Spent 10 bonuses for user 1, order 2
2026-05-27 01:38:31 | INFO     | mayss | RES | IP: testclient | GET /api/v1/products/recommendations | Status: 200 | Time: 4.44ms
2026-05-27 01:38:31 | INFO     | httpx | HTTP Request: GET http://testserver/api/v1/products/recommendations?limit=4 "HTTP/1.1 200 OK"
2026-05-27 01:38:31 | INFO     | mayss | RES | IP: testclient | GET /api/v1/products | Status: 200 | Time: 2.70ms
2026-05-27 01:38:31 | INFO     | httpx | HTTP Request: GET http://testserver/api/v1/products?q=%D0%BD%D0%B0%D1%83%D1%88%D0%BD%D0%B8%D0%BA%D0%B8 "HTTP/1.1 200 OK"
2026-05-27 01:38:31 | INFO     | mayss | RES | IP: testclient | GET /api/v1/public/shops/1 | Status: 200 | Time: 2.05ms
2026-05-27 01:38:31 | INFO     | httpx | HTTP Request: GET http://testserver/api/v1/public/shops/1 "HTTP/1.1 200 OK"
2026-05-27 01:38:32 | INFO     | mayss | RES | IP: testclient | POST /api/v1/auth/login | Status: 200 | Time: 228.20ms
2026-05-27 01:38:32 | INFO     | httpx | HTTP Request: POST http://testserver/api/v1/auth/login "HTTP/1.1 200 OK"
2026-05-27 01:38:32 | INFO     | mayss | RES | IP: testclient | POST /api/v1/auth/login | Status: 200 | Time: 219.15ms
2026-05-27 01:38:32 | INFO     | httpx | HTTP Request: POST http://testserver/api/v1/auth/login "HTTP/1.1 200 OK"
2026-05-27 01:38:32 | INFO     | mayss | RES | IP: testclient | POST /api/v1/support/tickets | Status: 200 | Time: 5.36ms
2026-05-27 01:38:32 | INFO     | httpx | HTTP Request: POST http://testserver/api/v1/support/tickets "HTTP/1.1 200 OK"
2026-05-27 01:38:32 | INFO     | mayss | RES | IP: testclient | POST /api/v1/admin/tickets/1/close | Status: 200 | Time: 2.26ms
2026-05-27 01:38:32 | INFO     | httpx | HTTP Request: POST http://testserver/api/v1/admin/tickets/1/close "HTTP/1.1 200 OK"
2026-05-27 01:38:32 | INFO     | mayss | RES | IP: testclient | POST /api/v1/auth/login | Status: 200 | Time: 219.39ms
2026-05-27 01:38:32 | INFO     | httpx | HTTP Request: POST http://testserver/api/v1/auth/login "HTTP/1.1 200 OK"
2026-05-27 01:38:32 | INFO     | mayss | RES | IP: testclient | POST /api/v1/auth/login | Status: 200 | Time: 218.38ms
2026-05-27 01:38:32 | INFO     | httpx | HTTP Request: POST http://testserver/api/v1/auth/login "HTTP/1.1 200 OK"
2026-05-27 01:38:32 | INFO     | mayss | RES | IP: testclient | POST /api/v1/support/tickets | Status: 200 | Time: 3.55ms
2026-05-27 01:38:32 | INFO     | httpx | HTTP Request: POST http://testserver/api/v1/support/tickets "HTTP/1.1 200 OK"
2026-05-27 01:38:32 | INFO     | mayss | RES | IP: testclient | POST /api/v1/admin/tickets/2/reply | Status: 200 | Time: 2.45ms
2026-05-27 01:38:32 | INFO     | httpx | HTTP Request: POST http://testserver/api/v1/admin/tickets/2/reply "HTTP/1.1 200 OK"
2026-05-27 01:38:32 | INFO     | mayss | RES | IP: testclient | GET /api/v1/products | Status: 200 | Time: 3.63ms
2026-05-27 01:38:32 | INFO     | httpx | HTTP Request: GET http://testserver/api/v1/products?sort=price_asc&page_size=5 "HTTP/1.1 200 OK"
2026-05-27 01:38:32 | INFO     | mayss | RES | IP: testclient | GET /health | Status: 200 | Time: 0.34ms
2026-05-27 01:38:32 | INFO     | httpx | HTTP Request: GET http://testserver/health "HTTP/1.1 200 OK"
2026-05-27 01:38:32 | INFO     | mayss | RES | IP: testclient | GET /api/v1/categories | Status: 200 | Time: 1.07ms
2026-05-27 01:38:32 | INFO     | httpx | HTTP Request: GET http://testserver/api/v1/categories "HTTP/1.1 200 OK"
2026-05-27 01:38:32 | INFO     | mayss | RES | IP: testclient | GET /api/v1/products | Status: 200 | Time: 2.57ms
2026-05-27 01:38:32 | INFO     | httpx | HTTP Request: GET http://testserver/api/v1/products?max_price=5000 "HTTP/1.1 200 OK"
2026-05-27 01:38:33 | INFO     | mayss | RES | IP: testclient | POST /api/v1/auth/login | Status: 401 | Time: 217.20ms
2026-05-27 01:38:33 | INFO     | httpx | HTTP Request: POST http://testserver/api/v1/auth/login "HTTP/1.1 401 Unauthorized"
2026-05-27 01:38:33 | INFO     | mayss | RES | IP: testclient | GET /api/v1/cart | Status: 401 | Time: 0.32ms
2026-05-27 01:38:33 | INFO     | httpx | HTTP Request: GET http://testserver/api/v1/cart "HTTP/1.1 401 Unauthorized"
2026-05-27 01:38:33 | INFO     | mayss | RES | IP: testclient | POST /api/v1/auth/login | Status: 200 | Time: 217.29ms
2026-05-27 01:38:33 | INFO     | httpx | HTTP Request: POST http://testserver/api/v1/auth/login "HTTP/1.1 200 OK"
2026-05-27 01:38:33 | INFO     | mayss | User 2 retrieved cart
2026-05-27 01:38:33 | INFO     | mayss | RES | IP: testclient | GET /api/v1/cart | Status: 200 | Time: 4.55ms
2026-05-27 01:38:33 | INFO     | httpx | HTTP Request: GET http://testserver/api/v1/cart "HTTP/1.1 200 OK"
2026-05-27 01:38:33 | INFO     | mayss | Added item 1 to cart
2026-05-27 01:38:33 | INFO     | mayss | RES | IP: testclient | POST /api/v1/cart/items | Status: 200 | Time: 4.46ms
2026-05-27 01:38:33 | INFO     | httpx | HTTP Request: POST http://testserver/api/v1/cart/items "HTTP/1.1 200 OK"
2026-05-27 01:38:33 | INFO     | mayss | Added item 2 to cart
2026-05-27 01:38:33 | INFO     | mayss | RES | IP: testclient | POST /api/v1/cart/items | Status: 200 | Time: 3.43ms
2026-05-27 01:38:33 | INFO     | httpx | HTTP Request: POST http://testserver/api/v1/cart/items "HTTP/1.1 200 OK"
2026-05-27 01:38:33 | INFO     | mayss | RES | IP: testclient | POST /api/v1/orders | Status: 200 | Time: 6.31ms
2026-05-27 01:38:33 | INFO     | httpx | HTTP Request: POST http://testserver/api/v1/orders "HTTP/1.1 200 OK"
2026-05-27 01:38:33 | INFO     | mayss | RES | IP: testclient | POST /api/v1/auth/login | Status: 200 | Time: 218.78ms
2026-05-27 01:38:33 | INFO     | httpx | HTTP Request: POST http://testserver/api/v1/auth/login "HTTP/1.1 200 OK"
2026-05-27 01:38:33 | INFO     | mayss | Added item 3 to cart
2026-05-27 01:38:33 | INFO     | mayss | RES | IP: testclient | POST /api/v1/cart/items | Status: 200 | Time: 4.36ms
2026-05-27 01:38:33 | INFO     | httpx | HTTP Request: POST http://testserver/api/v1/cart/items "HTTP/1.1 200 OK"
2026-05-27 01:38:33 | INFO     | mayss | RES | IP: testclient | POST /api/v1/orders | Status: 200 | Time: 3.45ms
2026-05-27 01:38:33 | INFO     | httpx | HTTP Request: POST http://testserver/api/v1/orders "HTTP/1.1 200 OK"
2026-05-27 01:38:33 | INFO     | mayss | RES | IP: testclient | POST /api/v1/payments | Status: 200 | Time: 113.69ms
2026-05-27 01:38:33 | INFO     | httpx | HTTP Request: POST http://testserver/api/v1/payments "HTTP/1.1 200 OK"
2026-05-27 01:38:33 | INFO     | mayss | RES | IP: testclient | POST /api/v1/payments | Status: 200 | Time: 1.46ms
2026-05-27 01:38:33 | INFO     | httpx | HTTP Request: POST http://testserver/api/v1/payments "HTTP/1.1 200 OK"
2026-05-27 01:38:33 | INFO     | mayss | RES | IP: testclient | POST /api/v1/auth/login | Status: 200 | Time: 217.26ms
2026-05-27 01:38:33 | INFO     | httpx | HTTP Request: POST http://testserver/api/v1/auth/login "HTTP/1.1 200 OK"
2026-05-27 01:38:33 | WARNING  | mayss | User 2 attempted admin action without permissions
2026-05-27 01:38:33 | INFO     | mayss | RES | IP: testclient | GET /api/v1/admin/stats | Status: 403 | Time: 1.57ms
2026-05-27 01:38:33 | INFO     | httpx | HTTP Request: GET http://testserver/api/v1/admin/stats "HTTP/1.1 403 Forbidden"
2026-05-27 01:38:34 | INFO     | mayss | RES | IP: testclient | POST /api/v1/auth/login | Status: 200 | Time: 218.21ms
2026-05-27 01:38:34 | INFO     | httpx | HTTP Request: POST http://testserver/api/v1/auth/login "HTTP/1.1 200 OK"
2026-05-27 01:38:34 | INFO     | mayss | RES | IP: testclient | GET /api/v1/admin/stats | Status: 200 | Time: 8.67ms
2026-05-27 01:38:34 | INFO     | httpx | HTTP Request: GET http://testserver/api/v1/admin/stats "HTTP/1.1 200 OK"
2026-05-27 01:38:34 | INFO     | mayss | RES | IP: testclient | POST /api/v1/auth/login | Status: 200 | Time: 217.48ms
2026-05-27 01:38:34 | INFO     | httpx | HTTP Request: POST http://testserver/api/v1/auth/login "HTTP/1.1 200 OK"
2026-05-27 01:38:34 | INFO     | mayss | RES | IP: testclient | POST /api/v1/reviews | Status: 403 | Time: 3.06ms
2026-05-27 01:38:34 | INFO     | httpx | HTTP Request: POST http://testserver/api/v1/reviews "HTTP/1.1 403 Forbidden"
2026-05-27 01:38:34 | INFO     | mayss | RES | IP: testclient | POST /api/v1/auth/login | Status: 200 | Time: 218.94ms
2026-05-27 01:38:34 | INFO     | httpx | HTTP Request: POST http://testserver/api/v1/auth/login "HTTP/1.1 200 OK"
2026-05-27 01:38:34 | INFO     | mayss | RES | IP: testclient | POST /api/v1/auth/register | Status: 200 | Time: 221.02ms
2026-05-27 01:38:34 | INFO     | httpx | HTTP Request: POST http://testserver/api/v1/auth/register "HTTP/1.1 200 OK"
2026-05-27 01:38:35 | INFO     | mayss | RES | IP: testclient | POST /api/v1/auth/login | Status: 200 | Time: 218.40ms
2026-05-27 01:38:35 | INFO     | httpx | HTTP Request: POST http://testserver/api/v1/auth/login "HTTP/1.1 200 OK"
2026-05-27 01:38:35 | INFO     | mayss | RES | IP: testclient | POST /api/v1/seller/profile | Status: 200 | Time: 4.42ms
2026-05-27 01:38:35 | INFO     | httpx | HTTP Request: POST http://testserver/api/v1/seller/profile "HTTP/1.1 200 OK"
2026-05-27 01:38:35 | INFO     | mayss | Админ 1 верифицировал магазин 9
2026-05-27 01:38:35 | INFO     | mayss | RES | IP: testclient | POST /api/v1/admin/sellers/9/moderate | Status: 200 | Time: 3.39ms
2026-05-27 01:38:35 | INFO     | httpx | HTTP Request: POST http://testserver/api/v1/admin/sellers/9/moderate "HTTP/1.1 200 OK"
2026-05-27 01:38:35 | INFO     | mayss | RES | IP: testclient | POST /api/v1/seller/products | Status: 200 | Time: 3.78ms
2026-05-27 01:38:35 | INFO     | httpx | HTTP Request: POST http://testserver/api/v1/seller/products "HTTP/1.1 200 OK"
2026-05-27 01:38:35 | INFO     | mayss | RES | IP: testclient | GET /api/v1/products/89 | Status: 404 | Time: 1.34ms
2026-05-27 01:38:35 | INFO     | httpx | HTTP Request: GET http://testserver/api/v1/products/89 "HTTP/1.1 404 Not Found"
2026-05-27 01:38:35 | INFO     | mayss | RES | IP: testclient | GET /api/v1/products/89 | Status: 200 | Time: 1.28ms
2026-05-27 01:38:35 | INFO     | httpx | HTTP Request: GET http://testserver/api/v1/products/89 "HTTP/1.1 200 OK"
2026-05-27 01:38:35 | INFO     | mayss | RES | IP: testclient | POST /api/v1/auth/login | Status: 200 | Time: 222.25ms
2026-05-27 01:38:35 | INFO     | httpx | HTTP Request: POST http://testserver/api/v1/auth/login "HTTP/1.1 200 OK"
2026-05-27 01:38:35 | INFO     | mayss | RES | IP: testclient | POST /api/v1/auth/register | Status: 200 | Time: 219.57ms
2026-05-27 01:38:35 | INFO     | httpx | HTTP Request: POST http://testserver/api/v1/auth/register "HTTP/1.1 200 OK"
2026-05-27 01:38:35 | INFO     | mayss | RES | IP: testclient | POST /api/v1/auth/login | Status: 200 | Time: 222.84ms
2026-05-27 01:38:35 | INFO     | httpx | HTTP Request: POST http://testserver/api/v1/auth/login "HTTP/1.1 200 OK"
2026-05-27 01:38:35 | INFO     | mayss | RES | IP: testclient | POST /api/v1/seller/profile | Status: 200 | Time: 4.42ms
2026-05-27 01:38:35 | INFO     | httpx | HTTP Request: POST http://testserver/api/v1/seller/profile "HTTP/1.1 200 OK"
2026-05-27 01:38:35 | INFO     | mayss | Админ 1 отклонил магазин 10
2026-05-27 01:38:35 | INFO     | mayss | RES | IP: testclient | POST /api/v1/admin/sellers/10/moderate | Status: 200 | Time: 2.62ms
2026-05-27 01:38:35 | INFO     | httpx | HTTP Request: POST http://testserver/api/v1/admin/sellers/10/moderate "HTTP/1.1 200 OK"
2026-05-27 01:38:35 | INFO     | mayss | RES | IP: testclient | GET /api/v1/seller/profile | Status: 200 | Time: 1.36ms
2026-05-27 01:38:35 | INFO     | httpx | HTTP Request: GET http://testserver/api/v1/seller/profile "HTTP/1.1 200 OK"
2026-05-27 01:38:35 | INFO     | mayss | RES | IP: testclient | POST /api/v1/auth/login | Status: 200 | Time: 243.34ms
2026-05-27 01:38:35 | INFO     | httpx | HTTP Request: POST http://testserver/api/v1/auth/login "HTTP/1.1 200 OK"
2026-05-27 01:38:35 | INFO     | mayss | RES | IP: testclient | PATCH /api/v1/seller/profile | Status: 200 | Time: 4.82ms
2026-05-27 01:38:35 | INFO     | httpx | HTTP Request: PATCH http://testserver/api/v1/seller/profile "HTTP/1.1 200 OK"
2026-05-27 01:38:36 | INFO     | mayss | RES | IP: testclient | POST /api/v1/auth/login | Status: 200 | Time: 217.64ms
2026-05-27 01:38:36 | INFO     | httpx | HTTP Request: POST http://testserver/api/v1/auth/login "HTTP/1.1 200 OK"
2026-05-27 01:38:36 | WARNING  | mayss | Seller 3 attempted action without verification
2026-05-27 01:38:36 | INFO     | mayss | RES | IP: testclient | GET /api/v1/seller/orders | Status: 403 | Time: 1.81ms
2026-05-27 01:38:36 | INFO     | httpx | HTTP Request: GET http://testserver/api/v1/seller/orders "HTTP/1.1 403 Forbidden"
2026-05-27 01:38:36 | WARNING  | mayss | Seller 3 attempted action without verification
2026-05-27 01:38:36 | INFO     | mayss | RES | IP: testclient | GET /api/v1/seller/products | Status: 403 | Time: 1.32ms
2026-05-27 01:38:36 | INFO     | httpx | HTTP Request: GET http://testserver/api/v1/seller/products "HTTP/1.1 403 Forbidden"
2026-05-27 01:38:36 | INFO     | mayss | RES | IP: testclient | POST /api/v1/auth/login | Status: 200 | Time: 217.41ms
2026-05-27 01:38:36 | INFO     | httpx | HTTP Request: POST http://testserver/api/v1/auth/login "HTTP/1.1 200 OK"
2026-05-27 01:38:36 | INFO     | mayss | User 2 retrieved cart
2026-05-27 01:38:36 | INFO     | mayss | RES | IP: testclient | GET /api/v1/cart | Status: 200 | Time: 1.82ms
2026-05-27 01:38:36 | INFO     | httpx | HTTP Request: GET http://testserver/api/v1/cart "HTTP/1.1 200 OK"
2026-05-27 01:38:36 | INFO     | mayss | Added item 2 to cart
2026-05-27 01:38:36 | INFO     | mayss | RES | IP: testclient | POST /api/v1/cart/items | Status: 200 | Time: 3.24ms
2026-05-27 01:38:36 | INFO     | httpx | HTTP Request: POST http://testserver/api/v1/cart/items "HTTP/1.1 200 OK"
2026-05-27 01:38:36 | INFO     | mayss | RES | IP: testclient | POST /api/v1/orders | Status: 200 | Time: 3.43ms
2026-05-27 01:38:36 | INFO     | httpx | HTTP Request: POST http://testserver/api/v1/orders "HTTP/1.1 200 OK"
2026-05-27 01:38:36 | INFO     | mayss | RES | IP: testclient | POST /api/v1/payments | Status: 200 | Time: 2.59ms
2026-05-27 01:38:36 | INFO     | httpx | HTTP Request: POST http://testserver/api/v1/payments "HTTP/1.1 200 OK"
2026-05-27 01:38:36 | INFO     | mayss | RES | IP: testclient | POST /api/v1/auth/login | Status: 200 | Time: 221.83ms
2026-05-27 01:38:36 | INFO     | httpx | HTTP Request: POST http://testserver/api/v1/auth/login "HTTP/1.1 200 OK"
2026-05-27 01:38:36 | INFO     | mayss | RES | IP: testclient | POST /api/v1/seller/orders/612/status | Status: 403 | Time: 3.63ms
2026-05-27 01:38:36 | INFO     | httpx | HTTP Request: POST http://testserver/api/v1/seller/orders/612/status?status=delivered "HTTP/1.1 403 Forbidden"
2026-05-27 01:38:36 | INFO     | mayss | RES | IP: testclient | POST /api/v1/auth/login | Status: 200 | Time: 217.67ms
2026-05-27 01:38:36 | INFO     | httpx | HTTP Request: POST http://testserver/api/v1/auth/login "HTTP/1.1 200 OK"
2026-05-27 01:38:37 | INFO     | mayss | RES | IP: testclient | POST /api/v1/auth/login | Status: 200 | Time: 225.46ms
2026-05-27 01:38:37 | INFO     | httpx | HTTP Request: POST http://testserver/api/v1/auth/login "HTTP/1.1 200 OK"
2026-05-27 01:38:37 | INFO     | mayss | User 2 retrieved cart
2026-05-27 01:38:37 | INFO     | mayss | RES | IP: testclient | GET /api/v1/cart | Status: 200 | Time: 2.18ms
2026-05-27 01:38:37 | INFO     | httpx | HTTP Request: GET http://testserver/api/v1/cart "HTTP/1.1 200 OK"
2026-05-27 01:38:37 | INFO     | mayss | Added item 3 to cart
2026-05-27 01:38:37 | INFO     | mayss | RES | IP: testclient | POST /api/v1/cart/items | Status: 200 | Time: 3.79ms
2026-05-27 01:38:37 | INFO     | httpx | HTTP Request: POST http://testserver/api/v1/cart/items "HTTP/1.1 200 OK"
2026-05-27 01:38:37 | INFO     | mayss | RES | IP: testclient | POST /api/v1/orders | Status: 200 | Time: 3.15ms
2026-05-27 01:38:37 | INFO     | httpx | HTTP Request: POST http://testserver/api/v1/orders "HTTP/1.1 200 OK"
2026-05-27 01:38:37 | INFO     | mayss | RES | IP: testclient | GET /api/v1/admin/orders/613 | Status: 200 | Time: 2.36ms
2026-05-27 01:38:37 | INFO     | httpx | HTTP Request: GET http://testserver/api/v1/admin/orders/613 "HTTP/1.1 200 OK"
2026-05-27 01:38:37 | INFO     | mayss | RES | IP: testclient | POST /api/v1/auth/login | Status: 200 | Time: 217.51ms
2026-05-27 01:38:37 | INFO     | httpx | HTTP Request: POST http://testserver/api/v1/auth/login "HTTP/1.1 200 OK"
2026-05-27 01:38:37 | INFO     | mayss | RES | IP: testclient | GET /api/v1/admin/sellers/2/analytics | Status: 200 | Time: 5.05ms
2026-05-27 01:38:37 | INFO     | httpx | HTTP Request: GET http://testserver/api/v1/admin/sellers/2/analytics "HTTP/1.1 200 OK"
2026-05-27 01:38:37 | INFO     | mayss | RES | IP: testclient | GET /api/v1/admin/users/2/analytics | Status: 200 | Time: 3.09ms
2026-05-27 01:38:37 | INFO     | httpx | HTTP Request: GET http://testserver/api/v1/admin/users/2/analytics "HTTP/1.1 200 OK"
2026-05-27 01:38:37 | INFO     | mayss | RES | IP: testclient | POST /api/v1/auth/login | Status: 200 | Time: 219.45ms
2026-05-27 01:38:37 | INFO     | httpx | HTTP Request: POST http://testserver/api/v1/auth/login "HTTP/1.1 200 OK"
2026-05-27 01:38:37 | INFO     | mayss | RES | IP: testclient | GET /api/v1/bonuses/balance | Status: 200 | Time: 1.77ms
2026-05-27 01:38:37 | INFO     | httpx | HTTP Request: GET http://testserver/api/v1/bonuses/balance "HTTP/1.1 200 OK"
2026-05-27 01:38:37 | INFO     | mayss | RES | IP: testclient | POST /api/v1/auth/login | Status: 200 | Time: 218.33ms
2026-05-27 01:38:37 | INFO     | httpx | HTTP Request: POST http://testserver/api/v1/auth/login "HTTP/1.1 200 OK"
2026-05-27 01:38:37 | INFO     | mayss | User 2 retrieved cart
2026-05-27 01:38:37 | INFO     | mayss | RES | IP: testclient | GET /api/v1/cart | Status: 200 | Time: 1.91ms
2026-05-27 01:38:37 | INFO     | httpx | HTTP Request: GET http://testserver/api/v1/cart "HTTP/1.1 200 OK"
2026-05-27 01:38:37 | INFO     | mayss | Added item 1 to cart
2026-05-27 01:38:37 | INFO     | mayss | RES | IP: testclient | POST /api/v1/cart/items | Status: 200 | Time: 3.15ms
2026-05-27 01:38:37 | INFO     | httpx | HTTP Request: POST http://testserver/api/v1/cart/items "HTTP/1.1 200 OK"
2026-05-27 01:38:37 | INFO     | mayss | RES | IP: testclient | POST /api/v1/promos/preview | Status: 200 | Time: 2.76ms
2026-05-27 01:38:37 | INFO     | httpx | HTTP Request: POST http://testserver/api/v1/promos/preview "HTTP/1.1 200 OK"
2026-05-27 01:38:38 | INFO     | mayss | RES | IP: testclient | POST /api/v1/auth/login | Status: 200 | Time: 217.73ms
2026-05-27 01:38:38 | INFO     | httpx | HTTP Request: POST http://testserver/api/v1/auth/login "HTTP/1.1 200 OK"
2026-05-27 01:38:38 | INFO     | mayss | User 2 retrieved cart
2026-05-27 01:38:38 | INFO     | mayss | RES | IP: testclient | GET /api/v1/cart | Status: 200 | Time: 1.99ms
2026-05-27 01:38:38 | INFO     | httpx | HTTP Request: GET http://testserver/api/v1/cart "HTTP/1.1 200 OK"
2026-05-27 01:38:38 | INFO     | mayss | Removed item 1 from cart
2026-05-27 01:38:38 | INFO     | mayss | RES | IP: testclient | DELETE /api/v1/cart/items/1 | Status: 200 | Time: 2.93ms
2026-05-27 01:38:38 | INFO     | httpx | HTTP Request: DELETE http://testserver/api/v1/cart/items/1 "HTTP/1.1 200 OK"
2026-05-27 01:38:38 | INFO     | mayss | Added item 1 to cart
2026-05-27 01:38:38 | INFO     | mayss | RES | IP: testclient | POST /api/v1/cart/items | Status: 200 | Time: 3.17ms
2026-05-27 01:38:38 | INFO     | httpx | HTTP Request: POST http://testserver/api/v1/cart/items "HTTP/1.1 200 OK"
2026-05-27 01:38:38 | INFO     | mayss | RES | IP: testclient | POST /api/v1/promos/preview | Status: 400 | Time: 1.33ms
2026-05-27 01:38:38 | INFO     | httpx | HTTP Request: POST http://testserver/api/v1/promos/preview "HTTP/1.1 400 Bad Request"
2026-05-27 01:38:38 | INFO     | mayss | RES | IP: testclient | POST /api/v1/auth/login | Status: 200 | Time: 218.63ms
2026-05-27 01:38:38 | INFO     | httpx | HTTP Request: POST http://testserver/api/v1/auth/login "HTTP/1.1 200 OK"
2026-05-27 01:38:38 | INFO     | mayss | User 2 retrieved cart
2026-05-27 01:38:38 | INFO     | mayss | RES | IP: testclient | GET /api/v1/cart | Status: 200 | Time: 2.30ms
2026-05-27 01:38:38 | INFO     | httpx | HTTP Request: GET http://testserver/api/v1/cart "HTTP/1.1 200 OK"
2026-05-27 01:38:38 | INFO     | mayss | Removed item 1 from cart
2026-05-27 01:38:38 | INFO     | mayss | RES | IP: testclient | DELETE /api/v1/cart/items/1 | Status: 200 | Time: 2.66ms
2026-05-27 01:38:38 | INFO     | httpx | HTTP Request: DELETE http://testserver/api/v1/cart/items/1 "HTTP/1.1 200 OK"
2026-05-27 01:38:38 | INFO     | mayss | Added item 3 to cart
2026-05-27 01:38:38 | INFO     | mayss | RES | IP: testclient | POST /api/v1/cart/items | Status: 200 | Time: 2.80ms
2026-05-27 01:38:38 | INFO     | httpx | HTTP Request: POST http://testserver/api/v1/cart/items "HTTP/1.1 200 OK"
2026-05-27 01:38:38 | INFO     | mayss | User 2 retrieved cart
2026-05-27 01:38:38 | INFO     | mayss | RES | IP: testclient | GET /api/v1/cart | Status: 200 | Time: 1.44ms
2026-05-27 01:38:38 | INFO     | httpx | HTTP Request: GET http://testserver/api/v1/cart "HTTP/1.1 200 OK"
2026-05-27 01:38:38 | INFO     | mayss | RES | IP: testclient | POST /api/v1/orders | Status: 200 | Time: 3.78ms
2026-05-27 01:38:38 | INFO     | httpx | HTTP Request: POST http://testserver/api/v1/orders "HTTP/1.1 200 OK"
2026-05-27 01:38:38 | INFO     | mayss | RES | IP: testclient | POST /api/v1/auth/login | Status: 200 | Time: 217.46ms
2026-05-27 01:38:38 | INFO     | httpx | HTTP Request: POST http://testserver/api/v1/auth/login "HTTP/1.1 200 OK"
2026-05-27 01:38:38 | INFO     | mayss | RES | IP: testclient | GET /api/v1/admin/promos | Status: 200 | Time: 2.49ms
2026-05-27 01:38:38 | INFO     | httpx | HTTP Request: GET http://testserver/api/v1/admin/promos "HTTP/1.1 200 OK"
2026-05-27 01:38:38 | INFO     | mayss | RES | IP: testclient | POST /api/v1/auth/login | Status: 200 | Time: 217.94ms
2026-05-27 01:38:38 | INFO     | httpx | HTTP Request: POST http://testserver/api/v1/auth/login "HTTP/1.1 200 OK"
2026-05-27 01:38:38 | INFO     | mayss | RES | IP: testclient | POST /api/v1/admin/promos | Status: 200 | Time: 33.87ms
2026-05-27 01:38:38 | INFO     | httpx | HTTP Request: POST http://testserver/api/v1/admin/promos "HTTP/1.1 200 OK"
2026-05-27 01:38:38 | INFO     | mayss | RES | IP: testclient | POST /api/v1/auth/register | Status: 200 | Time: 219.50ms
2026-05-27 01:38:38 | INFO     | httpx | HTTP Request: POST http://testserver/api/v1/auth/register "HTTP/1.1 200 OK"
2026-05-27 01:38:39 | INFO     | mayss | RES | IP: testclient | POST /api/v1/auth/login | Status: 200 | Time: 217.58ms
2026-05-27 01:38:39 | INFO     | httpx | HTTP Request: POST http://testserver/api/v1/auth/login "HTTP/1.1 200 OK"
2026-05-27 01:38:39 | INFO     | mayss | RES | IP: testclient | POST /api/v1/seller/profile | Status: 200 | Time: 4.79ms
2026-05-27 01:38:39 | INFO     | httpx | HTTP Request: POST http://testserver/api/v1/seller/profile "HTTP/1.1 200 OK"
2026-05-27 01:38:39 | INFO     | mayss | RES | IP: testclient | POST /api/v1/seller/promos | Status: 403 | Time: 1.41ms
2026-05-27 01:38:39 | INFO     | httpx | HTTP Request: POST http://testserver/api/v1/seller/promos "HTTP/1.1 403 Forbidden"
2026-05-27 01:38:39 | INFO     | mayss | RES | IP: testclient | POST /api/v1/auth/login | Status: 200 | Time: 218.65ms
2026-05-27 01:38:39 | INFO     | httpx | HTTP Request: POST http://testserver/api/v1/auth/login "HTTP/1.1 200 OK"
2026-05-27 01:38:39 | INFO     | mayss | RES | IP: testclient | POST /api/v1/auth/login | Status: 200 | Time: 219.19ms
2026-05-27 01:38:39 | INFO     | httpx | HTTP Request: POST http://testserver/api/v1/auth/login "HTTP/1.1 200 OK"
2026-05-27 01:38:39 | INFO     | mayss | RES | IP: testclient | POST /api/v1/seller/promos | Status: 200 | Time: 3.45ms
2026-05-27 01:38:39 | INFO     | httpx | HTTP Request: POST http://testserver/api/v1/seller/promos "HTTP/1.1 200 OK"
2026-05-27 01:38:39 | INFO     | mayss | RES | IP: testclient | POST /api/v1/auth/login | Status: 200 | Time: 218.39ms
2026-05-27 01:38:39 | INFO     | httpx | HTTP Request: POST http://testserver/api/v1/auth/login "HTTP/1.1 200 OK"
2026-05-27 01:38:39 | INFO     | mayss | User 2 retrieved cart
2026-05-27 01:38:39 | INFO     | mayss | RES | IP: testclient | GET /api/v1/cart | Status: 200 | Time: 1.93ms
2026-05-27 01:38:39 | INFO     | httpx | HTTP Request: GET http://testserver/api/v1/cart "HTTP/1.1 200 OK"
2026-05-27 01:38:39 | INFO     | mayss | Added item 4 to cart
2026-05-27 01:38:39 | INFO     | mayss | RES | IP: testclient | POST /api/v1/cart/items | Status: 200 | Time: 3.10ms
2026-05-27 01:38:39 | INFO     | httpx | HTTP Request: POST http://testserver/api/v1/cart/items "HTTP/1.1 200 OK"
2026-05-27 01:38:39 | INFO     | mayss | RES | IP: testclient | POST /api/v1/orders | Status: 200 | Time: 2.89ms
2026-05-27 01:38:39 | INFO     | httpx | HTTP Request: POST http://testserver/api/v1/orders "HTTP/1.1 200 OK"
2026-05-27 01:38:39 | INFO     | mayss | RES | IP: testclient | POST /api/v1/payments | Status: 200 | Time: 2.68ms
2026-05-27 01:38:39 | INFO     | httpx | HTTP Request: POST http://testserver/api/v1/payments "HTTP/1.1 200 OK"
2026-05-27 01:38:39 | INFO     | mayss | RES | IP: testclient | GET /api/v1/orders/615 | Status: 200 | Time: 1.55ms
2026-05-27 01:38:39 | INFO     | httpx | HTTP Request: GET http://testserver/api/v1/orders/615 "HTTP/1.1 200 OK"
2026-05-27 01:38:40 | INFO     | mayss | RES | IP: testclient | POST /api/v1/auth/register | Status: 200 | Time: 220.59ms
2026-05-27 01:38:40 | INFO     | httpx | HTTP Request: POST http://testserver/api/v1/auth/register "HTTP/1.1 200 OK"
2026-05-27 01:38:40 | INFO     | mayss | RES | IP: testclient | POST /api/v1/auth/login | Status: 200 | Time: 217.58ms
2026-05-27 01:38:40 | INFO     | httpx | HTTP Request: POST http://testserver/api/v1/auth/login "HTTP/1.1 200 OK"
2026-05-27 01:38:40 | INFO     | mayss | RES | IP: testclient | POST /api/v1/seller/profile | Status: 200 | Time: 3.11ms
2026-05-27 01:38:40 | INFO     | httpx | HTTP Request: POST http://testserver/api/v1/seller/profile "HTTP/1.1 200 OK"
2026-05-27 01:38:40 | WARNING  | mayss | Seller 64 attempted action without verification
2026-05-27 01:38:40 | INFO     | mayss | RES | IP: testclient | POST /api/v1/seller/products | Status: 403 | Time: 1.46ms
2026-05-27 01:38:40 | INFO     | httpx | HTTP Request: POST http://testserver/api/v1/seller/products "HTTP/1.1 403 Forbidden"
2026-05-27 01:38:40 | INFO     | mayss | RES | IP: testclient | POST /api/v1/notifications/telegram/webhook | Status: 200 | Time: 1.33ms
2026-05-27 01:38:40 | INFO     | httpx | HTTP Request: POST http://testserver/api/v1/notifications/telegram/webhook "HTTP/1.1 200 OK"
2026-05-27 01:38:40 | INFO     | mayss | RES | IP: testclient | GET /api/v1/notifications/push/public-key | Status: 503 | Time: 0.32ms
2026-05-27 01:38:40 | INFO     | httpx | HTTP Request: GET http://testserver/api/v1/notifications/push/public-key "HTTP/1.1 503 Service Unavailable"
2026-05-26 22:39:14 | INFO     | app.core.logger | Система логирования инициализирована. Debug режим: False
2026-05-26 22:39:14 | INFO     | mayss | Starting MAYSS Marketplace API
2026-05-26 22:39:14 | INFO     | mayss | Database initialized successfully
2026-05-26 22:39:14 | INFO     | mayss | Elasticsearch not available — skipping search bootstrap
2026-05-27 01:39:28 | INFO     | app.core.logger | Система логирования инициализирована. Debug режим: False
2026-05-27 01:39:28 | INFO     | mayss | Starting MAYSS Marketplace API
2026-05-27 01:39:42 | INFO     | mayss | Created new bonus wallet for user 1
2026-05-27 01:39:42 | INFO     | mayss | Created new bonus wallet for user 1
2026-05-27 01:39:42 | INFO     | mayss | Created new bonus wallet for user 1
2026-05-27 01:39:42 | INFO     | mayss | Created new bonus wallet for user 1
2026-05-27 01:39:42 | INFO     | mayss | Earned 30.00 bonuses for user 1, order 42
2026-05-27 01:39:42 | INFO     | mayss | Created new bonus wallet for user 1
2026-05-27 01:39:42 | INFO     | mayss | Earned 50.00 bonuses for user 1, order 42
2026-05-27 01:39:42 | INFO     | mayss | Created new bonus wallet for user 1
2026-05-27 01:39:42 | INFO     | mayss | Earned 30.00 bonuses for user 1, order 42
2026-05-27 01:39:42 | INFO     | mayss | Created new bonus wallet for user 1
2026-05-27 01:39:42 | INFO     | mayss | Created new bonus wallet for user 1
2026-05-27 01:39:42 | INFO     | mayss | Spent 50.00 bonuses for user 1, order 42
2026-05-27 01:39:42 | INFO     | mayss | Created new bonus wallet for user 1
2026-05-27 01:39:42 | INFO     | mayss | Spent 500.00 bonuses for user 1, order 42
2026-05-27 01:39:42 | INFO     | mayss | Created new bonus wallet for user 1
2026-05-27 01:39:42 | WARNING  | mayss | User 1 insufficient bonuses: has 10.00, needs 50.00
2026-05-27 01:39:42 | INFO     | mayss | Created new bonus wallet for user 1
2026-05-27 01:39:42 | INFO     | mayss | Spent 50.00 bonuses for user 1, order 42
2026-05-27 01:39:42 | INFO     | mayss | Created new bonus wallet for user 1
2026-05-27 01:39:42 | INFO     | mayss | Adjusted 100.00 bonuses for user 1: Initial bonus
2026-05-27 01:39:42 | INFO     | mayss | Created new bonus wallet for user 1
2026-05-27 01:39:42 | INFO     | mayss | Adjusted -50.00 bonuses for user 1: Penalty
2026-05-27 01:39:42 | INFO     | mayss | Created new bonus wallet for user 1
2026-05-27 01:39:42 | WARNING  | mayss | User 1 bonus balance adjusted below 0, clamped to 0
2026-05-27 01:39:42 | INFO     | mayss | Adjusted -100.00 bonuses for user 1: Overpayment correction
2026-05-27 01:39:42 | INFO     | mayss | Created new bonus wallet for user 1
2026-05-27 01:39:42 | INFO     | mayss | Earned 30.00 bonuses for user 1, order 1
2026-05-27 01:39:42 | INFO     | mayss | Earned 15.00 bonuses for user 1, order 2
2026-05-27 01:39:42 | INFO     | mayss | Created new bonus wallet for user 1
2026-05-27 01:39:42 | INFO     | mayss | Earned 30.00 bonuses for user 1, order 1
2026-05-27 01:39:42 | INFO     | mayss | Spent 50 bonuses for user 1, order 2
2026-05-27 01:39:42 | INFO     | mayss | Created new bonus wallet for user 1
2026-05-27 01:39:42 | INFO     | mayss | Earned 3.00 bonuses for user 1, order 0
2026-05-27 01:39:42 | INFO     | mayss | Earned 3.00 bonuses for user 1, order 1
2026-05-27 01:39:42 | INFO     | mayss | Earned 3.00 bonuses for user 1, order 2
2026-05-27 01:39:42 | INFO     | mayss | Earned 3.00 bonuses for user 1, order 3
2026-05-27 01:39:42 | INFO     | mayss | Earned 3.00 bonuses for user 1, order 4
2026-05-27 01:39:42 | INFO     | mayss | Earned 3.00 bonuses for user 1, order 5
2026-05-27 01:39:42 | INFO     | mayss | Earned 3.00 bonuses for user 1, order 6
2026-05-27 01:39:42 | INFO     | mayss | Earned 3.00 bonuses for user 1, order 7
2026-05-27 01:39:42 | INFO     | mayss | Earned 3.00 bonuses for user 1, order 8
2026-05-27 01:39:42 | INFO     | mayss | Earned 3.00 bonuses for user 1, order 9
2026-05-27 01:39:42 | INFO     | mayss | Earned 3.00 bonuses for user 1, order 10
2026-05-27 01:39:42 | INFO     | mayss | Earned 3.00 bonuses for user 1, order 11
2026-05-27 01:39:42 | INFO     | mayss | Earned 3.00 bonuses for user 1, order 12
2026-05-27 01:39:42 | INFO     | mayss | Earned 3.00 bonuses for user 1, order 13
2026-05-27 01:39:42 | INFO     | mayss | Earned 3.00 bonuses for user 1, order 14
2026-05-27 01:39:42 | INFO     | mayss | Earned 3.00 bonuses for user 1, order 15
2026-05-27 01:39:42 | INFO     | mayss | Earned 3.00 bonuses for user 1, order 16
2026-05-27 01:39:42 | INFO     | mayss | Earned 3.00 bonuses for user 1, order 17
2026-05-27 01:39:42 | INFO     | mayss | Earned 3.00 bonuses for user 1, order 18
2026-05-27 01:39:42 | INFO     | mayss | Earned 3.00 bonuses for user 1, order 19
2026-05-27 01:39:42 | INFO     | mayss | Earned 3.00 bonuses for user 1, order 20
2026-05-27 01:39:42 | INFO     | mayss | Earned 3.00 bonuses for user 1, order 21
2026-05-27 01:39:42 | INFO     | mayss | Earned 3.00 bonuses for user 1, order 22
2026-05-27 01:39:42 | INFO     | mayss | Earned 3.00 bonuses for user 1, order 23
2026-05-27 01:39:42 | INFO     | mayss | Earned 3.00 bonuses for user 1, order 24
2026-05-27 01:39:42 | INFO     | mayss | Earned 3.00 bonuses for user 1, order 25
2026-05-27 01:39:42 | INFO     | mayss | Earned 3.00 bonuses for user 1, order 26
2026-05-27 01:39:42 | INFO     | mayss | Earned 3.00 bonuses for user 1, order 27
2026-05-27 01:39:42 | INFO     | mayss | Earned 3.00 bonuses for user 1, order 28
2026-05-27 01:39:42 | INFO     | mayss | Earned 3.00 bonuses for user 1, order 29
2026-05-27 01:39:42 | INFO     | mayss | Earned 3.00 bonuses for user 1, order 30
2026-05-27 01:39:42 | INFO     | mayss | Earned 3.00 bonuses for user 1, order 31
2026-05-27 01:39:42 | INFO     | mayss | Earned 3.00 bonuses for user 1, order 32
2026-05-27 01:39:42 | INFO     | mayss | Earned 3.00 bonuses for user 1, order 33
2026-05-27 01:39:42 | INFO     | mayss | Earned 3.00 bonuses for user 1, order 34
2026-05-27 01:39:42 | INFO     | mayss | Earned 3.00 bonuses for user 1, order 35
2026-05-27 01:39:42 | INFO     | mayss | Earned 3.00 bonuses for user 1, order 36
2026-05-27 01:39:42 | INFO     | mayss | Earned 3.00 bonuses for user 1, order 37
2026-05-27 01:39:42 | INFO     | mayss | Earned 3.00 bonuses for user 1, order 38
2026-05-27 01:39:42 | INFO     | mayss | Earned 3.00 bonuses for user 1, order 39
2026-05-27 01:39:42 | INFO     | mayss | Earned 3.00 bonuses for user 1, order 40
2026-05-27 01:39:42 | INFO     | mayss | Earned 3.00 bonuses for user 1, order 41
2026-05-27 01:39:42 | INFO     | mayss | Earned 3.00 bonuses for user 1, order 42
2026-05-27 01:39:42 | INFO     | mayss | Earned 3.00 bonuses for user 1, order 43
2026-05-27 01:39:42 | INFO     | mayss | Earned 3.00 bonuses for user 1, order 44
2026-05-27 01:39:42 | INFO     | mayss | Earned 3.00 bonuses for user 1, order 45
2026-05-27 01:39:42 | INFO     | mayss | Earned 3.00 bonuses for user 1, order 46
2026-05-27 01:39:42 | INFO     | mayss | Earned 3.00 bonuses for user 1, order 47
2026-05-27 01:39:42 | INFO     | mayss | Earned 3.00 bonuses for user 1, order 48
2026-05-27 01:39:42 | INFO     | mayss | Earned 3.00 bonuses for user 1, order 49
2026-05-27 01:39:42 | INFO     | mayss | Earned 3.00 bonuses for user 1, order 50
2026-05-27 01:39:42 | INFO     | mayss | Earned 3.00 bonuses for user 1, order 51
2026-05-27 01:39:42 | INFO     | mayss | Earned 3.00 bonuses for user 1, order 52
2026-05-27 01:39:42 | INFO     | mayss | Earned 3.00 bonuses for user 1, order 53
2026-05-27 01:39:42 | INFO     | mayss | Earned 3.00 bonuses for user 1, order 54
2026-05-27 01:39:42 | INFO     | mayss | Earned 3.00 bonuses for user 1, order 55
2026-05-27 01:39:42 | INFO     | mayss | Earned 3.00 bonuses for user 1, order 56
2026-05-27 01:39:42 | INFO     | mayss | Earned 3.00 bonuses for user 1, order 57
2026-05-27 01:39:42 | INFO     | mayss | Earned 3.00 bonuses for user 1, order 58
2026-05-27 01:39:42 | INFO     | mayss | Earned 3.00 bonuses for user 1, order 59
2026-05-27 01:39:42 | INFO     | mayss | Earned 3.00 bonuses for user 1, order 60
2026-05-27 01:39:42 | INFO     | mayss | Earned 3.00 bonuses for user 1, order 61
2026-05-27 01:39:42 | INFO     | mayss | Earned 3.00 bonuses for user 1, order 62
2026-05-27 01:39:42 | INFO     | mayss | Earned 3.00 bonuses for user 1, order 63
2026-05-27 01:39:42 | INFO     | mayss | Earned 3.00 bonuses for user 1, order 64
2026-05-27 01:39:42 | INFO     | mayss | Earned 3.00 bonuses for user 1, order 65
2026-05-27 01:39:42 | INFO     | mayss | Earned 3.00 bonuses for user 1, order 66
2026-05-27 01:39:42 | INFO     | mayss | Earned 3.00 bonuses for user 1, order 67
2026-05-27 01:39:42 | INFO     | mayss | Earned 3.00 bonuses for user 1, order 68
2026-05-27 01:39:42 | INFO     | mayss | Earned 3.00 bonuses for user 1, order 69
2026-05-27 01:39:42 | INFO     | mayss | Earned 3.00 bonuses for user 1, order 70
2026-05-27 01:39:42 | INFO     | mayss | Earned 3.00 bonuses for user 1, order 71
2026-05-27 01:39:42 | INFO     | mayss | Earned 3.00 bonuses for user 1, order 72
2026-05-27 01:39:42 | INFO     | mayss | Earned 3.00 bonuses for user 1, order 73
2026-05-27 01:39:42 | INFO     | mayss | Earned 3.00 bonuses for user 1, order 74
2026-05-27 01:39:42 | INFO     | mayss | Earned 3.00 bonuses for user 1, order 75
2026-05-27 01:39:42 | INFO     | mayss | Earned 3.00 bonuses for user 1, order 76
2026-05-27 01:39:42 | INFO     | mayss | Earned 3.00 bonuses for user 1, order 77
2026-05-27 01:39:42 | INFO     | mayss | Earned 3.00 bonuses for user 1, order 78
2026-05-27 01:39:42 | INFO     | mayss | Earned 3.00 bonuses for user 1, order 79
2026-05-27 01:39:42 | INFO     | mayss | Earned 3.00 bonuses for user 1, order 80
2026-05-27 01:39:42 | INFO     | mayss | Earned 3.00 bonuses for user 1, order 81
2026-05-27 01:39:42 | INFO     | mayss | Earned 3.00 bonuses for user 1, order 82
2026-05-27 01:39:42 | INFO     | mayss | Earned 3.00 bonuses for user 1, order 83
2026-05-27 01:39:42 | INFO     | mayss | Earned 3.00 bonuses for user 1, order 84
2026-05-27 01:39:42 | INFO     | mayss | Earned 3.00 bonuses for user 1, order 85
2026-05-27 01:39:42 | INFO     | mayss | Earned 3.00 bonuses for user 1, order 86
2026-05-27 01:39:42 | INFO     | mayss | Earned 3.00 bonuses for user 1, order 87
2026-05-27 01:39:42 | INFO     | mayss | Earned 3.00 bonuses for user 1, order 88
2026-05-27 01:39:42 | INFO     | mayss | Earned 3.00 bonuses for user 1, order 89
2026-05-27 01:39:42 | INFO     | mayss | Earned 3.00 bonuses for user 1, order 90
2026-05-27 01:39:42 | INFO     | mayss | Earned 3.00 bonuses for user 1, order 91
2026-05-27 01:39:42 | INFO     | mayss | Earned 3.00 bonuses for user 1, order 92
2026-05-27 01:39:42 | INFO     | mayss | Earned 3.00 bonuses for user 1, order 93
2026-05-27 01:39:42 | INFO     | mayss | Earned 3.00 bonuses for user 1, order 94
2026-05-27 01:39:42 | INFO     | mayss | Earned 3.00 bonuses for user 1, order 95
2026-05-27 01:39:42 | INFO     | mayss | Earned 3.00 bonuses for user 1, order 96
2026-05-27 01:39:42 | INFO     | mayss | Earned 3.00 bonuses for user 1, order 97
2026-05-27 01:39:42 | INFO     | mayss | Earned 3.00 bonuses for user 1, order 98
2026-05-27 01:39:42 | INFO     | mayss | Earned 3.00 bonuses for user 1, order 99
2026-05-27 01:39:42 | INFO     | mayss | Created new bonus wallet for user 1
2026-05-27 01:39:42 | INFO     | mayss | Earned 30.00 bonuses for user 1, order 1
2026-05-27 01:39:42 | INFO     | mayss | Spent 10 bonuses for user 1, order 2
2026-05-27 01:39:42 | INFO     | mayss | RES | IP: testclient | GET /api/v1/products/recommendations | Status: 200 | Time: 6.77ms
2026-05-27 01:39:42 | INFO     | httpx | HTTP Request: GET http://testserver/api/v1/products/recommendations?limit=4 "HTTP/1.1 200 OK"
2026-05-27 01:39:42 | INFO     | mayss | RES | IP: testclient | GET /api/v1/products | Status: 200 | Time: 3.17ms
2026-05-27 01:39:42 | INFO     | httpx | HTTP Request: GET http://testserver/api/v1/products?q=%D0%BD%D0%B0%D1%83%D1%88%D0%BD%D0%B8%D0%BA%D0%B8 "HTTP/1.1 200 OK"
2026-05-27 01:39:42 | INFO     | mayss | RES | IP: testclient | GET /api/v1/public/shops/1 | Status: 200 | Time: 2.00ms
2026-05-27 01:39:42 | INFO     | httpx | HTTP Request: GET http://testserver/api/v1/public/shops/1 "HTTP/1.1 200 OK"
2026-05-27 01:39:42 | INFO     | mayss | RES | IP: testclient | POST /api/v1/auth/login | Status: 200 | Time: 239.14ms
2026-05-27 01:39:42 | INFO     | httpx | HTTP Request: POST http://testserver/api/v1/auth/login "HTTP/1.1 200 OK"
2026-05-27 01:39:43 | INFO     | mayss | RES | IP: testclient | POST /api/v1/auth/login | Status: 200 | Time: 217.39ms
2026-05-27 01:39:43 | INFO     | httpx | HTTP Request: POST http://testserver/api/v1/auth/login "HTTP/1.1 200 OK"
2026-05-27 01:39:43 | INFO     | mayss | RES | IP: testclient | POST /api/v1/support/tickets | Status: 200 | Time: 5.45ms
2026-05-27 01:39:43 | INFO     | httpx | HTTP Request: POST http://testserver/api/v1/support/tickets "HTTP/1.1 200 OK"
2026-05-27 01:39:43 | INFO     | mayss | RES | IP: testclient | POST /api/v1/admin/tickets/1/close | Status: 200 | Time: 2.27ms
2026-05-27 01:39:43 | INFO     | httpx | HTTP Request: POST http://testserver/api/v1/admin/tickets/1/close "HTTP/1.1 200 OK"
2026-05-27 01:39:43 | INFO     | mayss | RES | IP: testclient | POST /api/v1/auth/login | Status: 200 | Time: 215.84ms
2026-05-27 01:39:43 | INFO     | httpx | HTTP Request: POST http://testserver/api/v1/auth/login "HTTP/1.1 200 OK"
2026-05-27 01:39:43 | INFO     | mayss | RES | IP: testclient | POST /api/v1/auth/login | Status: 200 | Time: 218.41ms
2026-05-27 01:39:43 | INFO     | httpx | HTTP Request: POST http://testserver/api/v1/auth/login "HTTP/1.1 200 OK"
2026-05-27 01:39:43 | INFO     | mayss | RES | IP: testclient | POST /api/v1/support/tickets | Status: 200 | Time: 3.18ms
2026-05-27 01:39:43 | INFO     | httpx | HTTP Request: POST http://testserver/api/v1/support/tickets "HTTP/1.1 200 OK"
2026-05-27 01:39:43 | INFO     | mayss | RES | IP: testclient | POST /api/v1/admin/tickets/2/reply | Status: 200 | Time: 2.65ms
2026-05-27 01:39:43 | INFO     | httpx | HTTP Request: POST http://testserver/api/v1/admin/tickets/2/reply "HTTP/1.1 200 OK"
2026-05-27 01:39:43 | INFO     | mayss | RES | IP: testclient | GET /api/v1/products | Status: 200 | Time: 4.04ms
2026-05-27 01:39:43 | INFO     | httpx | HTTP Request: GET http://testserver/api/v1/products?sort=price_asc&page_size=5 "HTTP/1.1 200 OK"
2026-05-27 01:39:43 | INFO     | mayss | RES | IP: testclient | GET /health | Status: 200 | Time: 0.37ms
2026-05-27 01:39:43 | INFO     | httpx | HTTP Request: GET http://testserver/health "HTTP/1.1 200 OK"
2026-05-27 01:39:43 | INFO     | mayss | RES | IP: testclient | GET /api/v1/categories | Status: 200 | Time: 1.11ms
2026-05-27 01:39:43 | INFO     | httpx | HTTP Request: GET http://testserver/api/v1/categories "HTTP/1.1 200 OK"
2026-05-27 01:39:43 | INFO     | mayss | RES | IP: testclient | GET /api/v1/products | Status: 200 | Time: 2.56ms
2026-05-27 01:39:43 | INFO     | httpx | HTTP Request: GET http://testserver/api/v1/products?max_price=5000 "HTTP/1.1 200 OK"
2026-05-27 01:39:43 | INFO     | mayss | RES | IP: testclient | POST /api/v1/auth/login | Status: 401 | Time: 216.57ms
2026-05-27 01:39:43 | INFO     | httpx | HTTP Request: POST http://testserver/api/v1/auth/login "HTTP/1.1 401 Unauthorized"
2026-05-27 01:39:43 | INFO     | mayss | RES | IP: testclient | GET /api/v1/cart | Status: 401 | Time: 0.32ms
2026-05-27 01:39:43 | INFO     | httpx | HTTP Request: GET http://testserver/api/v1/cart "HTTP/1.1 401 Unauthorized"
2026-05-27 01:39:44 | INFO     | mayss | RES | IP: testclient | POST /api/v1/auth/login | Status: 200 | Time: 217.48ms
2026-05-27 01:39:44 | INFO     | httpx | HTTP Request: POST http://testserver/api/v1/auth/login "HTTP/1.1 200 OK"
2026-05-27 01:39:44 | INFO     | mayss | User 2 retrieved cart
2026-05-27 01:39:44 | INFO     | mayss | RES | IP: testclient | GET /api/v1/cart | Status: 200 | Time: 2.83ms
2026-05-27 01:39:44 | INFO     | httpx | HTTP Request: GET http://testserver/api/v1/cart "HTTP/1.1 200 OK"
2026-05-27 01:39:44 | INFO     | mayss | Added item 1 to cart
2026-05-27 01:39:44 | INFO     | mayss | RES | IP: testclient | POST /api/v1/cart/items | Status: 200 | Time: 4.95ms
2026-05-27 01:39:44 | INFO     | httpx | HTTP Request: POST http://testserver/api/v1/cart/items "HTTP/1.1 200 OK"
2026-05-27 01:39:44 | INFO     | mayss | Added item 2 to cart
2026-05-27 01:39:44 | INFO     | mayss | RES | IP: testclient | POST /api/v1/cart/items | Status: 200 | Time: 3.74ms
2026-05-27 01:39:44 | INFO     | httpx | HTTP Request: POST http://testserver/api/v1/cart/items "HTTP/1.1 200 OK"
2026-05-27 01:39:44 | INFO     | mayss | RES | IP: testclient | POST /api/v1/orders | Status: 200 | Time: 5.51ms
2026-05-27 01:39:44 | INFO     | httpx | HTTP Request: POST http://testserver/api/v1/orders "HTTP/1.1 200 OK"
2026-05-27 01:39:44 | INFO     | mayss | RES | IP: testclient | POST /api/v1/auth/login | Status: 200 | Time: 218.93ms
2026-05-27 01:39:44 | INFO     | httpx | HTTP Request: POST http://testserver/api/v1/auth/login "HTTP/1.1 200 OK"
2026-05-27 01:39:44 | INFO     | mayss | Added item 3 to cart
2026-05-27 01:39:44 | INFO     | mayss | RES | IP: testclient | POST /api/v1/cart/items | Status: 200 | Time: 4.04ms
2026-05-27 01:39:44 | INFO     | httpx | HTTP Request: POST http://testserver/api/v1/cart/items "HTTP/1.1 200 OK"
2026-05-27 01:39:44 | INFO     | mayss | RES | IP: testclient | POST /api/v1/orders | Status: 200 | Time: 3.01ms
2026-05-27 01:39:44 | INFO     | httpx | HTTP Request: POST http://testserver/api/v1/orders "HTTP/1.1 200 OK"
2026-05-27 01:39:44 | INFO     | mayss | RES | IP: testclient | POST /api/v1/payments | Status: 200 | Time: 68.83ms
2026-05-27 01:39:44 | INFO     | httpx | HTTP Request: POST http://testserver/api/v1/payments "HTTP/1.1 200 OK"
2026-05-27 01:39:44 | INFO     | mayss | RES | IP: testclient | POST /api/v1/payments | Status: 200 | Time: 1.51ms
2026-05-27 01:39:44 | INFO     | httpx | HTTP Request: POST http://testserver/api/v1/payments "HTTP/1.1 200 OK"
2026-05-27 01:39:44 | INFO     | mayss | RES | IP: testclient | POST /api/v1/auth/login | Status: 200 | Time: 240.18ms
2026-05-27 01:39:44 | INFO     | httpx | HTTP Request: POST http://testserver/api/v1/auth/login "HTTP/1.1 200 OK"
2026-05-27 01:39:44 | WARNING  | mayss | User 2 attempted admin action without permissions
2026-05-27 01:39:44 | INFO     | mayss | RES | IP: testclient | GET /api/v1/admin/stats | Status: 403 | Time: 2.31ms
2026-05-27 01:39:44 | INFO     | httpx | HTTP Request: GET http://testserver/api/v1/admin/stats "HTTP/1.1 403 Forbidden"
2026-05-27 01:39:44 | INFO     | mayss | RES | IP: testclient | POST /api/v1/auth/login | Status: 200 | Time: 224.64ms
2026-05-27 01:39:44 | INFO     | httpx | HTTP Request: POST http://testserver/api/v1/auth/login "HTTP/1.1 200 OK"
2026-05-27 01:39:44 | INFO     | mayss | RES | IP: testclient | GET /api/v1/admin/stats | Status: 200 | Time: 10.06ms
2026-05-27 01:39:44 | INFO     | httpx | HTTP Request: GET http://testserver/api/v1/admin/stats "HTTP/1.1 200 OK"
2026-05-27 01:39:45 | INFO     | mayss | RES | IP: testclient | POST /api/v1/auth/login | Status: 200 | Time: 217.60ms
2026-05-27 01:39:45 | INFO     | httpx | HTTP Request: POST http://testserver/api/v1/auth/login "HTTP/1.1 200 OK"
2026-05-27 01:39:45 | INFO     | mayss | RES | IP: testclient | POST /api/v1/reviews | Status: 403 | Time: 3.35ms
2026-05-27 01:39:45 | INFO     | httpx | HTTP Request: POST http://testserver/api/v1/reviews "HTTP/1.1 403 Forbidden"
2026-05-27 01:39:45 | INFO     | mayss | RES | IP: testclient | POST /api/v1/auth/login | Status: 200 | Time: 219.98ms
2026-05-27 01:39:45 | INFO     | httpx | HTTP Request: POST http://testserver/api/v1/auth/login "HTTP/1.1 200 OK"
2026-05-27 01:39:45 | INFO     | mayss | RES | IP: testclient | POST /api/v1/auth/register | Status: 200 | Time: 223.84ms
2026-05-27 01:39:45 | INFO     | httpx | HTTP Request: POST http://testserver/api/v1/auth/register "HTTP/1.1 200 OK"
2026-05-27 01:39:45 | INFO     | mayss | RES | IP: testclient | POST /api/v1/auth/login | Status: 200 | Time: 222.34ms
2026-05-27 01:39:45 | INFO     | httpx | HTTP Request: POST http://testserver/api/v1/auth/login "HTTP/1.1 200 OK"
2026-05-27 01:39:45 | INFO     | mayss | RES | IP: testclient | POST /api/v1/seller/profile | Status: 200 | Time: 4.85ms
2026-05-27 01:39:45 | INFO     | httpx | HTTP Request: POST http://testserver/api/v1/seller/profile "HTTP/1.1 200 OK"
2026-05-27 01:39:45 | INFO     | mayss | Админ 1 верифицировал магазин 9
2026-05-27 01:39:45 | INFO     | mayss | RES | IP: testclient | POST /api/v1/admin/sellers/9/moderate | Status: 200 | Time: 3.74ms
2026-05-27 01:39:45 | INFO     | httpx | HTTP Request: POST http://testserver/api/v1/admin/sellers/9/moderate "HTTP/1.1 200 OK"
2026-05-27 01:39:45 | INFO     | mayss | RES | IP: testclient | POST /api/v1/seller/products | Status: 200 | Time: 3.93ms
2026-05-27 01:39:45 | INFO     | httpx | HTTP Request: POST http://testserver/api/v1/seller/products "HTTP/1.1 200 OK"
2026-05-27 01:39:45 | INFO     | mayss | RES | IP: testclient | GET /api/v1/products/89 | Status: 404 | Time: 1.45ms
2026-05-27 01:39:45 | INFO     | httpx | HTTP Request: GET http://testserver/api/v1/products/89 "HTTP/1.1 404 Not Found"
2026-05-27 01:39:45 | INFO     | mayss | RES | IP: testclient | GET /api/v1/products/89 | Status: 200 | Time: 1.35ms
2026-05-27 01:39:45 | INFO     | httpx | HTTP Request: GET http://testserver/api/v1/products/89 "HTTP/1.1 200 OK"
2026-05-27 01:39:45 | INFO     | mayss | RES | IP: testclient | POST /api/v1/auth/login | Status: 200 | Time: 221.57ms
2026-05-27 01:39:45 | INFO     | httpx | HTTP Request: POST http://testserver/api/v1/auth/login "HTTP/1.1 200 OK"
2026-05-27 01:39:46 | INFO     | mayss | RES | IP: testclient | POST /api/v1/auth/register | Status: 200 | Time: 219.09ms
2026-05-27 01:39:46 | INFO     | httpx | HTTP Request: POST http://testserver/api/v1/auth/register "HTTP/1.1 200 OK"
2026-05-27 01:39:46 | INFO     | mayss | RES | IP: testclient | POST /api/v1/auth/login | Status: 200 | Time: 218.17ms
2026-05-27 01:39:46 | INFO     | httpx | HTTP Request: POST http://testserver/api/v1/auth/login "HTTP/1.1 200 OK"
2026-05-27 01:39:46 | INFO     | mayss | RES | IP: testclient | POST /api/v1/seller/profile | Status: 200 | Time: 3.11ms
2026-05-27 01:39:46 | INFO     | httpx | HTTP Request: POST http://testserver/api/v1/seller/profile "HTTP/1.1 200 OK"
2026-05-27 01:39:46 | INFO     | mayss | Админ 1 отклонил магазин 10
2026-05-27 01:39:46 | INFO     | mayss | RES | IP: testclient | POST /api/v1/admin/sellers/10/moderate | Status: 200 | Time: 2.53ms
2026-05-27 01:39:46 | INFO     | httpx | HTTP Request: POST http://testserver/api/v1/admin/sellers/10/moderate "HTTP/1.1 200 OK"
2026-05-27 01:39:46 | INFO     | mayss | RES | IP: testclient | GET /api/v1/seller/profile | Status: 200 | Time: 1.24ms
2026-05-27 01:39:46 | INFO     | httpx | HTTP Request: GET http://testserver/api/v1/seller/profile "HTTP/1.1 200 OK"
2026-05-27 01:39:46 | INFO     | mayss | RES | IP: testclient | POST /api/v1/auth/login | Status: 200 | Time: 219.76ms
2026-05-27 01:39:46 | INFO     | httpx | HTTP Request: POST http://testserver/api/v1/auth/login "HTTP/1.1 200 OK"
2026-05-27 01:39:46 | INFO     | mayss | RES | IP: testclient | PATCH /api/v1/seller/profile | Status: 200 | Time: 3.76ms
2026-05-27 01:39:46 | INFO     | httpx | HTTP Request: PATCH http://testserver/api/v1/seller/profile "HTTP/1.1 200 OK"
2026-05-27 01:39:46 | INFO     | mayss | RES | IP: testclient | POST /api/v1/auth/login | Status: 200 | Time: 226.60ms
2026-05-27 01:39:46 | INFO     | httpx | HTTP Request: POST http://testserver/api/v1/auth/login "HTTP/1.1 200 OK"
2026-05-27 01:39:46 | WARNING  | mayss | Seller 3 attempted action without verification
2026-05-27 01:39:46 | INFO     | mayss | RES | IP: testclient | GET /api/v1/seller/orders | Status: 403 | Time: 1.78ms
2026-05-27 01:39:46 | INFO     | httpx | HTTP Request: GET http://testserver/api/v1/seller/orders "HTTP/1.1 403 Forbidden"
2026-05-27 01:39:46 | WARNING  | mayss | Seller 3 attempted action without verification
2026-05-27 01:39:46 | INFO     | mayss | RES | IP: testclient | GET /api/v1/seller/products | Status: 403 | Time: 1.26ms
2026-05-27 01:39:46 | INFO     | httpx | HTTP Request: GET http://testserver/api/v1/seller/products "HTTP/1.1 403 Forbidden"
2026-05-27 01:39:47 | INFO     | mayss | RES | IP: testclient | POST /api/v1/auth/login | Status: 200 | Time: 225.93ms
2026-05-27 01:39:47 | INFO     | httpx | HTTP Request: POST http://testserver/api/v1/auth/login "HTTP/1.1 200 OK"
2026-05-27 01:39:47 | INFO     | mayss | User 2 retrieved cart
2026-05-27 01:39:47 | INFO     | mayss | RES | IP: testclient | GET /api/v1/cart | Status: 200 | Time: 2.00ms
2026-05-27 01:39:47 | INFO     | httpx | HTTP Request: GET http://testserver/api/v1/cart "HTTP/1.1 200 OK"
2026-05-27 01:39:47 | INFO     | mayss | Added item 2 to cart
2026-05-27 01:39:47 | INFO     | mayss | RES | IP: testclient | POST /api/v1/cart/items | Status: 200 | Time: 3.22ms
2026-05-27 01:39:47 | INFO     | httpx | HTTP Request: POST http://testserver/api/v1/cart/items "HTTP/1.1 200 OK"
2026-05-27 01:39:47 | INFO     | mayss | RES | IP: testclient | POST /api/v1/orders | Status: 200 | Time: 3.17ms
2026-05-27 01:39:47 | INFO     | httpx | HTTP Request: POST http://testserver/api/v1/orders "HTTP/1.1 200 OK"
2026-05-27 01:39:47 | INFO     | mayss | RES | IP: testclient | POST /api/v1/payments | Status: 200 | Time: 2.74ms
2026-05-27 01:39:47 | INFO     | httpx | HTTP Request: POST http://testserver/api/v1/payments "HTTP/1.1 200 OK"
2026-05-27 01:39:47 | INFO     | mayss | RES | IP: testclient | POST /api/v1/auth/login | Status: 200 | Time: 221.90ms
2026-05-27 01:39:47 | INFO     | httpx | HTTP Request: POST http://testserver/api/v1/auth/login "HTTP/1.1 200 OK"
2026-05-27 01:39:47 | INFO     | mayss | RES | IP: testclient | POST /api/v1/seller/orders/612/status | Status: 403 | Time: 3.11ms
2026-05-27 01:39:47 | INFO     | httpx | HTTP Request: POST http://testserver/api/v1/seller/orders/612/status?status=delivered "HTTP/1.1 403 Forbidden"
2026-05-27 01:39:47 | INFO     | mayss | RES | IP: testclient | POST /api/v1/auth/login | Status: 200 | Time: 219.54ms
2026-05-27 01:39:47 | INFO     | httpx | HTTP Request: POST http://testserver/api/v1/auth/login "HTTP/1.1 200 OK"
2026-05-27 01:39:47 | INFO     | mayss | RES | IP: testclient | POST /api/v1/auth/login | Status: 200 | Time: 220.07ms
2026-05-27 01:39:47 | INFO     | httpx | HTTP Request: POST http://testserver/api/v1/auth/login "HTTP/1.1 200 OK"
2026-05-27 01:39:47 | INFO     | mayss | User 2 retrieved cart
2026-05-27 01:39:47 | INFO     | mayss | RES | IP: testclient | GET /api/v1/cart | Status: 200 | Time: 1.85ms
2026-05-27 01:39:47 | INFO     | httpx | HTTP Request: GET http://testserver/api/v1/cart "HTTP/1.1 200 OK"
2026-05-27 01:39:47 | INFO     | mayss | Added item 3 to cart
2026-05-27 01:39:47 | INFO     | mayss | RES | IP: testclient | POST /api/v1/cart/items | Status: 200 | Time: 3.86ms
2026-05-27 01:39:47 | INFO     | httpx | HTTP Request: POST http://testserver/api/v1/cart/items "HTTP/1.1 200 OK"
2026-05-27 01:39:47 | INFO     | mayss | RES | IP: testclient | POST /api/v1/orders | Status: 200 | Time: 3.11ms
2026-05-27 01:39:47 | INFO     | httpx | HTTP Request: POST http://testserver/api/v1/orders "HTTP/1.1 200 OK"
2026-05-27 01:39:47 | INFO     | mayss | RES | IP: testclient | GET /api/v1/admin/orders/613 | Status: 200 | Time: 2.33ms
2026-05-27 01:39:47 | INFO     | httpx | HTTP Request: GET http://testserver/api/v1/admin/orders/613 "HTTP/1.1 200 OK"
2026-05-27 01:39:48 | INFO     | mayss | RES | IP: testclient | POST /api/v1/auth/login | Status: 200 | Time: 218.03ms
2026-05-27 01:39:48 | INFO     | httpx | HTTP Request: POST http://testserver/api/v1/auth/login "HTTP/1.1 200 OK"
2026-05-27 01:39:48 | INFO     | mayss | RES | IP: testclient | GET /api/v1/admin/sellers/2/analytics | Status: 200 | Time: 5.16ms
2026-05-27 01:39:48 | INFO     | httpx | HTTP Request: GET http://testserver/api/v1/admin/sellers/2/analytics "HTTP/1.1 200 OK"
2026-05-27 01:39:48 | INFO     | mayss | RES | IP: testclient | GET /api/v1/admin/users/2/analytics | Status: 200 | Time: 3.35ms
2026-05-27 01:39:48 | INFO     | httpx | HTTP Request: GET http://testserver/api/v1/admin/users/2/analytics "HTTP/1.1 200 OK"
2026-05-27 01:39:48 | INFO     | mayss | RES | IP: testclient | POST /api/v1/auth/login | Status: 200 | Time: 221.78ms
2026-05-27 01:39:48 | INFO     | httpx | HTTP Request: POST http://testserver/api/v1/auth/login "HTTP/1.1 200 OK"
2026-05-27 01:39:48 | INFO     | mayss | RES | IP: testclient | GET /api/v1/bonuses/balance | Status: 200 | Time: 1.73ms
2026-05-27 01:39:48 | INFO     | httpx | HTTP Request: GET http://testserver/api/v1/bonuses/balance "HTTP/1.1 200 OK"
2026-05-27 01:39:48 | INFO     | mayss | RES | IP: testclient | POST /api/v1/auth/login | Status: 200 | Time: 218.75ms
2026-05-27 01:39:48 | INFO     | httpx | HTTP Request: POST http://testserver/api/v1/auth/login "HTTP/1.1 200 OK"
2026-05-27 01:39:48 | INFO     | mayss | User 2 retrieved cart
2026-05-27 01:39:48 | INFO     | mayss | RES | IP: testclient | GET /api/v1/cart | Status: 200 | Time: 2.34ms
2026-05-27 01:39:48 | INFO     | httpx | HTTP Request: GET http://testserver/api/v1/cart "HTTP/1.1 200 OK"
2026-05-27 01:39:48 | INFO     | mayss | Added item 1 to cart
2026-05-27 01:39:48 | INFO     | mayss | RES | IP: testclient | POST /api/v1/cart/items | Status: 200 | Time: 3.07ms
2026-05-27 01:39:48 | INFO     | httpx | HTTP Request: POST http://testserver/api/v1/cart/items "HTTP/1.1 200 OK"
2026-05-27 01:39:48 | INFO     | mayss | RES | IP: testclient | POST /api/v1/promos/preview | Status: 200 | Time: 2.90ms
2026-05-27 01:39:48 | INFO     | httpx | HTTP Request: POST http://testserver/api/v1/promos/preview "HTTP/1.1 200 OK"
2026-05-27 01:39:48 | INFO     | mayss | RES | IP: testclient | POST /api/v1/auth/login | Status: 200 | Time: 219.56ms
2026-05-27 01:39:48 | INFO     | httpx | HTTP Request: POST http://testserver/api/v1/auth/login "HTTP/1.1 200 OK"
2026-05-27 01:39:48 | INFO     | mayss | User 2 retrieved cart
2026-05-27 01:39:48 | INFO     | mayss | RES | IP: testclient | GET /api/v1/cart | Status: 200 | Time: 2.10ms
2026-05-27 01:39:48 | INFO     | httpx | HTTP Request: GET http://testserver/api/v1/cart "HTTP/1.1 200 OK"
2026-05-27 01:39:48 | INFO     | mayss | Removed item 1 from cart
2026-05-27 01:39:48 | INFO     | mayss | RES | IP: testclient | DELETE /api/v1/cart/items/1 | Status: 200 | Time: 2.74ms
2026-05-27 01:39:48 | INFO     | httpx | HTTP Request: DELETE http://testserver/api/v1/cart/items/1 "HTTP/1.1 200 OK"
2026-05-27 01:39:48 | INFO     | mayss | Added item 1 to cart
2026-05-27 01:39:48 | INFO     | mayss | RES | IP: testclient | POST /api/v1/cart/items | Status: 200 | Time: 2.86ms
2026-05-27 01:39:48 | INFO     | httpx | HTTP Request: POST http://testserver/api/v1/cart/items "HTTP/1.1 200 OK"
2026-05-27 01:39:48 | INFO     | mayss | RES | IP: testclient | POST /api/v1/promos/preview | Status: 400 | Time: 1.39ms
2026-05-27 01:39:48 | INFO     | httpx | HTTP Request: POST http://testserver/api/v1/promos/preview "HTTP/1.1 400 Bad Request"
2026-05-27 01:39:48 | INFO     | mayss | RES | IP: testclient | POST /api/v1/auth/login | Status: 200 | Time: 218.88ms
2026-05-27 01:39:48 | INFO     | httpx | HTTP Request: POST http://testserver/api/v1/auth/login "HTTP/1.1 200 OK"
2026-05-27 01:39:48 | INFO     | mayss | User 2 retrieved cart
2026-05-27 01:39:48 | INFO     | mayss | RES | IP: testclient | GET /api/v1/cart | Status: 200 | Time: 3.29ms
2026-05-27 01:39:48 | INFO     | httpx | HTTP Request: GET http://testserver/api/v1/cart "HTTP/1.1 200 OK"
2026-05-27 01:39:48 | INFO     | mayss | Removed item 1 from cart
2026-05-27 01:39:48 | INFO     | mayss | RES | IP: testclient | DELETE /api/v1/cart/items/1 | Status: 200 | Time: 4.04ms
2026-05-27 01:39:48 | INFO     | httpx | HTTP Request: DELETE http://testserver/api/v1/cart/items/1 "HTTP/1.1 200 OK"
2026-05-27 01:39:48 | INFO     | mayss | Added item 3 to cart
2026-05-27 01:39:48 | INFO     | mayss | RES | IP: testclient | POST /api/v1/cart/items | Status: 200 | Time: 3.11ms
2026-05-27 01:39:48 | INFO     | httpx | HTTP Request: POST http://testserver/api/v1/cart/items "HTTP/1.1 200 OK"
2026-05-27 01:39:48 | INFO     | mayss | User 2 retrieved cart
2026-05-27 01:39:48 | INFO     | mayss | RES | IP: testclient | GET /api/v1/cart | Status: 200 | Time: 1.53ms
2026-05-27 01:39:48 | INFO     | httpx | HTTP Request: GET http://testserver/api/v1/cart "HTTP/1.1 200 OK"
2026-05-27 01:39:48 | INFO     | mayss | RES | IP: testclient | POST /api/v1/orders | Status: 200 | Time: 4.69ms
2026-05-27 01:39:48 | INFO     | httpx | HTTP Request: POST http://testserver/api/v1/orders "HTTP/1.1 200 OK"
2026-05-27 01:39:49 | INFO     | mayss | RES | IP: testclient | POST /api/v1/auth/login | Status: 200 | Time: 218.25ms
2026-05-27 01:39:49 | INFO     | httpx | HTTP Request: POST http://testserver/api/v1/auth/login "HTTP/1.1 200 OK"
2026-05-27 01:39:49 | INFO     | mayss | RES | IP: testclient | GET /api/v1/admin/promos | Status: 200 | Time: 2.52ms
2026-05-27 01:39:49 | INFO     | httpx | HTTP Request: GET http://testserver/api/v1/admin/promos "HTTP/1.1 200 OK"
2026-05-27 01:39:49 | INFO     | mayss | RES | IP: testclient | POST /api/v1/auth/login | Status: 200 | Time: 219.71ms
2026-05-27 01:39:49 | INFO     | httpx | HTTP Request: POST http://testserver/api/v1/auth/login "HTTP/1.1 200 OK"
2026-05-27 01:39:49 | INFO     | mayss | RES | IP: testclient | POST /api/v1/admin/promos | Status: 200 | Time: 47.17ms
2026-05-27 01:39:49 | INFO     | httpx | HTTP Request: POST http://testserver/api/v1/admin/promos "HTTP/1.1 200 OK"
2026-05-27 01:39:49 | INFO     | mayss | RES | IP: testclient | POST /api/v1/auth/register | Status: 200 | Time: 223.51ms
2026-05-27 01:39:49 | INFO     | httpx | HTTP Request: POST http://testserver/api/v1/auth/register "HTTP/1.1 200 OK"
2026-05-27 01:39:49 | INFO     | mayss | RES | IP: testclient | POST /api/v1/auth/login | Status: 200 | Time: 218.61ms
2026-05-27 01:39:49 | INFO     | httpx | HTTP Request: POST http://testserver/api/v1/auth/login "HTTP/1.1 200 OK"
2026-05-27 01:39:49 | INFO     | mayss | RES | IP: testclient | POST /api/v1/seller/profile | Status: 200 | Time: 3.65ms
2026-05-27 01:39:49 | INFO     | httpx | HTTP Request: POST http://testserver/api/v1/seller/profile "HTTP/1.1 200 OK"
2026-05-27 01:39:49 | INFO     | mayss | RES | IP: testclient | POST /api/v1/seller/promos | Status: 403 | Time: 1.50ms
2026-05-27 01:39:49 | INFO     | httpx | HTTP Request: POST http://testserver/api/v1/seller/promos "HTTP/1.1 403 Forbidden"
2026-05-27 01:39:50 | INFO     | mayss | RES | IP: testclient | POST /api/v1/auth/login | Status: 200 | Time: 217.34ms
2026-05-27 01:39:50 | INFO     | httpx | HTTP Request: POST http://testserver/api/v1/auth/login "HTTP/1.1 200 OK"
2026-05-27 01:39:50 | INFO     | mayss | RES | IP: testclient | POST /api/v1/auth/login | Status: 200 | Time: 219.29ms
2026-05-27 01:39:50 | INFO     | httpx | HTTP Request: POST http://testserver/api/v1/auth/login "HTTP/1.1 200 OK"
2026-05-27 01:39:50 | INFO     | mayss | RES | IP: testclient | POST /api/v1/seller/promos | Status: 200 | Time: 3.59ms
2026-05-27 01:39:50 | INFO     | httpx | HTTP Request: POST http://testserver/api/v1/seller/promos "HTTP/1.1 200 OK"
2026-05-27 01:39:50 | INFO     | mayss | RES | IP: testclient | POST /api/v1/auth/login | Status: 200 | Time: 217.68ms
2026-05-27 01:39:50 | INFO     | httpx | HTTP Request: POST http://testserver/api/v1/auth/login "HTTP/1.1 200 OK"
2026-05-27 01:39:50 | INFO     | mayss | User 2 retrieved cart
2026-05-27 01:39:50 | INFO     | mayss | RES | IP: testclient | GET /api/v1/cart | Status: 200 | Time: 3.75ms
2026-05-27 01:39:50 | INFO     | httpx | HTTP Request: GET http://testserver/api/v1/cart "HTTP/1.1 200 OK"
2026-05-27 01:39:50 | INFO     | mayss | Added item 4 to cart
2026-05-27 01:39:50 | INFO     | mayss | RES | IP: testclient | POST /api/v1/cart/items | Status: 200 | Time: 4.01ms
2026-05-27 01:39:50 | INFO     | httpx | HTTP Request: POST http://testserver/api/v1/cart/items "HTTP/1.1 200 OK"
2026-05-27 01:39:50 | INFO     | mayss | RES | IP: testclient | POST /api/v1/orders | Status: 200 | Time: 4.20ms
2026-05-27 01:39:50 | INFO     | httpx | HTTP Request: POST http://testserver/api/v1/orders "HTTP/1.1 200 OK"
2026-05-27 01:39:50 | INFO     | mayss | RES | IP: testclient | POST /api/v1/payments | Status: 200 | Time: 3.73ms
2026-05-27 01:39:50 | INFO     | httpx | HTTP Request: POST http://testserver/api/v1/payments "HTTP/1.1 200 OK"
2026-05-27 01:39:50 | INFO     | mayss | RES | IP: testclient | GET /api/v1/orders/615 | Status: 200 | Time: 1.54ms
2026-05-27 01:39:50 | INFO     | httpx | HTTP Request: GET http://testserver/api/v1/orders/615 "HTTP/1.1 200 OK"
2026-05-27 01:39:50 | INFO     | mayss | RES | IP: testclient | POST /api/v1/auth/register | Status: 200 | Time: 220.79ms
2026-05-27 01:39:50 | INFO     | httpx | HTTP Request: POST http://testserver/api/v1/auth/register "HTTP/1.1 200 OK"
2026-05-27 01:39:51 | INFO     | mayss | RES | IP: testclient | POST /api/v1/auth/login | Status: 200 | Time: 217.29ms
2026-05-27 01:39:51 | INFO     | httpx | HTTP Request: POST http://testserver/api/v1/auth/login "HTTP/1.1 200 OK"
2026-05-27 01:39:51 | INFO     | mayss | RES | IP: testclient | POST /api/v1/seller/profile | Status: 200 | Time: 2.92ms
2026-05-27 01:39:51 | INFO     | httpx | HTTP Request: POST http://testserver/api/v1/seller/profile "HTTP/1.1 200 OK"
2026-05-27 01:39:51 | WARNING  | mayss | Seller 64 attempted action without verification
2026-05-27 01:39:51 | INFO     | mayss | RES | IP: testclient | POST /api/v1/seller/products | Status: 403 | Time: 1.48ms
2026-05-27 01:39:51 | INFO     | httpx | HTTP Request: POST http://testserver/api/v1/seller/products "HTTP/1.1 403 Forbidden"
2026-05-27 01:39:51 | INFO     | mayss | RES | IP: testclient | POST /api/v1/notifications/telegram/webhook | Status: 200 | Time: 1.18ms
2026-05-27 01:39:51 | INFO     | httpx | HTTP Request: POST http://testserver/api/v1/notifications/telegram/webhook "HTTP/1.1 200 OK"
2026-05-27 01:39:51 | INFO     | mayss | RES | IP: testclient | GET /api/v1/notifications/push/public-key | Status: 503 | Time: 0.34ms
2026-05-27 01:39:51 | INFO     | httpx | HTTP Request: GET http://testserver/api/v1/notifications/push/public-key "HTTP/1.1 503 Service Unavailable"
2026-05-26 23:18:58 | INFO     | app.core.logger | Система логирования инициализирована. Debug режим: False
2026-05-26 23:18:58 | INFO     | mayss | Starting MAYSS Marketplace API
2026-05-26 23:18:58 | INFO     | mayss | Database initialized successfully
2026-05-26 23:18:58 | INFO     | elastic_transport.transport | HEAD http://elasticsearch:9200/ [status:200 duration:0.022s]
2026-05-26 23:18:58 | INFO     | elastic_transport.transport | HEAD http://elasticsearch:9200/mayss_products [status:404 duration:0.016s]
2026-05-26 23:18:58 | INFO     | elastic_transport.transport | PUT http://elasticsearch:9200/mayss_products [status:200 duration:0.249s]
2026-05-26 23:18:58 | INFO     | mayss | Created ES index mayss_products
2026-05-26 23:18:58 | INFO     | elastic_transport.transport | POST http://elasticsearch:9200/mayss_products/_count [status:200 duration:0.064s]
2026-05-26 23:18:58 | INFO     | mayss | ES index empty — running initial reindex (this may take a few minutes on first run while the embedding model is downloaded)
2026-05-26 23:18:58 | INFO     | elastic_transport.transport | HEAD http://elasticsearch:9200/mayss_products [status:200 duration:0.007s]
2026-05-26 23:19:03 | INFO     | mayss | Loading embedding model intfloat/multilingual-e5-small …
2026-05-26 23:19:03 | INFO     | sentence_transformers.SentenceTransformer | Use pytorch device_name: cpu
2026-05-26 23:19:03 | INFO     | sentence_transformers.SentenceTransformer | Load pretrained SentenceTransformer: intfloat/multilingual-e5-small
2026-05-26 23:19:07 | WARNING  | huggingface_hub.utils._http | '(MaxRetryError('HTTPSConnectionPool(host=\'huggingface.co\', port=443): Max retries exceeded with url: /intfloat/multilingual-e5-small/resolve/main/modules.json (Caused by NameResolutionError("HTTPSConnection(host=\'huggingface.co\', port=443): Failed to resolve \'huggingface.co\' ([Errno -5] No address associated with hostname)"))'), '(Request ID: b16a7edb-b711-4c4d-aabd-daceaec6203b)')' thrown while requesting HEAD https://huggingface.co/intfloat/multilingual-e5-small/resolve/main/modules.json
2026-05-26 23:19:07 | WARNING  | huggingface_hub.utils._http | Retrying in 1s [Retry 1/5].
2026-05-26 23:19:12 | WARNING  | huggingface_hub.utils._http | '(MaxRetryError('HTTPSConnectionPool(host=\'huggingface.co\', port=443): Max retries exceeded with url: /intfloat/multilingual-e5-small/resolve/main/modules.json (Caused by NameResolutionError("HTTPSConnection(host=\'huggingface.co\', port=443): Failed to resolve \'huggingface.co\' ([Errno -5] No address associated with hostname)"))'), '(Request ID: e4f09a88-1ae0-4335-82fb-65376cbb901c)')' thrown while requesting HEAD https://huggingface.co/intfloat/multilingual-e5-small/resolve/main/modules.json
2026-05-26 23:19:12 | WARNING  | huggingface_hub.utils._http | Retrying in 2s [Retry 2/5].
2026-05-26 23:19:18 | WARNING  | huggingface_hub.utils._http | '(MaxRetryError('HTTPSConnectionPool(host=\'huggingface.co\', port=443): Max retries exceeded with url: /intfloat/multilingual-e5-small/resolve/main/modules.json (Caused by NameResolutionError("HTTPSConnection(host=\'huggingface.co\', port=443): Failed to resolve \'huggingface.co\' ([Errno -5] No address associated with hostname)"))'), '(Request ID: 1d76cc72-c34b-4bb7-b765-ec46daef224a)')' thrown while requesting HEAD https://huggingface.co/intfloat/multilingual-e5-small/resolve/main/modules.json
2026-05-26 23:19:18 | WARNING  | huggingface_hub.utils._http | Retrying in 4s [Retry 3/5].
2026-05-26 23:19:26 | WARNING  | huggingface_hub.utils._http | '(MaxRetryError('HTTPSConnectionPool(host=\'huggingface.co\', port=443): Max retries exceeded with url: /intfloat/multilingual-e5-small/resolve/main/modules.json (Caused by NameResolutionError("HTTPSConnection(host=\'huggingface.co\', port=443): Failed to resolve \'huggingface.co\' ([Errno -5] No address associated with hostname)"))'), '(Request ID: ade4fa3f-7e57-49d0-88b2-e2ac55393b46)')' thrown while requesting HEAD https://huggingface.co/intfloat/multilingual-e5-small/resolve/main/modules.json
2026-05-26 23:19:26 | WARNING  | huggingface_hub.utils._http | Retrying in 8s [Retry 4/5].
2026-05-26 23:19:38 | WARNING  | huggingface_hub.utils._http | '(MaxRetryError('HTTPSConnectionPool(host=\'huggingface.co\', port=443): Max retries exceeded with url: /intfloat/multilingual-e5-small/resolve/main/modules.json (Caused by NameResolutionError("HTTPSConnection(host=\'huggingface.co\', port=443): Failed to resolve \'huggingface.co\' ([Errno -5] No address associated with hostname)"))'), '(Request ID: d73fdf1f-dbda-467c-bffc-83b27c684344)')' thrown while requesting HEAD https://huggingface.co/intfloat/multilingual-e5-small/resolve/main/modules.json
2026-05-26 23:19:38 | WARNING  | huggingface_hub.utils._http | Retrying in 8s [Retry 5/5].
2026-05-26 23:19:50 | WARNING  | huggingface_hub.utils._http | '(MaxRetryError('HTTPSConnectionPool(host=\'huggingface.co\', port=443): Max retries exceeded with url: /intfloat/multilingual-e5-small/resolve/main/modules.json (Caused by NameResolutionError("HTTPSConnection(host=\'huggingface.co\', port=443): Failed to resolve \'huggingface.co\' ([Errno -5] No address associated with hostname)"))'), '(Request ID: e5adc5ea-4b0a-4168-9985-e0aa21bd8e97)')' thrown while requesting HEAD https://huggingface.co/intfloat/multilingual-e5-small/resolve/main/modules.json
2026-05-26 23:19:50 | WARNING  | sentence_transformers.SentenceTransformer | No sentence-transformers model found with name intfloat/multilingual-e5-small. Creating a new one with mean pooling.
2026-05-26 23:19:54 | WARNING  | huggingface_hub.utils._http | '(MaxRetryError('HTTPSConnectionPool(host=\'huggingface.co\', port=443): Max retries exceeded with url: /intfloat/multilingual-e5-small/resolve/main/adapter_config.json (Caused by NameResolutionError("HTTPSConnection(host=\'huggingface.co\', port=443): Failed to resolve \'huggingface.co\' ([Errno -5] No address associated with hostname)"))'), '(Request ID: f29dd8a7-67bd-4beb-a299-ec4f7707f865)')' thrown while requesting HEAD https://huggingface.co/intfloat/multilingual-e5-small/resolve/main/adapter_config.json
2026-05-26 23:19:54 | WARNING  | huggingface_hub.utils._http | Retrying in 1s [Retry 1/5].
2026-05-26 23:19:59 | WARNING  | huggingface_hub.utils._http | '(MaxRetryError('HTTPSConnectionPool(host=\'huggingface.co\', port=443): Max retries exceeded with url: /intfloat/multilingual-e5-small/resolve/main/adapter_config.json (Caused by NameResolutionError("HTTPSConnection(host=\'huggingface.co\', port=443): Failed to resolve \'huggingface.co\' ([Errno -5] No address associated with hostname)"))'), '(Request ID: a7963f36-6211-4264-bd96-12c21e07e282)')' thrown while requesting HEAD https://huggingface.co/intfloat/multilingual-e5-small/resolve/main/adapter_config.json
2026-05-26 23:19:59 | WARNING  | huggingface_hub.utils._http | Retrying in 2s [Retry 2/5].
2026-05-26 23:20:05 | WARNING  | huggingface_hub.utils._http | '(MaxRetryError('HTTPSConnectionPool(host=\'huggingface.co\', port=443): Max retries exceeded with url: /intfloat/multilingual-e5-small/resolve/main/adapter_config.json (Caused by NameResolutionError("HTTPSConnection(host=\'huggingface.co\', port=443): Failed to resolve \'huggingface.co\' ([Errno -5] No address associated with hostname)"))'), '(Request ID: 1b10880c-ecbe-4f20-89c1-2c78f90318fb)')' thrown while requesting HEAD https://huggingface.co/intfloat/multilingual-e5-small/resolve/main/adapter_config.json
2026-05-26 23:20:05 | WARNING  | huggingface_hub.utils._http | Retrying in 4s [Retry 3/5].
2026-05-26 23:20:13 | WARNING  | huggingface_hub.utils._http | '(MaxRetryError('HTTPSConnectionPool(host=\'huggingface.co\', port=443): Max retries exceeded with url: /intfloat/multilingual-e5-small/resolve/main/adapter_config.json (Caused by NameResolutionError("HTTPSConnection(host=\'huggingface.co\', port=443): Failed to resolve \'huggingface.co\' ([Errno -5] No address associated with hostname)"))'), '(Request ID: 10376a9c-2ba5-4902-8f2a-83b391282132)')' thrown while requesting HEAD https://huggingface.co/intfloat/multilingual-e5-small/resolve/main/adapter_config.json
2026-05-26 23:20:13 | WARNING  | huggingface_hub.utils._http | Retrying in 8s [Retry 4/5].
2026-05-26 23:20:25 | WARNING  | huggingface_hub.utils._http | '(MaxRetryError('HTTPSConnectionPool(host=\'huggingface.co\', port=443): Max retries exceeded with url: /intfloat/multilingual-e5-small/resolve/main/adapter_config.json (Caused by NameResolutionError("HTTPSConnection(host=\'huggingface.co\', port=443): Failed to resolve \'huggingface.co\' ([Errno -5] No address associated with hostname)"))'), '(Request ID: 651ef929-9758-4ad3-9d95-3df19b8978c6)')' thrown while requesting HEAD https://huggingface.co/intfloat/multilingual-e5-small/resolve/main/adapter_config.json
2026-05-26 23:20:25 | WARNING  | huggingface_hub.utils._http | Retrying in 8s [Retry 5/5].
2026-05-26 23:20:37 | WARNING  | huggingface_hub.utils._http | '(MaxRetryError('HTTPSConnectionPool(host=\'huggingface.co\', port=443): Max retries exceeded with url: /intfloat/multilingual-e5-small/resolve/main/adapter_config.json (Caused by NameResolutionError("HTTPSConnection(host=\'huggingface.co\', port=443): Failed to resolve \'huggingface.co\' ([Errno -5] No address associated with hostname)"))'), '(Request ID: a0b61561-d7c9-4e83-813c-7aaf58590d29)')' thrown while requesting HEAD https://huggingface.co/intfloat/multilingual-e5-small/resolve/main/adapter_config.json
2026-05-26 23:20:41 | WARNING  | huggingface_hub.utils._http | '(MaxRetryError('HTTPSConnectionPool(host=\'huggingface.co\', port=443): Max retries exceeded with url: /intfloat/multilingual-e5-small/resolve/main/config.json (Caused by NameResolutionError("HTTPSConnection(host=\'huggingface.co\', port=443): Failed to resolve \'huggingface.co\' ([Errno -5] No address associated with hostname)"))'), '(Request ID: fa17d55c-429b-4175-8c82-58346df2efb2)')' thrown while requesting HEAD https://huggingface.co/intfloat/multilingual-e5-small/resolve/main/config.json
2026-05-26 23:20:41 | WARNING  | huggingface_hub.utils._http | Retrying in 1s [Retry 1/5].
2026-05-26 23:20:46 | WARNING  | huggingface_hub.utils._http | '(MaxRetryError('HTTPSConnectionPool(host=\'huggingface.co\', port=443): Max retries exceeded with url: /intfloat/multilingual-e5-small/resolve/main/config.json (Caused by NameResolutionError("HTTPSConnection(host=\'huggingface.co\', port=443): Failed to resolve \'huggingface.co\' ([Errno -5] No address associated with hostname)"))'), '(Request ID: 54a42d44-9ba3-4ea9-90c0-2c6c1e457d38)')' thrown while requesting HEAD https://huggingface.co/intfloat/multilingual-e5-small/resolve/main/config.json
2026-05-26 23:20:46 | WARNING  | huggingface_hub.utils._http | Retrying in 2s [Retry 2/5].
2026-05-26 23:20:52 | WARNING  | huggingface_hub.utils._http | '(MaxRetryError('HTTPSConnectionPool(host=\'huggingface.co\', port=443): Max retries exceeded with url: /intfloat/multilingual-e5-small/resolve/main/config.json (Caused by NameResolutionError("HTTPSConnection(host=\'huggingface.co\', port=443): Failed to resolve \'huggingface.co\' ([Errno -5] No address associated with hostname)"))'), '(Request ID: 5b8efb4a-2a9a-4505-911c-e6481f223572)')' thrown while requesting HEAD https://huggingface.co/intfloat/multilingual-e5-small/resolve/main/config.json
2026-05-26 23:20:52 | WARNING  | huggingface_hub.utils._http | Retrying in 4s [Retry 3/5].
2026-05-26 23:21:00 | WARNING  | huggingface_hub.utils._http | '(MaxRetryError('HTTPSConnectionPool(host=\'huggingface.co\', port=443): Max retries exceeded with url: /intfloat/multilingual-e5-small/resolve/main/config.json (Caused by NameResolutionError("HTTPSConnection(host=\'huggingface.co\', port=443): Failed to resolve \'huggingface.co\' ([Errno -5] No address associated with hostname)"))'), '(Request ID: 1213094b-1183-4737-b182-5cbd8c3aabd7)')' thrown while requesting HEAD https://huggingface.co/intfloat/multilingual-e5-small/resolve/main/config.json
2026-05-26 23:21:00 | WARNING  | huggingface_hub.utils._http | Retrying in 8s [Retry 4/5].
2026-05-26 23:21:12 | WARNING  | huggingface_hub.utils._http | '(MaxRetryError('HTTPSConnectionPool(host=\'huggingface.co\', port=443): Max retries exceeded with url: /intfloat/multilingual-e5-small/resolve/main/config.json (Caused by NameResolutionError("HTTPSConnection(host=\'huggingface.co\', port=443): Failed to resolve \'huggingface.co\' ([Errno -5] No address associated with hostname)"))'), '(Request ID: f132ff19-d3f5-4f94-b870-08d5850d83af)')' thrown while requesting HEAD https://huggingface.co/intfloat/multilingual-e5-small/resolve/main/config.json
2026-05-26 23:21:12 | WARNING  | huggingface_hub.utils._http | Retrying in 8s [Retry 5/5].
2026-05-26 23:21:24 | WARNING  | huggingface_hub.utils._http | '(MaxRetryError('HTTPSConnectionPool(host=\'huggingface.co\', port=443): Max retries exceeded with url: /intfloat/multilingual-e5-small/resolve/main/config.json (Caused by NameResolutionError("HTTPSConnection(host=\'huggingface.co\', port=443): Failed to resolve \'huggingface.co\' ([Errno -5] No address associated with hostname)"))'), '(Request ID: 369753ce-a526-4fc3-80f6-ae35714d4a03)')' thrown while requesting HEAD https://huggingface.co/intfloat/multilingual-e5-small/resolve/main/config.json
2026-05-26 23:21:24 | WARNING  | mayss | embed for product 2 failed: We couldn't connect to 'https://huggingface.co' to load the files, and couldn't find them in the cached files.
Check your internet connection or see how to run the library in offline mode at 'https://huggingface.co/docs/transformers/installation#offline-mode'.
2026-05-26 23:21:24 | INFO     | mayss | Loading embedding model intfloat/multilingual-e5-small …
2026-05-26 23:21:24 | INFO     | sentence_transformers.SentenceTransformer | Use pytorch device_name: cpu
2026-05-26 23:21:24 | INFO     | sentence_transformers.SentenceTransformer | Load pretrained SentenceTransformer: intfloat/multilingual-e5-small
2026-05-26 23:21:28 | WARNING  | huggingface_hub.utils._http | '(MaxRetryError('HTTPSConnectionPool(host=\'huggingface.co\', port=443): Max retries exceeded with url: /intfloat/multilingual-e5-small/resolve/main/modules.json (Caused by NameResolutionError("HTTPSConnection(host=\'huggingface.co\', port=443): Failed to resolve \'huggingface.co\' ([Errno -5] No address associated with hostname)"))'), '(Request ID: 6bcb518e-f952-410e-97b8-b133cafc17dd)')' thrown while requesting HEAD https://huggingface.co/intfloat/multilingual-e5-small/resolve/main/modules.json
2026-05-26 23:21:28 | WARNING  | huggingface_hub.utils._http | Retrying in 1s [Retry 1/5].
2026-05-26 23:21:33 | WARNING  | huggingface_hub.utils._http | '(MaxRetryError('HTTPSConnectionPool(host=\'huggingface.co\', port=443): Max retries exceeded with url: /intfloat/multilingual-e5-small/resolve/main/modules.json (Caused by NameResolutionError("HTTPSConnection(host=\'huggingface.co\', port=443): Failed to resolve \'huggingface.co\' ([Errno -5] No address associated with hostname)"))'), '(Request ID: 3e3a1765-d87a-451d-876c-b33f385199f4)')' thrown while requesting HEAD https://huggingface.co/intfloat/multilingual-e5-small/resolve/main/modules.json
2026-05-26 23:21:33 | WARNING  | huggingface_hub.utils._http | Retrying in 2s [Retry 2/5].
2026-05-26 23:21:40 | WARNING  | huggingface_hub.utils._http | '(MaxRetryError('HTTPSConnectionPool(host=\'huggingface.co\', port=443): Max retries exceeded with url: /intfloat/multilingual-e5-small/resolve/main/modules.json (Caused by NameResolutionError("HTTPSConnection(host=\'huggingface.co\', port=443): Failed to resolve \'huggingface.co\' ([Errno -5] No address associated with hostname)"))'), '(Request ID: e3f8750b-ece0-45d0-a7d9-6f50a9e68f7c)')' thrown while requesting HEAD https://huggingface.co/intfloat/multilingual-e5-small/resolve/main/modules.json
2026-05-26 23:21:40 | WARNING  | huggingface_hub.utils._http | Retrying in 4s [Retry 3/5].
2026-05-26 23:21:48 | WARNING  | huggingface_hub.utils._http | '(MaxRetryError('HTTPSConnectionPool(host=\'huggingface.co\', port=443): Max retries exceeded with url: /intfloat/multilingual-e5-small/resolve/main/modules.json (Caused by NameResolutionError("HTTPSConnection(host=\'huggingface.co\', port=443): Failed to resolve \'huggingface.co\' ([Errno -5] No address associated with hostname)"))'), '(Request ID: 1b48db98-eb83-4a97-ab73-620af4312a68)')' thrown while requesting HEAD https://huggingface.co/intfloat/multilingual-e5-small/resolve/main/modules.json
2026-05-26 23:21:48 | WARNING  | huggingface_hub.utils._http | Retrying in 8s [Retry 4/5].
2026-05-26 23:22:00 | WARNING  | huggingface_hub.utils._http | '(MaxRetryError('HTTPSConnectionPool(host=\'huggingface.co\', port=443): Max retries exceeded with url: /intfloat/multilingual-e5-small/resolve/main/modules.json (Caused by NameResolutionError("HTTPSConnection(host=\'huggingface.co\', port=443): Failed to resolve \'huggingface.co\' ([Errno -5] No address associated with hostname)"))'), '(Request ID: d4403b56-8b08-4e25-8d16-32574ceba00e)')' thrown while requesting HEAD https://huggingface.co/intfloat/multilingual-e5-small/resolve/main/modules.json
2026-05-26 23:22:00 | WARNING  | huggingface_hub.utils._http | Retrying in 8s [Retry 5/5].
2026-05-26 23:22:12 | WARNING  | huggingface_hub.utils._http | '(MaxRetryError('HTTPSConnectionPool(host=\'huggingface.co\', port=443): Max retries exceeded with url: /intfloat/multilingual-e5-small/resolve/main/modules.json (Caused by NameResolutionError("HTTPSConnection(host=\'huggingface.co\', port=443): Failed to resolve \'huggingface.co\' ([Errno -5] No address associated with hostname)"))'), '(Request ID: b71b3255-72be-407d-ba6b-568a2f7aa422)')' thrown while requesting HEAD https://huggingface.co/intfloat/multilingual-e5-small/resolve/main/modules.json
2026-05-26 23:22:12 | WARNING  | sentence_transformers.SentenceTransformer | No sentence-transformers model found with name intfloat/multilingual-e5-small. Creating a new one with mean pooling.
2026-05-26 23:22:15 | INFO     | mayss | RES | IP: 151.101.0.223 | OPTIONS /api/v1/categories | Status: 200 | Time: 2.64ms
2026-05-26 23:22:15 | INFO     | mayss | RES | IP: 151.101.0.223 | OPTIONS /api/v1/products | Status: 200 | Time: 1.98ms
2026-05-26 23:22:15 | INFO     | mayss | RES | IP: 151.101.0.223 | GET /api/v1/categories | Status: 200 | Time: 70.36ms
2026-05-26 23:22:15 | INFO     | mayss | RES | IP: 151.101.0.223 | GET /api/v1/products | Status: 200 | Time: 86.03ms
2026-05-26 23:22:16 | WARNING  | huggingface_hub.utils._http | '(MaxRetryError('HTTPSConnectionPool(host=\'huggingface.co\', port=443): Max retries exceeded with url: /intfloat/multilingual-e5-small/resolve/main/adapter_config.json (Caused by NameResolutionError("HTTPSConnection(host=\'huggingface.co\', port=443): Failed to resolve \'huggingface.co\' ([Errno -5] No address associated with hostname)"))'), '(Request ID: bbbd5980-4a88-4f2a-a73d-02ff1e64fc6d)')' thrown while requesting HEAD https://huggingface.co/intfloat/multilingual-e5-small/resolve/main/adapter_config.json
2026-05-26 23:22:16 | WARNING  | huggingface_hub.utils._http | Retrying in 1s [Retry 1/5].
2026-05-26 23:22:17 | INFO     | mayss | RES | IP: 151.101.0.223 | OPTIONS /api/v1/orders | Status: 200 | Time: 0.87ms
2026-05-26 23:22:17 | INFO     | mayss | RES | IP: 151.101.0.223 | GET /api/v1/orders | Status: 200 | Time: 78.04ms
2026-05-26 23:22:17 | INFO     | mayss | RES | IP: 151.101.0.223 | OPTIONS /api/v1/cart | Status: 200 | Time: 0.16ms
2026-05-26 23:22:17 | INFO     | mayss | User 11 retrieved cart
2026-05-26 23:22:17 | INFO     | mayss | RES | IP: 151.101.0.223 | GET /api/v1/cart | Status: 200 | Time: 6.40ms
2026-05-26 23:22:17 | INFO     | mayss | RES | IP: 151.101.0.223 | OPTIONS /api/v1/favorites | Status: 200 | Time: 0.16ms
2026-05-26 23:22:17 | INFO     | mayss | RES | IP: 151.101.0.223 | GET /api/v1/favorites | Status: 200 | Time: 4.63ms
2026-05-26 23:22:17 | INFO     | mayss | RES | IP: 151.101.0.223 | OPTIONS /api/v1/auth/me | Status: 200 | Time: 0.08ms
2026-05-26 23:22:17 | INFO     | mayss | RES | IP: 151.101.0.223 | GET /api/v1/auth/me | Status: 200 | Time: 1.76ms
2026-05-26 23:22:17 | INFO     | mayss | RES | IP: 151.101.0.223 | OPTIONS /api/v1/products/recommendations | Status: 200 | Time: 0.19ms
2026-05-26 23:22:17 | INFO     | mayss | RES | IP: 151.101.0.223 | GET /api/v1/products/recommendations | Status: 200 | Time: 63.11ms
2026-05-26 23:22:21 | WARNING  | huggingface_hub.utils._http | '(MaxRetryError('HTTPSConnectionPool(host=\'huggingface.co\', port=443): Max retries exceeded with url: /intfloat/multilingual-e5-small/resolve/main/adapter_config.json (Caused by NameResolutionError("HTTPSConnection(host=\'huggingface.co\', port=443): Failed to resolve \'huggingface.co\' ([Errno -5] No address associated with hostname)"))'), '(Request ID: b6f8eaa7-2a3d-4561-adb0-6b634eb1452e)')' thrown while requesting HEAD https://huggingface.co/intfloat/multilingual-e5-small/resolve/main/adapter_config.json
2026-05-26 23:22:21 | WARNING  | huggingface_hub.utils._http | Retrying in 2s [Retry 2/5].
2026-05-26 23:22:27 | WARNING  | huggingface_hub.utils._http | '(MaxRetryError('HTTPSConnectionPool(host=\'huggingface.co\', port=443): Max retries exceeded with url: /intfloat/multilingual-e5-small/resolve/main/adapter_config.json (Caused by NameResolutionError("HTTPSConnection(host=\'huggingface.co\', port=443): Failed to resolve \'huggingface.co\' ([Errno -5] No address associated with hostname)"))'), '(Request ID: 06f3669d-616d-4827-88e0-8bee46142cad)')' thrown while requesting HEAD https://huggingface.co/intfloat/multilingual-e5-small/resolve/main/adapter_config.json
2026-05-26 23:22:27 | WARNING  | huggingface_hub.utils._http | Retrying in 4s [Retry 3/5].
2026-05-26 23:22:33 | INFO     | mayss | RES | IP: 151.101.0.223 | OPTIONS /api/v1/products | Status: 200 | Time: 3.26ms
2026-05-26 23:22:33 | INFO     | mayss | RES | IP: 151.101.0.223 | GET /api/v1/products | Status: 200 | Time: 131.05ms
2026-05-26 23:22:35 | WARNING  | huggingface_hub.utils._http | '(MaxRetryError('HTTPSConnectionPool(host=\'huggingface.co\', port=443): Max retries exceeded with url: /intfloat/multilingual-e5-small/resolve/main/adapter_config.json (Caused by NameResolutionError("HTTPSConnection(host=\'huggingface.co\', port=443): Failed to resolve \'huggingface.co\' ([Errno -5] No address associated with hostname)"))'), '(Request ID: 8dd698c9-42b7-41de-a0f0-f3bd18f0db6d)')' thrown while requesting HEAD https://huggingface.co/intfloat/multilingual-e5-small/resolve/main/adapter_config.json
2026-05-26 23:22:35 | WARNING  | huggingface_hub.utils._http | Retrying in 8s [Retry 4/5].
2026-05-26 23:22:43 | INFO     | mayss | RES | IP: 151.101.0.223 | OPTIONS /api/v1/products | Status: 200 | Time: 1.51ms
2026-05-26 23:22:43 | INFO     | mayss | RES | IP: 151.101.0.223 | GET /api/v1/products | Status: 200 | Time: 57.38ms
2026-05-26 23:22:47 | WARNING  | huggingface_hub.utils._http | '(MaxRetryError('HTTPSConnectionPool(host=\'huggingface.co\', port=443): Max retries exceeded with url: /intfloat/multilingual-e5-small/resolve/main/adapter_config.json (Caused by NameResolutionError("HTTPSConnection(host=\'huggingface.co\', port=443): Failed to resolve \'huggingface.co\' ([Errno -5] No address associated with hostname)"))'), '(Request ID: 5985afb4-4f09-40e6-8319-67a7a2387b35)')' thrown while requesting HEAD https://huggingface.co/intfloat/multilingual-e5-small/resolve/main/adapter_config.json
2026-05-26 23:22:47 | WARNING  | huggingface_hub.utils._http | Retrying in 8s [Retry 5/5].
2026-05-26 23:22:55 | INFO     | elastic_transport.transport | HEAD http://elasticsearch:9200/ [status:200 duration:0.009s]
2026-05-26 23:22:59 | WARNING  | huggingface_hub.utils._http | '(MaxRetryError('HTTPSConnectionPool(host=\'huggingface.co\', port=443): Max retries exceeded with url: /intfloat/multilingual-e5-small/resolve/main/adapter_config.json (Caused by NameResolutionError("HTTPSConnection(host=\'huggingface.co\', port=443): Failed to resolve \'huggingface.co\' ([Errno -5] No address associated with hostname)"))'), '(Request ID: 856376e3-554f-40f4-a3ef-c2bf609751c2)')' thrown while requesting HEAD https://huggingface.co/intfloat/multilingual-e5-small/resolve/main/adapter_config.json
2026-05-26 23:23:03 | WARNING  | huggingface_hub.utils._http | '(MaxRetryError('HTTPSConnectionPool(host=\'huggingface.co\', port=443): Max retries exceeded with url: /intfloat/multilingual-e5-small/resolve/main/config.json (Caused by NameResolutionError("HTTPSConnection(host=\'huggingface.co\', port=443): Failed to resolve \'huggingface.co\' ([Errno -5] No address associated with hostname)"))'), '(Request ID: eedee1b1-7fbd-460b-961e-4fa760352ac5)')' thrown while requesting HEAD https://huggingface.co/intfloat/multilingual-e5-small/resolve/main/config.json
2026-05-26 23:23:03 | WARNING  | huggingface_hub.utils._http | Retrying in 1s [Retry 1/5].
2026-05-26 23:23:08 | WARNING  | huggingface_hub.utils._http | '(MaxRetryError('HTTPSConnectionPool(host=\'huggingface.co\', port=443): Max retries exceeded with url: /intfloat/multilingual-e5-small/resolve/main/config.json (Caused by NameResolutionError("HTTPSConnection(host=\'huggingface.co\', port=443): Failed to resolve \'huggingface.co\' ([Errno -5] No address associated with hostname)"))'), '(Request ID: fba09c47-300d-438d-98cf-1e1d067dbf42)')' thrown while requesting HEAD https://huggingface.co/intfloat/multilingual-e5-small/resolve/main/config.json
2026-05-26 23:23:08 | WARNING  | huggingface_hub.utils._http | Retrying in 2s [Retry 2/5].
2026-05-26 23:23:14 | WARNING  | huggingface_hub.utils._http | '(MaxRetryError('HTTPSConnectionPool(host=\'huggingface.co\', port=443): Max retries exceeded with url: /intfloat/multilingual-e5-small/resolve/main/config.json (Caused by NameResolutionError("HTTPSConnection(host=\'huggingface.co\', port=443): Failed to resolve \'huggingface.co\' ([Errno -5] No address associated with hostname)"))'), '(Request ID: dd55989d-5d5f-4e3a-adc7-c6fd92d5a53b)')' thrown while requesting HEAD https://huggingface.co/intfloat/multilingual-e5-small/resolve/main/config.json
2026-05-26 23:23:14 | WARNING  | huggingface_hub.utils._http | Retrying in 4s [Retry 3/5].
2026-05-26 23:23:22 | WARNING  | huggingface_hub.utils._http | '(MaxRetryError('HTTPSConnectionPool(host=\'huggingface.co\', port=443): Max retries exceeded with url: /intfloat/multilingual-e5-small/resolve/main/config.json (Caused by NameResolutionError("HTTPSConnection(host=\'huggingface.co\', port=443): Failed to resolve \'huggingface.co\' ([Errno -5] No address associated with hostname)"))'), '(Request ID: e220d827-4a85-4967-be6f-6bf7e1601ad9)')' thrown while requesting HEAD https://huggingface.co/intfloat/multilingual-e5-small/resolve/main/config.json
2026-05-26 23:23:22 | WARNING  | huggingface_hub.utils._http | Retrying in 8s [Retry 4/5].
2026-05-26 23:23:43 | INFO     | mayss | RES | IP: 151.101.0.223 | GET /api/v1/categories | Status: 200 | Time: 59.29ms
2026-05-26 23:23:43 | INFO     | mayss | RES | IP: 151.101.0.223 | GET /api/v1/products | Status: 200 | Time: 86.19ms
2026-05-26 23:23:44 | INFO     | mayss | RES | IP: 151.101.0.223 | GET /api/v1/orders | Status: 200 | Time: 33.63ms
2026-05-26 23:23:44 | INFO     | mayss | User 11 retrieved cart
2026-05-26 23:23:44 | INFO     | mayss | RES | IP: 151.101.0.223 | GET /api/v1/cart | Status: 200 | Time: 11.17ms
2026-05-26 23:23:44 | INFO     | mayss | RES | IP: 151.101.0.223 | GET /api/v1/favorites | Status: 200 | Time: 4.35ms
2026-05-26 23:23:44 | INFO     | mayss | RES | IP: 151.101.0.223 | GET /api/v1/auth/me | Status: 200 | Time: 3.33ms
2026-05-26 23:23:44 | INFO     | mayss | RES | IP: 151.101.0.223 | GET /api/v1/products | Status: 200 | Time: 9.10ms
2026-05-26 23:23:57 | INFO     | elastic_transport.transport | HEAD http://elasticsearch:9200/ [status:200 duration:0.025s]
2026-05-26 23:26:21 | INFO     | mayss | Embedding model loaded.
2026-05-26 23:26:22 | INFO     | elastic_transport.transport | POST http://elasticsearch:9200/mayss_products/_search [status:200 duration:0.474s]
2026-05-26 23:26:22 | INFO     | elastic_transport.transport | POST http://elasticsearch:9200/mayss_products/_search [status:200 duration:0.478s]
2026-05-26 23:26:22 | INFO     | mayss | RES | IP: 151.101.0.223 | GET /api/v1/products | Status: 200 | Time: 144994.84ms
2026-05-26 23:26:22 | INFO     | mayss | RES | IP: 151.101.0.223 | GET /api/v1/products | Status: 200 | Time: 206970.90ms
2026-05-26 23:26:27 | INFO     | elastic_transport.transport | PUT http://elasticsearch:9200/_bulk?refresh=wait_for [status:200 duration:0.718s]
2026-05-26 23:26:27 | INFO     | mayss | Indexed 77 products into ES
2026-05-26 23:26:27 | INFO     | mayss | ES bootstrap reindexed 77 products
2026-05-26 23:28:21 | INFO     | app.core.logger | Система логирования инициализирована. Debug режим: False
2026-05-26 23:28:21 | INFO     | mayss | Starting MAYSS Marketplace API
2026-05-26 23:28:21 | INFO     | mayss | Database initialized successfully
2026-05-26 23:28:22 | INFO     | app.core.logger | Система логирования инициализирована. Debug режим: False
2026-05-26 23:28:22 | INFO     | mayss | Starting MAYSS Marketplace API
2026-05-26 23:28:23 | INFO     | mayss | Database initialized successfully
2026-05-26 23:28:23 | INFO     | elastic_transport.transport | HEAD http://elasticsearch:9200/ [status:200 duration:0.038s]
2026-05-26 23:28:23 | INFO     | elastic_transport.transport | HEAD http://elasticsearch:9200/mayss_products [status:200 duration:0.008s]
2026-05-26 23:28:23 | INFO     | elastic_transport.transport | POST http://elasticsearch:9200/mayss_products/_count [status:200 duration:0.088s]
2026-05-26 23:28:23 | INFO     | mayss | ES index already has 77 documents
2026-05-26 23:31:56 | INFO     | app.core.logger | Система логирования инициализирована. Debug режим: False
2026-05-26 23:31:56 | INFO     | mayss | Starting MAYSS Marketplace API
2026-05-26 23:31:56 | INFO     | mayss | Database initialized successfully
2026-05-26 23:31:56 | INFO     | elastic_transport.transport | HEAD http://elasticsearch:9200/ [status:200 duration:0.018s]
2026-05-26 23:31:56 | INFO     | elastic_transport.transport | HEAD http://elasticsearch:9200/mayss_products [status:200 duration:0.004s]
2026-05-26 23:31:57 | INFO     | elastic_transport.transport | POST http://elasticsearch:9200/mayss_products/_count [status:200 duration:0.050s]
2026-05-26 23:31:57 | INFO     | mayss | ES index already has 77 documents
2026-05-27 07:07:22 | INFO     | mayss | RES | IP: 151.101.0.223 | OPTIONS /api/v1/products | Status: 200 | Time: 7.07ms
2026-05-27 07:07:22 | INFO     | mayss | RES | IP: 151.101.0.223 | OPTIONS /api/v1/categories | Status: 200 | Time: 11.74ms
2026-05-27 07:07:22 | INFO     | mayss | RES | IP: 151.101.0.223 | GET /api/v1/categories | Status: 200 | Time: 186.97ms
2026-05-27 07:07:22 | INFO     | mayss | RES | IP: 151.101.0.223 | GET /api/v1/products | Status: 200 | Time: 463.14ms
2026-05-27 07:07:24 | INFO     | mayss | RES | IP: 151.101.0.223 | OPTIONS /api/v1/orders | Status: 200 | Time: 1.92ms
2026-05-27 07:07:24 | INFO     | mayss | RES | IP: 151.101.0.223 | GET /api/v1/orders | Status: 200 | Time: 96.91ms
2026-05-27 07:07:24 | INFO     | mayss | RES | IP: 151.101.0.223 | OPTIONS /api/v1/cart | Status: 200 | Time: 0.14ms
2026-05-27 07:07:24 | INFO     | mayss | User 11 retrieved cart
2026-05-27 07:07:24 | INFO     | mayss | RES | IP: 151.101.0.223 | GET /api/v1/cart | Status: 200 | Time: 7.75ms
2026-05-27 07:07:24 | INFO     | mayss | RES | IP: 151.101.0.223 | OPTIONS /api/v1/favorites | Status: 200 | Time: 0.09ms
2026-05-27 07:07:24 | INFO     | mayss | RES | IP: 151.101.0.223 | GET /api/v1/favorites | Status: 200 | Time: 4.32ms
2026-05-27 07:07:24 | INFO     | mayss | RES | IP: 151.101.0.223 | OPTIONS /api/v1/auth/me | Status: 200 | Time: 0.16ms
2026-05-27 07:07:24 | INFO     | mayss | RES | IP: 151.101.0.223 | GET /api/v1/auth/me | Status: 200 | Time: 2.11ms
2026-05-27 07:07:24 | INFO     | mayss | RES | IP: 151.101.0.223 | OPTIONS /api/v1/products/recommendations | Status: 200 | Time: 0.48ms
2026-05-27 07:07:24 | INFO     | mayss | RES | IP: 151.101.0.223 | GET /api/v1/products/recommendations | Status: 200 | Time: 79.96ms
2026-05-27 07:07:30 | INFO     | mayss | RES | IP: 151.101.0.223 | OPTIONS /api/v1/products | Status: 200 | Time: 1.62ms
2026-05-27 07:07:30 | INFO     | mayss | RES | IP: 151.101.0.223 | GET /api/v1/products | Status: 200 | Time: 33.79ms
2026-05-27 07:07:45 | INFO     | mayss | RES | IP: 151.101.0.223 | GET /api/v1/categories | Status: 200 | Time: 32.32ms
2026-05-27 07:07:45 | INFO     | mayss | RES | IP: 151.101.0.223 | GET /api/v1/products | Status: 200 | Time: 45.56ms
2026-05-27 07:07:46 | INFO     | mayss | RES | IP: 151.101.0.223 | GET /api/v1/orders | Status: 200 | Time: 12.99ms
2026-05-27 07:07:46 | INFO     | mayss | User 11 retrieved cart
2026-05-27 07:07:46 | INFO     | mayss | RES | IP: 151.101.0.223 | GET /api/v1/cart | Status: 200 | Time: 3.85ms
2026-05-27 07:07:46 | INFO     | mayss | RES | IP: 151.101.0.223 | GET /api/v1/favorites | Status: 200 | Time: 2.39ms
2026-05-27 07:07:46 | INFO     | mayss | RES | IP: 151.101.0.223 | GET /api/v1/auth/me | Status: 200 | Time: 1.53ms
2026-05-27 07:07:47 | INFO     | mayss | RES | IP: 151.101.0.223 | GET /api/v1/products | Status: 200 | Time: 5.15ms
2026-05-27 07:11:56 | INFO     | mayss | RES | IP: 151.101.0.223 | GET /products | Status: 404 | Time: 16.46ms
2026-05-27 07:12:55 | INFO     | app.core.logger | Система логирования инициализирована. Debug режим: False
2026-05-27 07:12:55 | INFO     | mayss | Starting MAYSS Marketplace API
2026-05-27 07:12:55 | INFO     | mayss | Database initialized successfully
2026-05-27 07:12:56 | INFO     | elastic_transport.transport | HEAD http://elasticsearch:9200/ [status:200 duration:0.033s]
2026-05-27 07:12:56 | INFO     | elastic_transport.transport | HEAD http://elasticsearch:9200/mayss_products [status:200 duration:0.027s]
2026-05-27 07:12:56 | INFO     | elastic_transport.transport | POST http://elasticsearch:9200/mayss_products/_count [status:200 duration:0.078s]
2026-05-27 07:12:56 | INFO     | mayss | ES index already has 77 documents
2026-05-27 07:13:02 | INFO     | app.core.logger | Система логирования инициализирована. Debug режим: False
2026-05-27 07:13:02 | INFO     | mayss | Starting MAYSS Marketplace API
2026-05-27 07:13:02 | INFO     | mayss | Database initialized successfully
2026-05-27 07:13:02 | INFO     | elastic_transport.transport | HEAD http://elasticsearch:9200/ [status:200 duration:0.014s]
2026-05-27 07:13:02 | INFO     | elastic_transport.transport | HEAD http://elasticsearch:9200/mayss_products [status:200 duration:0.004s]
2026-05-27 07:13:02 | INFO     | elastic_transport.transport | POST http://elasticsearch:9200/mayss_products/_count [status:200 duration:0.058s]
2026-05-27 07:13:02 | INFO     | mayss | ES index already has 77 documents
2026-05-27 07:13:04 | INFO     | app.core.logger | Система логирования инициализирована. Debug режим: False
2026-05-27 07:13:04 | INFO     | mayss | Starting MAYSS Marketplace API
2026-05-27 07:13:04 | INFO     | mayss | Database initialized successfully
2026-05-27 07:13:04 | INFO     | elastic_transport.transport | HEAD http://elasticsearch:9200/ [status:200 duration:0.004s]
2026-05-27 07:13:04 | INFO     | elastic_transport.transport | HEAD http://elasticsearch:9200/mayss_products [status:200 duration:0.002s]
2026-05-27 07:13:04 | INFO     | elastic_transport.transport | POST http://elasticsearch:9200/mayss_products/_count [status:200 duration:0.003s]
2026-05-27 07:13:04 | INFO     | mayss | ES index already has 77 documents
2026-05-27 07:13:05 | INFO     | app.core.logger | Система логирования инициализирована. Debug режим: False
2026-05-27 07:13:05 | INFO     | mayss | Starting MAYSS Marketplace API
2026-05-27 07:13:05 | INFO     | mayss | Database initialized successfully
2026-05-27 07:13:06 | INFO     | app.core.logger | Система логирования инициализирована. Debug режим: False
2026-05-27 07:13:06 | INFO     | mayss | Starting MAYSS Marketplace API
2026-05-27 07:13:06 | INFO     | mayss | Database initialized successfully
2026-05-27 07:13:06 | INFO     | elastic_transport.transport | HEAD http://elasticsearch:9200/ [status:200 duration:0.019s]
2026-05-27 07:13:06 | INFO     | elastic_transport.transport | HEAD http://elasticsearch:9200/mayss_products [status:200 duration:0.004s]
2026-05-27 07:13:06 | INFO     | elastic_transport.transport | POST http://elasticsearch:9200/mayss_products/_count [status:200 duration:0.010s]
2026-05-27 07:13:06 | INFO     | mayss | ES index already has 77 documents
2026-05-27 07:13:11 | INFO     | app.core.logger | Система логирования инициализирована. Debug режим: False
2026-05-27 07:13:11 | INFO     | mayss | Starting MAYSS Marketplace API
2026-05-27 07:13:11 | INFO     | mayss | Database initialized successfully
2026-05-27 07:13:11 | INFO     | app.core.logger | Система логирования инициализирована. Debug режим: False
2026-05-27 07:13:11 | INFO     | mayss | Starting MAYSS Marketplace API
2026-05-27 07:13:11 | INFO     | mayss | Database initialized successfully
2026-05-27 07:13:12 | INFO     | elastic_transport.transport | HEAD http://elasticsearch:9200/ [status:200 duration:0.015s]
2026-05-27 07:13:12 | INFO     | elastic_transport.transport | HEAD http://elasticsearch:9200/mayss_products [status:200 duration:0.004s]
2026-05-27 07:13:12 | INFO     | elastic_transport.transport | POST http://elasticsearch:9200/mayss_products/_count [status:200 duration:0.013s]
2026-05-27 07:13:12 | INFO     | mayss | ES index already has 77 documents
2026-05-27 07:13:14 | INFO     | app.core.logger | Система логирования инициализирована. Debug режим: False
2026-05-27 07:13:14 | INFO     | mayss | Starting MAYSS Marketplace API
2026-05-27 07:13:14 | INFO     | mayss | Database initialized successfully
2026-05-27 07:13:14 | INFO     | elastic_transport.transport | HEAD http://elasticsearch:9200/ [status:200 duration:0.015s]
2026-05-27 07:13:14 | INFO     | elastic_transport.transport | HEAD http://elasticsearch:9200/mayss_products [status:200 duration:0.005s]
2026-05-27 07:13:14 | INFO     | elastic_transport.transport | POST http://elasticsearch:9200/mayss_products/_count [status:200 duration:0.011s]
2026-05-27 07:13:14 | INFO     | mayss | ES index already has 77 documents
2026-05-27 07:13:23 | INFO     | app.core.logger | Система логирования инициализирована. Debug режим: False
2026-05-27 07:13:23 | INFO     | mayss | Starting MAYSS Marketplace API
2026-05-27 07:13:23 | INFO     | mayss | Database initialized successfully
2026-05-27 07:13:23 | INFO     | elastic_transport.transport | HEAD http://elasticsearch:9200/ [status:200 duration:0.009s]
2026-05-27 07:13:23 | INFO     | elastic_transport.transport | HEAD http://elasticsearch:9200/mayss_products [status:200 duration:0.005s]
2026-05-27 07:13:23 | INFO     | elastic_transport.transport | POST http://elasticsearch:9200/mayss_products/_count [status:200 duration:0.006s]
2026-05-27 07:13:23 | INFO     | mayss | ES index already has 77 documents
2026-05-27 07:13:26 | INFO     | app.core.logger | Система логирования инициализирована. Debug режим: False
2026-05-27 07:13:26 | INFO     | mayss | Starting MAYSS Marketplace API
2026-05-27 07:13:26 | INFO     | mayss | Database initialized successfully
2026-05-27 07:13:26 | INFO     | app.core.logger | Система логирования инициализирована. Debug режим: False
2026-05-27 07:13:26 | INFO     | mayss | Starting MAYSS Marketplace API
2026-05-27 07:13:26 | INFO     | mayss | Database initialized successfully
2026-05-27 07:13:27 | INFO     | elastic_transport.transport | HEAD http://elasticsearch:9200/ [status:200 duration:0.010s]
2026-05-27 07:13:27 | INFO     | elastic_transport.transport | HEAD http://elasticsearch:9200/mayss_products [status:200 duration:0.004s]
2026-05-27 07:13:27 | INFO     | elastic_transport.transport | POST http://elasticsearch:9200/mayss_products/_count [status:200 duration:0.005s]
2026-05-27 07:13:27 | INFO     | mayss | ES index already has 77 documents
2026-05-27 07:13:27 | INFO     | app.core.logger | Система логирования инициализирована. Debug режим: False
2026-05-27 07:13:27 | INFO     | mayss | Starting MAYSS Marketplace API
2026-05-27 07:13:27 | INFO     | mayss | Database initialized successfully
2026-05-27 07:13:28 | INFO     | app.core.logger | Система логирования инициализирована. Debug режим: False
2026-05-27 07:13:28 | INFO     | mayss | Starting MAYSS Marketplace API
2026-05-27 07:13:28 | INFO     | mayss | Database initialized successfully
2026-05-27 07:13:28 | INFO     | elastic_transport.transport | HEAD http://elasticsearch:9200/ [status:200 duration:0.003s]
2026-05-27 07:13:28 | INFO     | elastic_transport.transport | HEAD http://elasticsearch:9200/mayss_products [status:200 duration:0.001s]
2026-05-27 07:13:28 | INFO     | elastic_transport.transport | POST http://elasticsearch:9200/mayss_products/_count [status:200 duration:0.008s]
2026-05-27 07:13:28 | INFO     | mayss | ES index already has 77 documents
2026-05-27 07:13:33 | INFO     | app.core.logger | Система логирования инициализирована. Debug режим: False
2026-05-27 07:13:33 | INFO     | mayss | Starting MAYSS Marketplace API
2026-05-27 07:13:33 | INFO     | mayss | Database initialized successfully
2026-05-27 07:13:33 | INFO     | elastic_transport.transport | HEAD http://elasticsearch:9200/ [status:200 duration:0.013s]
2026-05-27 07:13:33 | INFO     | elastic_transport.transport | HEAD http://elasticsearch:9200/mayss_products [status:200 duration:0.005s]
2026-05-27 07:13:33 | INFO     | elastic_transport.transport | POST http://elasticsearch:9200/mayss_products/_count [status:200 duration:0.011s]
2026-05-27 07:13:33 | INFO     | mayss | ES index already has 77 documents
2026-05-27 07:13:44 | INFO     | app.core.logger | Система логирования инициализирована. Debug режим: False
2026-05-27 07:13:44 | INFO     | mayss | Starting MAYSS Marketplace API
2026-05-27 07:13:44 | INFO     | mayss | Database initialized successfully
2026-05-27 07:13:44 | INFO     | elastic_transport.transport | HEAD http://elasticsearch:9200/ [status:200 duration:0.004s]
2026-05-27 07:13:44 | INFO     | elastic_transport.transport | HEAD http://elasticsearch:9200/mayss_products [status:200 duration:0.002s]
2026-05-27 07:13:44 | INFO     | elastic_transport.transport | POST http://elasticsearch:9200/mayss_products/_count [status:200 duration:0.010s]
2026-05-27 07:13:44 | INFO     | mayss | ES index already has 77 documents
2026-05-27 07:13:55 | INFO     | app.core.logger | Система логирования инициализирована. Debug режим: False
2026-05-27 07:13:55 | INFO     | mayss | Starting MAYSS Marketplace API
2026-05-27 07:13:55 | INFO     | mayss | Database initialized successfully
2026-05-27 07:13:55 | INFO     | app.core.logger | Система логирования инициализирована. Debug режим: False
2026-05-27 07:13:55 | INFO     | mayss | Starting MAYSS Marketplace API
2026-05-27 07:13:55 | INFO     | mayss | Database initialized successfully
2026-05-27 07:13:56 | INFO     | app.core.logger | Система логирования инициализирована. Debug режим: False
2026-05-27 07:13:56 | INFO     | mayss | Starting MAYSS Marketplace API
2026-05-27 07:13:56 | INFO     | mayss | Database initialized successfully
2026-05-27 07:13:56 | INFO     | elastic_transport.transport | HEAD http://elasticsearch:9200/ [status:200 duration:0.006s]
2026-05-27 07:13:56 | INFO     | elastic_transport.transport | HEAD http://elasticsearch:9200/mayss_products [status:200 duration:0.003s]
2026-05-27 07:13:56 | INFO     | elastic_transport.transport | POST http://elasticsearch:9200/mayss_products/_count [status:200 duration:0.010s]
2026-05-27 07:13:56 | INFO     | mayss | ES index already has 77 documents
2026-05-27 07:13:59 | INFO     | app.core.logger | Система логирования инициализирована. Debug режим: False
2026-05-27 07:13:59 | INFO     | mayss | Starting MAYSS Marketplace API
2026-05-27 07:13:59 | INFO     | mayss | Database initialized successfully
2026-05-27 07:14:00 | INFO     | elastic_transport.transport | HEAD http://elasticsearch:9200/ [status:200 duration:0.015s]
2026-05-27 07:14:00 | INFO     | elastic_transport.transport | HEAD http://elasticsearch:9200/mayss_products [status:200 duration:0.003s]
2026-05-27 07:14:00 | INFO     | elastic_transport.transport | POST http://elasticsearch:9200/mayss_products/_count [status:200 duration:0.006s]
2026-05-27 07:14:00 | INFO     | mayss | ES index already has 77 documents
2026-05-27 07:14:01 | INFO     | app.core.logger | Система логирования инициализирована. Debug режим: False
2026-05-27 07:14:01 | INFO     | mayss | Starting MAYSS Marketplace API
2026-05-27 07:14:01 | INFO     | mayss | Database initialized successfully
2026-05-27 07:14:01 | INFO     | elastic_transport.transport | HEAD http://elasticsearch:9200/ [status:200 duration:0.004s]
2026-05-27 07:14:01 | INFO     | elastic_transport.transport | HEAD http://elasticsearch:9200/mayss_products [status:200 duration:0.001s]
2026-05-27 07:14:01 | INFO     | elastic_transport.transport | POST http://elasticsearch:9200/mayss_products/_count [status:200 duration:0.002s]
2026-05-27 07:14:01 | INFO     | mayss | ES index already has 77 documents
2026-05-27 07:14:01 | INFO     | app.core.logger | Система логирования инициализирована. Debug режим: False
2026-05-27 07:14:01 | INFO     | mayss | Starting MAYSS Marketplace API
2026-05-27 07:14:01 | INFO     | mayss | Database initialized successfully
2026-05-27 07:14:02 | INFO     | elastic_transport.transport | HEAD http://elasticsearch:9200/ [status:200 duration:0.003s]
2026-05-27 07:14:02 | INFO     | elastic_transport.transport | HEAD http://elasticsearch:9200/mayss_products [status:200 duration:0.001s]
2026-05-27 07:14:02 | INFO     | elastic_transport.transport | POST http://elasticsearch:9200/mayss_products/_count [status:200 duration:0.002s]
2026-05-27 07:14:02 | INFO     | mayss | ES index already has 77 documents
2026-05-27 07:14:03 | INFO     | app.core.logger | Система логирования инициализирована. Debug режим: False
2026-05-27 07:14:03 | INFO     | mayss | Starting MAYSS Marketplace API
2026-05-27 07:14:03 | INFO     | mayss | Database initialized successfully
2026-05-27 07:14:04 | INFO     | app.core.logger | Система логирования инициализирована. Debug режим: False
2026-05-27 07:14:04 | INFO     | mayss | Starting MAYSS Marketplace API
2026-05-27 07:14:04 | INFO     | mayss | Database initialized successfully
2026-05-27 07:14:04 | INFO     | elastic_transport.transport | HEAD http://elasticsearch:9200/ [status:200 duration:0.007s]
2026-05-27 07:14:04 | INFO     | elastic_transport.transport | HEAD http://elasticsearch:9200/mayss_products [status:200 duration:0.007s]
2026-05-27 07:14:04 | INFO     | elastic_transport.transport | POST http://elasticsearch:9200/mayss_products/_count [status:200 duration:0.010s]
2026-05-27 07:14:04 | INFO     | mayss | ES index already has 77 documents
2026-05-27 07:14:08 | INFO     | app.core.logger | Система логирования инициализирована. Debug режим: False
2026-05-27 07:14:08 | INFO     | mayss | Starting MAYSS Marketplace API
2026-05-27 07:14:08 | INFO     | mayss | Database initialized successfully
2026-05-27 07:14:09 | INFO     | app.core.logger | Система логирования инициализирована. Debug режим: False
2026-05-27 07:14:09 | INFO     | mayss | Starting MAYSS Marketplace API
2026-05-27 07:14:09 | INFO     | mayss | Database initialized successfully
2026-05-27 07:14:09 | INFO     | app.core.logger | Система логирования инициализирована. Debug режим: False
2026-05-27 07:14:09 | INFO     | mayss | Starting MAYSS Marketplace API
2026-05-27 07:14:09 | INFO     | mayss | Database initialized successfully
2026-05-27 07:14:10 | INFO     | app.core.logger | Система логирования инициализирована. Debug режим: False
2026-05-27 07:14:10 | INFO     | mayss | Starting MAYSS Marketplace API
2026-05-27 07:14:10 | INFO     | mayss | Database initialized successfully
2026-05-27 07:14:10 | INFO     | elastic_transport.transport | HEAD http://elasticsearch:9200/ [status:200 duration:0.009s]
2026-05-27 07:14:10 | INFO     | elastic_transport.transport | HEAD http://elasticsearch:9200/mayss_products [status:200 duration:0.004s]
2026-05-27 07:14:10 | INFO     | elastic_transport.transport | POST http://elasticsearch:9200/mayss_products/_count [status:200 duration:0.012s]
2026-05-27 07:14:10 | INFO     | mayss | ES index already has 77 documents
2026-05-27 07:14:11 | INFO     | app.core.logger | Система логирования инициализирована. Debug режим: False
2026-05-27 07:14:11 | INFO     | mayss | Starting MAYSS Marketplace API
2026-05-27 07:14:11 | INFO     | mayss | Database initialized successfully
2026-05-27 07:14:12 | INFO     | app.core.logger | Система логирования инициализирована. Debug режим: False
2026-05-27 07:14:12 | INFO     | mayss | Starting MAYSS Marketplace API
2026-05-27 07:14:12 | INFO     | mayss | Database initialized successfully
2026-05-27 07:14:12 | INFO     | elastic_transport.transport | HEAD http://elasticsearch:9200/ [status:200 duration:0.004s]
2026-05-27 07:14:12 | INFO     | elastic_transport.transport | HEAD http://elasticsearch:9200/mayss_products [status:200 duration:0.001s]
2026-05-27 07:14:12 | INFO     | elastic_transport.transport | POST http://elasticsearch:9200/mayss_products/_count [status:200 duration:0.002s]
2026-05-27 07:14:12 | INFO     | mayss | ES index already has 77 documents
2026-05-27 07:14:17 | INFO     | app.core.logger | Система логирования инициализирована. Debug режим: False
2026-05-27 07:14:17 | INFO     | mayss | Starting MAYSS Marketplace API
2026-05-27 07:14:17 | INFO     | mayss | Database initialized successfully
2026-05-27 07:14:17 | INFO     | elastic_transport.transport | HEAD http://elasticsearch:9200/ [status:200 duration:0.004s]
2026-05-27 07:14:17 | INFO     | elastic_transport.transport | HEAD http://elasticsearch:9200/mayss_products [status:200 duration:0.001s]
2026-05-27 07:14:17 | INFO     | elastic_transport.transport | POST http://elasticsearch:9200/mayss_products/_count [status:200 duration:0.002s]
2026-05-27 07:14:17 | INFO     | mayss | ES index already has 77 documents
2026-05-27 07:14:30 | INFO     | app.core.logger | Система логирования инициализирована. Debug режим: False
2026-05-27 07:14:30 | INFO     | mayss | Starting MAYSS Marketplace API
2026-05-27 07:14:30 | INFO     | mayss | Database initialized successfully
2026-05-27 07:14:31 | INFO     | elastic_transport.transport | HEAD http://elasticsearch:9200/ [status:200 duration:0.017s]
2026-05-27 07:14:31 | INFO     | elastic_transport.transport | HEAD http://elasticsearch:9200/mayss_products [status:200 duration:0.006s]
2026-05-27 07:14:31 | INFO     | elastic_transport.transport | POST http://elasticsearch:9200/mayss_products/_count [status:200 duration:0.016s]
2026-05-27 07:14:31 | INFO     | mayss | ES index already has 77 documents
2026-05-27 07:14:36 | INFO     | app.core.logger | Система логирования инициализирована. Debug режим: False
2026-05-27 07:14:36 | INFO     | mayss | Starting MAYSS Marketplace API
2026-05-27 07:14:36 | INFO     | mayss | Database initialized successfully
2026-05-27 07:14:37 | INFO     | elastic_transport.transport | HEAD http://elasticsearch:9200/ [status:200 duration:0.019s]
2026-05-27 07:14:37 | INFO     | elastic_transport.transport | HEAD http://elasticsearch:9200/mayss_products [status:200 duration:0.005s]
2026-05-27 07:14:37 | INFO     | elastic_transport.transport | POST http://elasticsearch:9200/mayss_products/_count [status:200 duration:0.015s]
2026-05-27 07:14:37 | INFO     | mayss | ES index already has 77 documents
2026-05-27 07:14:38 | INFO     | app.core.logger | Система логирования инициализирована. Debug режим: False
2026-05-27 07:14:38 | INFO     | mayss | Starting MAYSS Marketplace API
2026-05-27 07:14:38 | INFO     | mayss | Database initialized successfully
2026-05-27 07:14:38 | INFO     | elastic_transport.transport | HEAD http://elasticsearch:9200/ [status:200 duration:0.003s]
2026-05-27 07:14:38 | INFO     | elastic_transport.transport | HEAD http://elasticsearch:9200/mayss_products [status:200 duration:0.001s]
2026-05-27 07:14:38 | INFO     | elastic_transport.transport | POST http://elasticsearch:9200/mayss_products/_count [status:200 duration:0.002s]
2026-05-27 07:14:38 | INFO     | mayss | ES index already has 77 documents
2026-05-27 07:14:39 | INFO     | app.core.logger | Система логирования инициализирована. Debug режим: False
2026-05-27 07:14:39 | INFO     | mayss | Starting MAYSS Marketplace API
2026-05-27 07:14:39 | INFO     | mayss | Database initialized successfully
2026-05-27 07:14:40 | INFO     | elastic_transport.transport | HEAD http://elasticsearch:9200/ [status:200 duration:0.010s]
2026-05-27 07:14:40 | INFO     | elastic_transport.transport | HEAD http://elasticsearch:9200/mayss_products [status:200 duration:0.037s]
2026-05-27 07:14:40 | INFO     | elastic_transport.transport | POST http://elasticsearch:9200/mayss_products/_count [status:200 duration:0.009s]
2026-05-27 07:14:40 | INFO     | mayss | ES index already has 77 documents
2026-05-27 07:14:41 | INFO     | app.core.logger | Система логирования инициализирована. Debug режим: False
2026-05-27 07:14:41 | INFO     | mayss | Starting MAYSS Marketplace API
2026-05-27 07:14:41 | INFO     | mayss | Database initialized successfully
2026-05-27 07:14:42 | INFO     | app.core.logger | Система логирования инициализирована. Debug режим: False
2026-05-27 07:14:42 | INFO     | mayss | Starting MAYSS Marketplace API
2026-05-27 07:14:42 | INFO     | mayss | Database initialized successfully
2026-05-27 07:14:42 | INFO     | elastic_transport.transport | HEAD http://elasticsearch:9200/ [status:200 duration:0.011s]
2026-05-27 07:14:42 | INFO     | elastic_transport.transport | HEAD http://elasticsearch:9200/mayss_products [status:200 duration:0.003s]
2026-05-27 07:14:42 | INFO     | elastic_transport.transport | POST http://elasticsearch:9200/mayss_products/_count [status:200 duration:0.006s]
2026-05-27 07:14:42 | INFO     | mayss | ES index already has 77 documents
2026-05-27 07:14:48 | INFO     | app.core.logger | Система логирования инициализирована. Debug режим: False
2026-05-27 07:14:48 | INFO     | mayss | Starting MAYSS Marketplace API
2026-05-27 07:14:48 | INFO     | mayss | Database initialized successfully
2026-05-27 07:14:48 | INFO     | elastic_transport.transport | HEAD http://elasticsearch:9200/ [status:200 duration:0.009s]
2026-05-27 07:14:48 | INFO     | elastic_transport.transport | HEAD http://elasticsearch:9200/mayss_products [status:200 duration:0.003s]
2026-05-27 07:14:48 | INFO     | elastic_transport.transport | POST http://elasticsearch:9200/mayss_products/_count [status:200 duration:0.008s]
2026-05-27 07:14:48 | INFO     | mayss | ES index already has 77 documents
2026-05-27 07:14:54 | INFO     | app.core.logger | Система логирования инициализирована. Debug режим: False
2026-05-27 07:14:54 | INFO     | mayss | Starting MAYSS Marketplace API
2026-05-27 07:14:54 | INFO     | mayss | Database initialized successfully
2026-05-27 07:14:54 | INFO     | app.core.logger | Система логирования инициализирована. Debug режим: False
2026-05-27 07:14:54 | INFO     | mayss | Starting MAYSS Marketplace API
2026-05-27 07:14:54 | INFO     | mayss | Database initialized successfully
2026-05-27 07:14:55 | INFO     | app.core.logger | Система логирования инициализирована. Debug режим: False
2026-05-27 07:14:55 | INFO     | mayss | Starting MAYSS Marketplace API
2026-05-27 07:14:55 | INFO     | mayss | Database initialized successfully
2026-05-27 07:14:55 | INFO     | elastic_transport.transport | HEAD http://elasticsearch:9200/ [status:200 duration:0.008s]
2026-05-27 07:14:55 | INFO     | elastic_transport.transport | HEAD http://elasticsearch:9200/mayss_products [status:200 duration:0.005s]
2026-05-27 07:14:55 | INFO     | elastic_transport.transport | POST http://elasticsearch:9200/mayss_products/_count [status:200 duration:0.010s]
2026-05-27 07:14:55 | INFO     | mayss | ES index already has 77 documents
2026-05-27 07:14:57 | INFO     | app.core.logger | Система логирования инициализирована. Debug режим: False
2026-05-27 07:14:57 | INFO     | mayss | Starting MAYSS Marketplace API
2026-05-27 07:14:57 | INFO     | mayss | Database initialized successfully
2026-05-27 07:14:57 | INFO     | elastic_transport.transport | HEAD http://elasticsearch:9200/ [status:200 duration:0.004s]
2026-05-27 07:14:57 | INFO     | elastic_transport.transport | HEAD http://elasticsearch:9200/mayss_products [status:200 duration:0.002s]
2026-05-27 07:14:57 | INFO     | elastic_transport.transport | POST http://elasticsearch:9200/mayss_products/_count [status:200 duration:0.003s]
2026-05-27 07:14:57 | INFO     | mayss | ES index already has 77 documents
2026-05-27 07:15:11 | INFO     | app.core.logger | Система логирования инициализирована. Debug режим: False
2026-05-27 07:15:11 | INFO     | mayss | Starting MAYSS Marketplace API
2026-05-27 07:15:11 | INFO     | mayss | Database initialized successfully
2026-05-27 07:15:11 | INFO     | elastic_transport.transport | HEAD http://elasticsearch:9200/ [status:200 duration:0.010s]
2026-05-27 07:15:11 | INFO     | elastic_transport.transport | HEAD http://elasticsearch:9200/mayss_products [status:200 duration:0.006s]
2026-05-27 07:15:11 | INFO     | elastic_transport.transport | POST http://elasticsearch:9200/mayss_products/_count [status:200 duration:0.013s]
2026-05-27 07:15:11 | INFO     | mayss | ES index already has 77 documents
2026-05-27 07:15:28 | INFO     | app.core.logger | Система логирования инициализирована. Debug режим: False
2026-05-27 07:15:28 | INFO     | mayss | Starting MAYSS Marketplace API
2026-05-27 07:15:28 | INFO     | mayss | Database initialized successfully
2026-05-27 07:15:29 | INFO     | app.core.logger | Система логирования инициализирована. Debug режим: False
2026-05-27 07:15:29 | INFO     | mayss | Starting MAYSS Marketplace API
2026-05-27 07:15:29 | INFO     | mayss | Database initialized successfully
2026-05-27 07:15:29 | INFO     | elastic_transport.transport | HEAD http://elasticsearch:9200/ [status:200 duration:0.007s]
2026-05-27 07:15:29 | INFO     | elastic_transport.transport | HEAD http://elasticsearch:9200/mayss_products [status:200 duration:0.003s]
2026-05-27 07:15:29 | INFO     | elastic_transport.transport | POST http://elasticsearch:9200/mayss_products/_count [status:200 duration:0.006s]
2026-05-27 07:15:29 | INFO     | mayss | ES index already has 77 documents
2026-05-27 07:15:30 | INFO     | app.core.logger | Система логирования инициализирована. Debug режим: False
2026-05-27 07:15:30 | INFO     | mayss | Starting MAYSS Marketplace API
2026-05-27 07:15:30 | INFO     | mayss | Database initialized successfully
2026-05-27 07:15:30 | INFO     | elastic_transport.transport | HEAD http://elasticsearch:9200/ [status:200 duration:0.003s]
2026-05-27 07:15:30 | INFO     | elastic_transport.transport | HEAD http://elasticsearch:9200/mayss_products [status:200 duration:0.002s]
2026-05-27 07:15:30 | INFO     | elastic_transport.transport | POST http://elasticsearch:9200/mayss_products/_count [status:200 duration:0.003s]
2026-05-27 07:15:30 | INFO     | mayss | ES index already has 77 documents
2026-05-27 07:15:33 | INFO     | app.core.logger | Система логирования инициализирована. Debug режим: False
2026-05-27 07:15:33 | INFO     | mayss | Starting MAYSS Marketplace API
2026-05-27 07:15:33 | INFO     | mayss | Database initialized successfully
2026-05-27 07:15:34 | INFO     | app.core.logger | Система логирования инициализирована. Debug режим: False
2026-05-27 07:15:34 | INFO     | mayss | Starting MAYSS Marketplace API
2026-05-27 07:15:34 | INFO     | mayss | Database initialized successfully
2026-05-27 07:15:34 | INFO     | elastic_transport.transport | HEAD http://elasticsearch:9200/ [status:200 duration:0.018s]
2026-05-27 07:15:34 | INFO     | elastic_transport.transport | HEAD http://elasticsearch:9200/mayss_products [status:200 duration:0.005s]
2026-05-27 07:15:34 | INFO     | elastic_transport.transport | POST http://elasticsearch:9200/mayss_products/_count [status:200 duration:0.013s]
2026-05-27 07:15:34 | INFO     | mayss | ES index already has 77 documents
2026-05-27 07:18:10 | INFO     | mayss | RES | IP: 151.101.0.223 | GET /products | Status: 404 | Time: 12.44ms
2026-05-27 07:19:10 | INFO     | app.core.logger | Система логирования инициализирована. Debug режим: False
2026-05-27 07:19:10 | INFO     | mayss | Starting MAYSS Marketplace API
2026-05-27 07:19:10 | INFO     | mayss | Database initialized successfully
2026-05-27 07:19:10 | INFO     | elastic_transport.transport | HEAD http://elasticsearch:9200/ [status:200 duration:0.010s]
2026-05-27 07:19:10 | INFO     | elastic_transport.transport | HEAD http://elasticsearch:9200/mayss_products [status:200 duration:0.007s]
2026-05-27 07:19:10 | INFO     | elastic_transport.transport | POST http://elasticsearch:9200/mayss_products/_count [status:200 duration:0.043s]
2026-05-27 07:19:10 | INFO     | mayss | ES index already has 77 documents
2026-05-27 07:19:25 | INFO     | app.core.logger | Система логирования инициализирована. Debug режим: False
2026-05-27 07:19:25 | INFO     | mayss | Starting MAYSS Marketplace API
2026-05-27 07:19:26 | INFO     | mayss | Database initialized successfully
2026-05-27 07:19:26 | INFO     | app.core.logger | Система логирования инициализирована. Debug режим: False
2026-05-27 07:19:26 | INFO     | mayss | Starting MAYSS Marketplace API
2026-05-27 07:19:26 | INFO     | mayss | Database initialized successfully
2026-05-27 07:19:26 | INFO     | elastic_transport.transport | HEAD http://elasticsearch:9200/ [status:200 duration:0.008s]
2026-05-27 07:19:26 | INFO     | elastic_transport.transport | HEAD http://elasticsearch:9200/mayss_products [status:200 duration:0.005s]
2026-05-27 07:19:26 | INFO     | elastic_transport.transport | POST http://elasticsearch:9200/mayss_products/_count [status:200 duration:0.010s]
2026-05-27 07:19:26 | INFO     | mayss | ES index already has 77 documents
2026-05-27 07:19:29 | INFO     | app.core.logger | Система логирования инициализирована. Debug режим: False
2026-05-27 07:19:29 | INFO     | mayss | Starting MAYSS Marketplace API
2026-05-27 07:19:29 | INFO     | mayss | Database initialized successfully
2026-05-27 07:19:30 | INFO     | app.core.logger | Система логирования инициализирована. Debug режим: False
2026-05-27 07:19:30 | INFO     | mayss | Starting MAYSS Marketplace API
2026-05-27 07:19:30 | INFO     | mayss | Database initialized successfully
2026-05-27 07:19:30 | INFO     | app.core.logger | Система логирования инициализирована. Debug режим: False
2026-05-27 07:19:30 | INFO     | mayss | Starting MAYSS Marketplace API
2026-05-27 07:19:30 | INFO     | mayss | Database initialized successfully
2026-05-27 07:19:31 | INFO     | app.core.logger | Система логирования инициализирована. Debug режим: False
2026-05-27 07:19:31 | INFO     | mayss | Starting MAYSS Marketplace API
2026-05-27 07:19:31 | INFO     | mayss | Database initialized successfully
2026-05-27 07:19:31 | INFO     | app.core.logger | Система логирования инициализирована. Debug режим: False
2026-05-27 07:19:31 | INFO     | mayss | Starting MAYSS Marketplace API
2026-05-27 07:19:31 | INFO     | mayss | Database initialized successfully
2026-05-27 07:19:32 | INFO     | elastic_transport.transport | HEAD http://elasticsearch:9200/ [status:200 duration:0.016s]
2026-05-27 07:19:32 | INFO     | elastic_transport.transport | HEAD http://elasticsearch:9200/mayss_products [status:200 duration:0.007s]
2026-05-27 07:19:32 | INFO     | elastic_transport.transport | POST http://elasticsearch:9200/mayss_products/_count [status:200 duration:0.009s]
2026-05-27 07:19:32 | INFO     | mayss | ES index already has 77 documents
2026-05-27 07:19:35 | INFO     | app.core.logger | Система логирования инициализирована. Debug режим: False
2026-05-27 07:19:35 | INFO     | mayss | Starting MAYSS Marketplace API
2026-05-27 07:19:35 | INFO     | mayss | Database initialized successfully
2026-05-27 07:19:36 | INFO     | app.core.logger | Система логирования инициализирована. Debug режим: False
2026-05-27 07:19:36 | INFO     | mayss | Starting MAYSS Marketplace API
2026-05-27 07:19:36 | INFO     | mayss | Database initialized successfully
2026-05-27 07:19:36 | INFO     | elastic_transport.transport | HEAD http://elasticsearch:9200/ [status:200 duration:0.015s]
2026-05-27 07:19:36 | INFO     | elastic_transport.transport | HEAD http://elasticsearch:9200/mayss_products [status:200 duration:0.003s]
2026-05-27 07:19:36 | INFO     | elastic_transport.transport | POST http://elasticsearch:9200/mayss_products/_count [status:200 duration:0.011s]
2026-05-27 07:19:36 | INFO     | mayss | ES index already has 77 documents
2026-05-27 07:19:39 | INFO     | app.core.logger | Система логирования инициализирована. Debug режим: False
2026-05-27 07:19:39 | INFO     | mayss | Starting MAYSS Marketplace API
2026-05-27 07:19:39 | INFO     | mayss | Database initialized successfully
2026-05-27 07:19:40 | INFO     | app.core.logger | Система логирования инициализирована. Debug режим: False
2026-05-27 07:19:40 | INFO     | mayss | Starting MAYSS Marketplace API
2026-05-27 07:19:40 | INFO     | mayss | Database initialized successfully
2026-05-27 07:19:40 | INFO     | elastic_transport.transport | HEAD http://elasticsearch:9200/ [status:200 duration:0.012s]
2026-05-27 07:19:40 | INFO     | elastic_transport.transport | HEAD http://elasticsearch:9200/mayss_products [status:200 duration:0.005s]
2026-05-27 07:19:40 | INFO     | elastic_transport.transport | POST http://elasticsearch:9200/mayss_products/_count [status:200 duration:0.013s]
2026-05-27 07:19:40 | INFO     | mayss | ES index already has 77 documents
2026-05-27 07:19:44 | INFO     | app.core.logger | Система логирования инициализирована. Debug режим: False
2026-05-27 07:19:44 | INFO     | mayss | Starting MAYSS Marketplace API
2026-05-27 07:19:44 | INFO     | mayss | Database initialized successfully
2026-05-27 07:19:45 | INFO     | elastic_transport.transport | HEAD http://elasticsearch:9200/ [status:200 duration:0.009s]
2026-05-27 07:19:45 | INFO     | elastic_transport.transport | HEAD http://elasticsearch:9200/mayss_products [status:200 duration:0.003s]
2026-05-27 07:19:45 | INFO     | elastic_transport.transport | POST http://elasticsearch:9200/mayss_products/_count [status:200 duration:0.007s]
2026-05-27 07:19:45 | INFO     | mayss | ES index already has 77 documents
2026-05-27 07:19:45 | INFO     | app.core.logger | Система логирования инициализирована. Debug режим: False
2026-05-27 07:19:45 | INFO     | mayss | Starting MAYSS Marketplace API
2026-05-27 07:19:45 | INFO     | mayss | Database initialized successfully
2026-05-27 07:19:45 | INFO     | elastic_transport.transport | HEAD http://elasticsearch:9200/ [status:200 duration:0.002s]
2026-05-27 07:19:45 | INFO     | elastic_transport.transport | HEAD http://elasticsearch:9200/mayss_products [status:200 duration:0.001s]
2026-05-27 07:19:45 | INFO     | elastic_transport.transport | POST http://elasticsearch:9200/mayss_products/_count [status:200 duration:0.003s]
2026-05-27 07:19:45 | INFO     | mayss | ES index already has 77 documents
2026-05-27 07:19:48 | INFO     | app.core.logger | Система логирования инициализирована. Debug режим: False
2026-05-27 07:19:48 | INFO     | mayss | Starting MAYSS Marketplace API
2026-05-27 07:19:48 | INFO     | mayss | Database initialized successfully
2026-05-27 07:19:49 | INFO     | app.core.logger | Система логирования инициализирована. Debug режим: False
2026-05-27 07:19:49 | INFO     | mayss | Starting MAYSS Marketplace API
2026-05-27 07:19:49 | INFO     | mayss | Database initialized successfully
2026-05-27 07:19:49 | INFO     | elastic_transport.transport | HEAD http://elasticsearch:9200/ [status:200 duration:0.007s]
2026-05-27 07:19:49 | INFO     | elastic_transport.transport | HEAD http://elasticsearch:9200/mayss_products [status:200 duration:0.002s]
2026-05-27 07:19:49 | INFO     | elastic_transport.transport | POST http://elasticsearch:9200/mayss_products/_count [status:200 duration:0.005s]
2026-05-27 07:19:49 | INFO     | mayss | ES index already has 77 documents
2026-05-27 07:19:52 | INFO     | app.core.logger | Система логирования инициализирована. Debug режим: False
2026-05-27 07:19:52 | INFO     | mayss | Starting MAYSS Marketplace API
2026-05-27 07:19:52 | INFO     | mayss | Database initialized successfully
2026-05-27 07:19:53 | INFO     | app.core.logger | Система логирования инициализирована. Debug режим: False
2026-05-27 07:19:53 | INFO     | mayss | Starting MAYSS Marketplace API
2026-05-27 07:19:53 | INFO     | mayss | Database initialized successfully
2026-05-27 07:19:54 | INFO     | app.core.logger | Система логирования инициализирована. Debug режим: False
2026-05-27 07:19:54 | INFO     | mayss | Starting MAYSS Marketplace API
2026-05-27 07:19:54 | INFO     | mayss | Database initialized successfully
2026-05-27 07:19:54 | INFO     | elastic_transport.transport | HEAD http://elasticsearch:9200/ [status:200 duration:0.016s]
2026-05-27 07:19:54 | INFO     | elastic_transport.transport | HEAD http://elasticsearch:9200/mayss_products [status:200 duration:0.003s]
2026-05-27 07:19:54 | INFO     | elastic_transport.transport | POST http://elasticsearch:9200/mayss_products/_count [status:200 duration:0.013s]
2026-05-27 07:19:54 | INFO     | mayss | ES index already has 77 documents
2026-05-27 07:19:56 | INFO     | app.core.logger | Система логирования инициализирована. Debug режим: False
2026-05-27 07:19:56 | INFO     | mayss | Starting MAYSS Marketplace API
2026-05-27 07:19:56 | INFO     | mayss | Database initialized successfully
2026-05-27 07:19:57 | INFO     | app.core.logger | Система логирования инициализирована. Debug режим: False
2026-05-27 07:19:57 | INFO     | mayss | Starting MAYSS Marketplace API
2026-05-27 07:19:57 | INFO     | mayss | Database initialized successfully
2026-05-27 07:19:57 | INFO     | app.core.logger | Система логирования инициализирована. Debug режим: False
2026-05-27 07:19:57 | INFO     | mayss | Starting MAYSS Marketplace API
2026-05-27 07:19:57 | INFO     | mayss | Database initialized successfully
2026-05-27 07:19:58 | INFO     | app.core.logger | Система логирования инициализирована. Debug режим: False
2026-05-27 07:19:58 | INFO     | mayss | Starting MAYSS Marketplace API
2026-05-27 07:19:58 | INFO     | mayss | Database initialized successfully
2026-05-27 07:19:58 | INFO     | elastic_transport.transport | HEAD http://elasticsearch:9200/ [status:200 duration:0.003s]
2026-05-27 07:19:58 | INFO     | elastic_transport.transport | HEAD http://elasticsearch:9200/mayss_products [status:200 duration:0.002s]
2026-05-27 07:19:58 | INFO     | elastic_transport.transport | POST http://elasticsearch:9200/mayss_products/_count [status:200 duration:0.004s]
2026-05-27 07:19:58 | INFO     | mayss | ES index already has 77 documents
2026-05-27 07:20:00 | INFO     | app.core.logger | Система логирования инициализирована. Debug режим: False
2026-05-27 07:20:00 | INFO     | mayss | Starting MAYSS Marketplace API
2026-05-27 07:20:00 | INFO     | mayss | Database initialized successfully
2026-05-27 07:20:01 | INFO     | app.core.logger | Система логирования инициализирована. Debug режим: False
2026-05-27 07:20:01 | INFO     | mayss | Starting MAYSS Marketplace API
2026-05-27 07:20:01 | INFO     | mayss | Database initialized successfully
2026-05-27 07:20:01 | INFO     | elastic_transport.transport | HEAD http://elasticsearch:9200/ [status:200 duration:0.010s]
2026-05-27 07:20:01 | INFO     | elastic_transport.transport | HEAD http://elasticsearch:9200/mayss_products [status:200 duration:0.003s]
2026-05-27 07:20:01 | INFO     | elastic_transport.transport | POST http://elasticsearch:9200/mayss_products/_count [status:200 duration:0.010s]
2026-05-27 07:20:01 | INFO     | mayss | ES index already has 77 documents
2026-05-27 07:20:05 | INFO     | app.core.logger | Система логирования инициализирована. Debug режим: False
2026-05-27 07:20:05 | INFO     | mayss | Starting MAYSS Marketplace API
2026-05-27 07:20:05 | INFO     | mayss | Database initialized successfully
2026-05-27 07:20:05 | INFO     | elastic_transport.transport | HEAD http://elasticsearch:9200/ [status:200 duration:0.019s]
2026-05-27 07:20:05 | INFO     | elastic_transport.transport | HEAD http://elasticsearch:9200/mayss_products [status:200 duration:0.004s]
2026-05-27 07:20:05 | INFO     | elastic_transport.transport | POST http://elasticsearch:9200/mayss_products/_count [status:200 duration:0.014s]
2026-05-27 07:20:05 | INFO     | mayss | ES index already has 77 documents
2026-05-27 07:20:11 | INFO     | app.core.logger | Система логирования инициализирована. Debug режим: False
2026-05-27 07:20:11 | INFO     | mayss | Starting MAYSS Marketplace API
2026-05-27 07:20:11 | INFO     | mayss | Database initialized successfully
2026-05-27 07:20:11 | INFO     | elastic_transport.transport | HEAD http://elasticsearch:9200/ [status:200 duration:0.010s]
2026-05-27 07:20:11 | INFO     | elastic_transport.transport | HEAD http://elasticsearch:9200/mayss_products [status:200 duration:0.003s]
2026-05-27 07:20:11 | INFO     | elastic_transport.transport | POST http://elasticsearch:9200/mayss_products/_count [status:200 duration:0.007s]
2026-05-27 07:20:11 | INFO     | mayss | ES index already has 77 documents
2026-05-27 07:20:12 | INFO     | app.core.logger | Система логирования инициализирована. Debug режим: False
2026-05-27 07:20:12 | INFO     | mayss | Starting MAYSS Marketplace API
2026-05-27 07:20:12 | INFO     | mayss | Database initialized successfully
2026-05-27 07:20:12 | INFO     | app.core.logger | Система логирования инициализирована. Debug режим: False
2026-05-27 07:20:12 | INFO     | mayss | Starting MAYSS Marketplace API
2026-05-27 07:20:12 | INFO     | mayss | Database initialized successfully
2026-05-27 07:20:13 | INFO     | app.core.logger | Система логирования инициализирована. Debug режим: False
2026-05-27 07:20:13 | INFO     | mayss | Starting MAYSS Marketplace API
2026-05-27 07:20:13 | INFO     | mayss | Database initialized successfully
2026-05-27 07:20:13 | INFO     | elastic_transport.transport | HEAD http://elasticsearch:9200/ [status:200 duration:0.005s]
2026-05-27 07:20:13 | INFO     | elastic_transport.transport | HEAD http://elasticsearch:9200/mayss_products [status:200 duration:0.001s]
2026-05-27 07:20:13 | INFO     | elastic_transport.transport | POST http://elasticsearch:9200/mayss_products/_count [status:200 duration:0.002s]
2026-05-27 07:20:13 | INFO     | mayss | ES index already has 77 documents
2026-05-27 07:20:14 | INFO     | app.core.logger | Система логирования инициализирована. Debug режим: False
2026-05-27 07:20:14 | INFO     | mayss | Starting MAYSS Marketplace API
2026-05-27 07:20:14 | INFO     | mayss | Database initialized successfully
2026-05-27 07:20:14 | INFO     | elastic_transport.transport | HEAD http://elasticsearch:9200/ [status:200 duration:0.004s]
2026-05-27 07:20:14 | INFO     | elastic_transport.transport | HEAD http://elasticsearch:9200/mayss_products [status:200 duration:0.002s]
2026-05-27 07:20:14 | INFO     | elastic_transport.transport | POST http://elasticsearch:9200/mayss_products/_count [status:200 duration:0.003s]
2026-05-27 07:20:14 | INFO     | mayss | ES index already has 77 documents
2026-05-27 07:20:14 | INFO     | app.core.logger | Система логирования инициализирована. Debug режим: False
2026-05-27 07:20:14 | INFO     | mayss | Starting MAYSS Marketplace API
2026-05-27 07:20:14 | INFO     | mayss | Database initialized successfully
2026-05-27 07:20:15 | INFO     | app.core.logger | Система логирования инициализирована. Debug режим: False
2026-05-27 07:20:15 | INFO     | mayss | Starting MAYSS Marketplace API
2026-05-27 07:20:15 | INFO     | mayss | Database initialized successfully
2026-05-27 07:20:15 | INFO     | app.core.logger | Система логирования инициализирована. Debug режим: False
2026-05-27 07:20:15 | INFO     | mayss | Starting MAYSS Marketplace API
2026-05-27 07:20:16 | INFO     | mayss | Database initialized successfully
2026-05-27 07:20:16 | INFO     | elastic_transport.transport | HEAD http://elasticsearch:9200/ [status:200 duration:0.011s]
2026-05-27 07:20:16 | INFO     | elastic_transport.transport | HEAD http://elasticsearch:9200/mayss_products [status:200 duration:0.007s]
2026-05-27 07:20:16 | INFO     | elastic_transport.transport | POST http://elasticsearch:9200/mayss_products/_count [status:200 duration:0.011s]
2026-05-27 07:20:16 | INFO     | mayss | ES index already has 77 documents
2026-05-27 07:20:16 | INFO     | app.core.logger | Система логирования инициализирована. Debug режим: False
2026-05-27 07:20:16 | INFO     | mayss | Starting MAYSS Marketplace API
2026-05-27 07:20:16 | INFO     | mayss | Database initialized successfully
2026-05-27 07:20:17 | INFO     | app.core.logger | Система логирования инициализирована. Debug режим: False
2026-05-27 07:20:17 | INFO     | mayss | Starting MAYSS Marketplace API
2026-05-27 07:20:17 | INFO     | mayss | Database initialized successfully
2026-05-27 07:20:17 | INFO     | app.core.logger | Система логирования инициализирована. Debug режим: False
2026-05-27 07:20:17 | INFO     | mayss | Starting MAYSS Marketplace API
2026-05-27 07:20:17 | INFO     | mayss | Database initialized successfully
2026-05-27 07:20:18 | INFO     | app.core.logger | Система логирования инициализирована. Debug режим: False
2026-05-27 07:20:18 | INFO     | mayss | Starting MAYSS Marketplace API
2026-05-27 07:20:18 | INFO     | mayss | Database initialized successfully
2026-05-27 07:20:18 | INFO     | app.core.logger | Система логирования инициализирована. Debug режим: False
2026-05-27 07:20:18 | INFO     | mayss | Starting MAYSS Marketplace API
2026-05-27 07:20:18 | INFO     | mayss | Database initialized successfully
2026-05-27 07:20:19 | INFO     | app.core.logger | Система логирования инициализирована. Debug режим: False
2026-05-27 07:20:19 | INFO     | mayss | Starting MAYSS Marketplace API
2026-05-27 07:20:19 | INFO     | mayss | Database initialized successfully
2026-05-27 07:20:19 | INFO     | elastic_transport.transport | HEAD http://elasticsearch:9200/ [status:200 duration:0.006s]
2026-05-27 07:20:19 | INFO     | elastic_transport.transport | HEAD http://elasticsearch:9200/mayss_products [status:200 duration:0.003s]
2026-05-27 07:20:19 | INFO     | elastic_transport.transport | POST http://elasticsearch:9200/mayss_products/_count [status:200 duration:0.005s]
2026-05-27 07:20:19 | INFO     | mayss | ES index already has 77 documents
2026-05-27 07:20:20 | INFO     | app.core.logger | Система логирования инициализирована. Debug режим: False
2026-05-27 07:20:20 | INFO     | mayss | Starting MAYSS Marketplace API
2026-05-27 07:20:20 | INFO     | mayss | Database initialized successfully
2026-05-27 07:20:20 | INFO     | app.core.logger | Система логирования инициализирована. Debug режим: False
2026-05-27 07:20:20 | INFO     | mayss | Starting MAYSS Marketplace API
2026-05-27 07:20:20 | INFO     | mayss | Database initialized successfully
2026-05-27 07:20:21 | INFO     | app.core.logger | Система логирования инициализирована. Debug режим: False
2026-05-27 07:20:21 | INFO     | mayss | Starting MAYSS Marketplace API
2026-05-27 07:20:21 | INFO     | mayss | Database initialized successfully
2026-05-27 07:20:22 | INFO     | app.core.logger | Система логирования инициализирована. Debug режим: False
2026-05-27 07:20:22 | INFO     | mayss | Starting MAYSS Marketplace API
2026-05-27 07:20:22 | INFO     | mayss | Database initialized successfully
2026-05-27 07:20:22 | INFO     | elastic_transport.transport | HEAD http://elasticsearch:9200/ [status:200 duration:0.020s]
2026-05-27 07:20:22 | INFO     | elastic_transport.transport | HEAD http://elasticsearch:9200/mayss_products [status:200 duration:0.006s]
2026-05-27 07:20:22 | INFO     | elastic_transport.transport | POST http://elasticsearch:9200/mayss_products/_count [status:200 duration:0.014s]
2026-05-27 07:20:22 | INFO     | mayss | ES index already has 77 documents
2026-05-27 07:20:23 | INFO     | app.core.logger | Система логирования инициализирована. Debug режим: False
2026-05-27 07:20:23 | INFO     | mayss | Starting MAYSS Marketplace API
2026-05-27 07:20:23 | INFO     | mayss | Database initialized successfully
2026-05-27 07:20:23 | INFO     | app.core.logger | Система логирования инициализирована. Debug режим: False
2026-05-27 07:20:23 | INFO     | mayss | Starting MAYSS Marketplace API
2026-05-27 07:20:23 | INFO     | mayss | Database initialized successfully
2026-05-27 07:20:24 | INFO     | elastic_transport.transport | HEAD http://elasticsearch:9200/ [status:200 duration:0.008s]
2026-05-27 07:20:24 | INFO     | elastic_transport.transport | HEAD http://elasticsearch:9200/mayss_products [status:200 duration:0.002s]
2026-05-27 07:20:24 | INFO     | elastic_transport.transport | POST http://elasticsearch:9200/mayss_products/_count [status:200 duration:0.005s]
2026-05-27 07:20:24 | INFO     | mayss | ES index already has 77 documents
2026-05-27 07:20:32 | INFO     | app.core.logger | Система логирования инициализирована. Debug режим: False
2026-05-27 07:20:32 | INFO     | mayss | Starting MAYSS Marketplace API
2026-05-27 07:20:32 | INFO     | mayss | Database initialized successfully
2026-05-27 07:20:33 | INFO     | elastic_transport.transport | HEAD http://elasticsearch:9200/ [status:200 duration:0.008s]
2026-05-27 07:20:33 | INFO     | elastic_transport.transport | HEAD http://elasticsearch:9200/mayss_products [status:200 duration:0.009s]
2026-05-27 07:20:33 | INFO     | elastic_transport.transport | POST http://elasticsearch:9200/mayss_products/_count [status:200 duration:0.010s]
2026-05-27 07:20:33 | INFO     | mayss | ES index already has 77 documents
2026-05-27 07:20:33 | INFO     | app.core.logger | Система логирования инициализирована. Debug режим: False
2026-05-27 07:20:33 | INFO     | mayss | Starting MAYSS Marketplace API
2026-05-27 07:20:33 | INFO     | mayss | Database initialized successfully
2026-05-27 07:20:34 | INFO     | app.core.logger | Система логирования инициализирована. Debug режим: False
2026-05-27 07:20:34 | INFO     | mayss | Starting MAYSS Marketplace API
2026-05-27 07:20:34 | INFO     | mayss | Database initialized successfully
2026-05-27 07:20:34 | INFO     | app.core.logger | Система логирования инициализирована. Debug режим: False
2026-05-27 07:20:34 | INFO     | mayss | Starting MAYSS Marketplace API
2026-05-27 07:20:34 | INFO     | mayss | Database initialized successfully
2026-05-27 07:20:35 | INFO     | app.core.logger | Система логирования инициализирована. Debug режим: False
2026-05-27 07:20:35 | INFO     | mayss | Starting MAYSS Marketplace API
2026-05-27 07:20:35 | INFO     | mayss | Database initialized successfully
2026-05-27 07:20:36 | INFO     | app.core.logger | Система логирования инициализирована. Debug режим: False
2026-05-27 07:20:36 | INFO     | mayss | Starting MAYSS Marketplace API
2026-05-27 07:20:36 | INFO     | mayss | Database initialized successfully
2026-05-27 07:20:36 | INFO     | app.core.logger | Система логирования инициализирована. Debug режим: False
2026-05-27 07:20:36 | INFO     | mayss | Starting MAYSS Marketplace API
2026-05-27 07:20:36 | INFO     | mayss | Database initialized successfully
2026-05-27 07:20:36 | INFO     | elastic_transport.transport | HEAD http://elasticsearch:9200/ [status:200 duration:0.026s]
2026-05-27 07:20:36 | INFO     | elastic_transport.transport | HEAD http://elasticsearch:9200/mayss_products [status:200 duration:0.008s]
2026-05-27 07:20:36 | INFO     | elastic_transport.transport | POST http://elasticsearch:9200/mayss_products/_count [status:200 duration:0.014s]
2026-05-27 07:20:36 | INFO     | mayss | ES index already has 77 documents
2026-05-27 07:20:37 | INFO     | app.core.logger | Система логирования инициализирована. Debug режим: False
2026-05-27 07:20:37 | INFO     | mayss | Starting MAYSS Marketplace API
2026-05-27 07:20:37 | INFO     | mayss | Database initialized successfully
2026-05-27 07:20:38 | INFO     | elastic_transport.transport | HEAD http://elasticsearch:9200/ [status:200 duration:0.002s]
2026-05-27 07:20:38 | INFO     | elastic_transport.transport | HEAD http://elasticsearch:9200/mayss_products [status:200 duration:0.002s]
2026-05-27 07:20:38 | INFO     | elastic_transport.transport | POST http://elasticsearch:9200/mayss_products/_count [status:200 duration:0.003s]
2026-05-27 07:20:38 | INFO     | mayss | ES index already has 77 documents
2026-05-27 07:20:38 | INFO     | app.core.logger | Система логирования инициализирована. Debug режим: False
2026-05-27 07:20:38 | INFO     | mayss | Starting MAYSS Marketplace API
2026-05-27 07:20:38 | INFO     | mayss | Database initialized successfully
2026-05-27 07:20:39 | INFO     | elastic_transport.transport | HEAD http://elasticsearch:9200/ [status:200 duration:0.003s]
2026-05-27 07:20:39 | INFO     | elastic_transport.transport | HEAD http://elasticsearch:9200/mayss_products [status:200 duration:0.001s]
2026-05-27 07:20:39 | INFO     | elastic_transport.transport | POST http://elasticsearch:9200/mayss_products/_count [status:200 duration:0.003s]
2026-05-27 07:20:39 | INFO     | mayss | ES index already has 77 documents
2026-05-27 07:20:39 | INFO     | app.core.logger | Система логирования инициализирована. Debug режим: False
2026-05-27 07:20:39 | INFO     | mayss | Starting MAYSS Marketplace API
2026-05-27 07:20:39 | INFO     | mayss | Database initialized successfully
2026-05-27 07:20:40 | INFO     | app.core.logger | Система логирования инициализирована. Debug режим: False
2026-05-27 07:20:40 | INFO     | mayss | Starting MAYSS Marketplace API
2026-05-27 07:20:40 | INFO     | mayss | Database initialized successfully
2026-05-27 07:20:41 | INFO     | app.core.logger | Система логирования инициализирована. Debug режим: False
2026-05-27 07:20:41 | INFO     | mayss | Starting MAYSS Marketplace API
2026-05-27 07:20:41 | INFO     | mayss | Database initialized successfully
2026-05-27 07:20:41 | INFO     | elastic_transport.transport | HEAD http://elasticsearch:9200/ [status:200 duration:0.009s]
2026-05-27 07:20:41 | INFO     | elastic_transport.transport | HEAD http://elasticsearch:9200/mayss_products [status:200 duration:0.003s]
2026-05-27 07:20:41 | INFO     | elastic_transport.transport | POST http://elasticsearch:9200/mayss_products/_count [status:200 duration:0.012s]
2026-05-27 07:20:41 | INFO     | mayss | ES index already has 77 documents
2026-05-27 07:20:43 | INFO     | app.core.logger | Система логирования инициализирована. Debug режим: False
2026-05-27 07:20:43 | INFO     | mayss | Starting MAYSS Marketplace API
2026-05-27 07:20:43 | INFO     | mayss | Database initialized successfully
2026-05-27 07:20:43 | INFO     | elastic_transport.transport | HEAD http://elasticsearch:9200/ [status:200 duration:0.011s]
2026-05-27 07:20:43 | INFO     | elastic_transport.transport | HEAD http://elasticsearch:9200/mayss_products [status:200 duration:0.003s]
2026-05-27 07:20:43 | INFO     | elastic_transport.transport | POST http://elasticsearch:9200/mayss_products/_count [status:200 duration:0.010s]
2026-05-27 07:20:43 | INFO     | mayss | ES index already has 77 documents
2026-05-27 07:20:52 | INFO     | app.core.logger | Система логирования инициализирована. Debug режим: False
2026-05-27 07:20:52 | INFO     | mayss | Starting MAYSS Marketplace API
2026-05-27 07:20:52 | INFO     | mayss | Database initialized successfully
2026-05-27 07:20:52 | INFO     | app.core.logger | Система логирования инициализирована. Debug режим: False
2026-05-27 07:20:52 | INFO     | mayss | Starting MAYSS Marketplace API
2026-05-27 07:20:52 | INFO     | mayss | Database initialized successfully
2026-05-27 07:20:53 | INFO     | app.core.logger | Система логирования инициализирована. Debug режим: False
2026-05-27 07:20:53 | INFO     | mayss | Starting MAYSS Marketplace API
2026-05-27 07:20:53 | INFO     | mayss | Database initialized successfully
2026-05-27 07:20:53 | INFO     | elastic_transport.transport | HEAD http://elasticsearch:9200/ [status:200 duration:0.011s]
2026-05-27 07:20:53 | INFO     | elastic_transport.transport | HEAD http://elasticsearch:9200/mayss_products [status:200 duration:0.008s]
2026-05-27 07:20:53 | INFO     | elastic_transport.transport | POST http://elasticsearch:9200/mayss_products/_count [status:200 duration:0.007s]
2026-05-27 07:20:53 | INFO     | mayss | ES index already has 77 documents
2026-05-27 07:20:54 | INFO     | app.core.logger | Система логирования инициализирована. Debug режим: False
2026-05-27 07:20:54 | INFO     | mayss | Starting MAYSS Marketplace API
2026-05-27 07:20:54 | INFO     | mayss | Database initialized successfully
2026-05-27 07:20:55 | INFO     | app.core.logger | Система логирования инициализирована. Debug режим: False
2026-05-27 07:20:55 | INFO     | mayss | Starting MAYSS Marketplace API
2026-05-27 07:20:55 | INFO     | mayss | Database initialized successfully
2026-05-27 07:20:55 | INFO     | app.core.logger | Система логирования инициализирована. Debug режим: False
2026-05-27 07:20:55 | INFO     | mayss | Starting MAYSS Marketplace API
2026-05-27 07:20:55 | INFO     | mayss | Database initialized successfully
2026-05-27 07:20:55 | INFO     | elastic_transport.transport | HEAD http://elasticsearch:9200/ [status:200 duration:0.008s]
2026-05-27 07:20:55 | INFO     | elastic_transport.transport | HEAD http://elasticsearch:9200/mayss_products [status:200 duration:0.003s]
2026-05-27 07:20:55 | INFO     | elastic_transport.transport | POST http://elasticsearch:9200/mayss_products/_count [status:200 duration:0.005s]
2026-05-27 07:20:55 | INFO     | mayss | ES index already has 77 documents
2026-05-27 07:20:58 | INFO     | app.core.logger | Система логирования инициализирована. Debug режим: False
2026-05-27 07:20:58 | INFO     | mayss | Starting MAYSS Marketplace API
2026-05-27 07:20:58 | INFO     | mayss | Database initialized successfully
2026-05-27 07:20:58 | INFO     | elastic_transport.transport | HEAD http://elasticsearch:9200/ [status:200 duration:0.006s]
2026-05-27 07:20:58 | INFO     | elastic_transport.transport | HEAD http://elasticsearch:9200/mayss_products [status:200 duration:0.002s]
2026-05-27 07:20:58 | INFO     | elastic_transport.transport | POST http://elasticsearch:9200/mayss_products/_count [status:200 duration:0.004s]
2026-05-27 07:20:58 | INFO     | mayss | ES index already has 77 documents
2026-05-27 07:21:00 | INFO     | app.core.logger | Система логирования инициализирована. Debug режим: False
2026-05-27 07:21:00 | INFO     | mayss | Starting MAYSS Marketplace API
2026-05-27 07:21:01 | INFO     | mayss | Database initialized successfully
2026-05-27 07:21:01 | INFO     | app.core.logger | Система логирования инициализирована. Debug режим: False
2026-05-27 07:21:01 | INFO     | mayss | Starting MAYSS Marketplace API
2026-05-27 07:21:01 | INFO     | mayss | Database initialized successfully
2026-05-27 07:21:02 | INFO     | app.core.logger | Система логирования инициализирована. Debug режим: False
2026-05-27 07:21:02 | INFO     | mayss | Starting MAYSS Marketplace API
2026-05-27 07:21:02 | INFO     | mayss | Database initialized successfully
2026-05-27 07:21:02 | INFO     | app.core.logger | Система логирования инициализирована. Debug режим: False
2026-05-27 07:21:02 | INFO     | mayss | Starting MAYSS Marketplace API
2026-05-27 07:21:02 | INFO     | mayss | Database initialized successfully
2026-05-27 07:21:02 | INFO     | elastic_transport.transport | HEAD http://elasticsearch:9200/ [status:200 duration:0.011s]
2026-05-27 07:21:02 | INFO     | elastic_transport.transport | HEAD http://elasticsearch:9200/mayss_products [status:200 duration:0.002s]
2026-05-27 07:21:02 | INFO     | elastic_transport.transport | POST http://elasticsearch:9200/mayss_products/_count [status:200 duration:0.005s]
2026-05-27 07:21:02 | INFO     | mayss | ES index already has 77 documents
2026-05-27 07:21:03 | INFO     | app.core.logger | Система логирования инициализирована. Debug режим: False
2026-05-27 07:21:03 | INFO     | mayss | Starting MAYSS Marketplace API
2026-05-27 07:21:03 | INFO     | mayss | Database initialized successfully
2026-05-27 07:21:04 | INFO     | app.core.logger | Система логирования инициализирована. Debug режим: False
2026-05-27 07:21:04 | INFO     | mayss | Starting MAYSS Marketplace API
2026-05-27 07:21:04 | INFO     | mayss | Database initialized successfully
2026-05-27 07:21:04 | INFO     | app.core.logger | Система логирования инициализирована. Debug режим: False
2026-05-27 07:21:04 | INFO     | mayss | Starting MAYSS Marketplace API
2026-05-27 07:21:04 | INFO     | mayss | Database initialized successfully
2026-05-27 07:21:05 | INFO     | app.core.logger | Система логирования инициализирована. Debug режим: False
2026-05-27 07:21:05 | INFO     | mayss | Starting MAYSS Marketplace API
2026-05-27 07:21:05 | INFO     | mayss | Database initialized successfully
2026-05-27 07:21:05 | INFO     | app.core.logger | Система логирования инициализирована. Debug режим: False
2026-05-27 07:21:05 | INFO     | mayss | Starting MAYSS Marketplace API
2026-05-27 07:21:05 | INFO     | mayss | Database initialized successfully
2026-05-27 07:21:06 | INFO     | app.core.logger | Система логирования инициализирована. Debug режим: False
2026-05-27 07:21:06 | INFO     | mayss | Starting MAYSS Marketplace API
2026-05-27 07:21:06 | INFO     | mayss | Database initialized successfully
2026-05-27 07:21:06 | INFO     | app.core.logger | Система логирования инициализирована. Debug режим: False
2026-05-27 07:21:06 | INFO     | mayss | Starting MAYSS Marketplace API
2026-05-27 07:21:06 | INFO     | mayss | Database initialized successfully
2026-05-27 07:21:07 | INFO     | app.core.logger | Система логирования инициализирована. Debug режим: False
2026-05-27 07:21:07 | INFO     | mayss | Starting MAYSS Marketplace API
2026-05-27 07:21:07 | INFO     | mayss | Database initialized successfully
2026-05-27 07:21:07 | INFO     | app.core.logger | Система логирования инициализирована. Debug режим: False
2026-05-27 07:21:07 | INFO     | mayss | Starting MAYSS Marketplace API
2026-05-27 07:21:07 | INFO     | mayss | Database initialized successfully
2026-05-27 07:21:08 | INFO     | app.core.logger | Система логирования инициализирована. Debug режим: False
2026-05-27 07:21:08 | INFO     | mayss | Starting MAYSS Marketplace API
2026-05-27 07:21:08 | INFO     | mayss | Database initialized successfully
2026-05-27 07:21:08 | INFO     | app.core.logger | Система логирования инициализирована. Debug режим: False
2026-05-27 07:21:08 | INFO     | mayss | Starting MAYSS Marketplace API
2026-05-27 07:21:08 | INFO     | mayss | Database initialized successfully
2026-05-27 07:21:09 | INFO     | app.core.logger | Система логирования инициализирована. Debug режим: False
2026-05-27 07:21:09 | INFO     | mayss | Starting MAYSS Marketplace API
2026-05-27 07:21:09 | INFO     | mayss | Database initialized successfully
2026-05-27 07:21:09 | INFO     | elastic_transport.transport | HEAD http://elasticsearch:9200/ [status:200 duration:0.003s]
2026-05-27 07:21:09 | INFO     | elastic_transport.transport | HEAD http://elasticsearch:9200/mayss_products [status:200 duration:0.002s]
2026-05-27 07:21:09 | INFO     | elastic_transport.transport | POST http://elasticsearch:9200/mayss_products/_count [status:200 duration:0.012s]
2026-05-27 07:21:09 | INFO     | mayss | ES index already has 77 documents
2026-05-27 07:21:10 | INFO     | app.core.logger | Система логирования инициализирована. Debug режим: False
2026-05-27 07:21:10 | INFO     | mayss | Starting MAYSS Marketplace API
2026-05-27 07:21:11 | INFO     | mayss | Database initialized successfully
2026-05-27 07:21:11 | INFO     | app.core.logger | Система логирования инициализирована. Debug режим: False
2026-05-27 07:21:11 | INFO     | mayss | Starting MAYSS Marketplace API
2026-05-27 07:21:11 | INFO     | mayss | Database initialized successfully
2026-05-27 07:21:12 | INFO     | app.core.logger | Система логирования инициализирована. Debug режим: False
2026-05-27 07:21:12 | INFO     | mayss | Starting MAYSS Marketplace API
2026-05-27 07:21:12 | INFO     | mayss | Database initialized successfully
2026-05-27 07:21:12 | INFO     | elastic_transport.transport | HEAD http://elasticsearch:9200/ [status:200 duration:0.024s]
2026-05-27 07:21:12 | INFO     | elastic_transport.transport | HEAD http://elasticsearch:9200/mayss_products [status:200 duration:0.004s]
2026-05-27 07:21:12 | INFO     | elastic_transport.transport | POST http://elasticsearch:9200/mayss_products/_count [status:200 duration:0.005s]
2026-05-27 07:21:12 | INFO     | mayss | ES index already has 77 documents
2026-05-27 07:21:12 | INFO     | app.core.logger | Система логирования инициализирована. Debug режим: False
2026-05-27 07:21:12 | INFO     | mayss | Starting MAYSS Marketplace API
2026-05-27 07:21:12 | INFO     | mayss | Database initialized successfully
2026-05-27 07:21:13 | INFO     | app.core.logger | Система логирования инициализирована. Debug режим: False
2026-05-27 07:21:13 | INFO     | mayss | Starting MAYSS Marketplace API
2026-05-27 07:21:13 | INFO     | mayss | Database initialized successfully
2026-05-27 07:21:13 | INFO     | app.core.logger | Система логирования инициализирована. Debug режим: False
2026-05-27 07:21:13 | INFO     | mayss | Starting MAYSS Marketplace API
2026-05-27 07:21:13 | INFO     | mayss | Database initialized successfully
2026-05-27 07:21:14 | INFO     | app.core.logger | Система логирования инициализирована. Debug режим: False
2026-05-27 07:21:14 | INFO     | mayss | Starting MAYSS Marketplace API
2026-05-27 07:21:14 | INFO     | mayss | Database initialized successfully
2026-05-27 07:21:14 | INFO     | app.core.logger | Система логирования инициализирована. Debug режим: False
2026-05-27 07:21:14 | INFO     | mayss | Starting MAYSS Marketplace API
2026-05-27 07:21:14 | INFO     | mayss | Database initialized successfully
2026-05-27 07:21:15 | INFO     | app.core.logger | Система логирования инициализирована. Debug режим: False
2026-05-27 07:21:15 | INFO     | mayss | Starting MAYSS Marketplace API
2026-05-27 07:21:15 | INFO     | mayss | Database initialized successfully
2026-05-27 07:21:16 | INFO     | app.core.logger | Система логирования инициализирована. Debug режим: False
2026-05-27 07:21:16 | INFO     | mayss | Starting MAYSS Marketplace API
2026-05-27 07:21:16 | INFO     | mayss | Database initialized successfully
2026-05-27 07:21:16 | INFO     | app.core.logger | Система логирования инициализирована. Debug режим: False
2026-05-27 07:21:16 | INFO     | mayss | Starting MAYSS Marketplace API
2026-05-27 07:21:16 | INFO     | mayss | Database initialized successfully
2026-05-27 07:21:17 | INFO     | app.core.logger | Система логирования инициализирована. Debug режим: False
2026-05-27 07:21:17 | INFO     | mayss | Starting MAYSS Marketplace API
2026-05-27 07:21:17 | INFO     | mayss | Database initialized successfully
2026-05-27 07:21:17 | INFO     | app.core.logger | Система логирования инициализирована. Debug режим: False
2026-05-27 07:21:17 | INFO     | mayss | Starting MAYSS Marketplace API
2026-05-27 07:21:17 | INFO     | mayss | Database initialized successfully
2026-05-27 07:21:17 | INFO     | elastic_transport.transport | HEAD http://elasticsearch:9200/ [status:200 duration:0.007s]
2026-05-27 07:21:17 | INFO     | elastic_transport.transport | HEAD http://elasticsearch:9200/mayss_products [status:200 duration:0.002s]
2026-05-27 07:21:17 | INFO     | elastic_transport.transport | POST http://elasticsearch:9200/mayss_products/_count [status:200 duration:0.005s]
2026-05-27 07:21:17 | INFO     | mayss | ES index already has 77 documents
2026-05-27 07:21:18 | INFO     | app.core.logger | Система логирования инициализирована. Debug режим: False
2026-05-27 07:21:18 | INFO     | mayss | Starting MAYSS Marketplace API
2026-05-27 07:21:18 | INFO     | mayss | Database initialized successfully
2026-05-27 07:21:19 | INFO     | app.core.logger | Система логирования инициализирована. Debug режим: False
2026-05-27 07:21:19 | INFO     | mayss | Starting MAYSS Marketplace API
2026-05-27 07:21:19 | INFO     | mayss | Database initialized successfully
2026-05-27 07:21:19 | INFO     | app.core.logger | Система логирования инициализирована. Debug режим: False
2026-05-27 07:21:19 | INFO     | mayss | Starting MAYSS Marketplace API
2026-05-27 07:21:19 | INFO     | mayss | Database initialized successfully
2026-05-27 07:21:20 | INFO     | app.core.logger | Система логирования инициализирована. Debug режим: False
2026-05-27 07:21:20 | INFO     | mayss | Starting MAYSS Marketplace API
2026-05-27 07:21:20 | INFO     | mayss | Database initialized successfully
2026-05-27 07:21:20 | INFO     | app.core.logger | Система логирования инициализирована. Debug режим: False
2026-05-27 07:21:20 | INFO     | mayss | Starting MAYSS Marketplace API
2026-05-27 07:21:20 | INFO     | mayss | Database initialized successfully
2026-05-27 07:21:21 | INFO     | app.core.logger | Система логирования инициализирована. Debug режим: False
2026-05-27 07:21:21 | INFO     | mayss | Starting MAYSS Marketplace API
2026-05-27 07:21:21 | INFO     | mayss | Database initialized successfully
2026-05-27 07:21:21 | INFO     | elastic_transport.transport | HEAD http://elasticsearch:9200/ [status:200 duration:0.015s]
2026-05-27 07:21:21 | INFO     | elastic_transport.transport | HEAD http://elasticsearch:9200/mayss_products [status:200 duration:0.003s]
2026-05-27 07:21:21 | INFO     | elastic_transport.transport | POST http://elasticsearch:9200/mayss_products/_count [status:200 duration:0.010s]
2026-05-27 07:21:21 | INFO     | mayss | ES index already has 77 documents
2026-05-27 07:21:22 | INFO     | app.core.logger | Система логирования инициализирована. Debug режим: False
2026-05-27 07:21:22 | INFO     | mayss | Starting MAYSS Marketplace API
2026-05-27 07:21:22 | INFO     | mayss | Database initialized successfully
2026-05-27 07:21:22 | INFO     | app.core.logger | Система логирования инициализирована. Debug режим: False
2026-05-27 07:21:22 | INFO     | mayss | Starting MAYSS Marketplace API
2026-05-27 07:21:22 | INFO     | mayss | Database initialized successfully
2026-05-27 07:21:22 | INFO     | elastic_transport.transport | HEAD http://elasticsearch:9200/ [status:200 duration:0.002s]
2026-05-27 07:21:22 | INFO     | elastic_transport.transport | HEAD http://elasticsearch:9200/mayss_products [status:200 duration:0.001s]
2026-05-27 07:21:22 | INFO     | elastic_transport.transport | POST http://elasticsearch:9200/mayss_products/_count [status:200 duration:0.002s]
2026-05-27 07:21:22 | INFO     | mayss | ES index already has 77 documents
2026-05-27 07:21:23 | INFO     | app.core.logger | Система логирования инициализирована. Debug режим: False
2026-05-27 07:21:23 | INFO     | mayss | Starting MAYSS Marketplace API
2026-05-27 07:21:23 | INFO     | mayss | Database initialized successfully
2026-05-27 07:21:23 | INFO     | app.core.logger | Система логирования инициализирована. Debug режим: False
2026-05-27 07:21:23 | INFO     | mayss | Starting MAYSS Marketplace API
2026-05-27 07:21:24 | INFO     | mayss | Database initialized successfully
2026-05-27 07:21:24 | INFO     | elastic_transport.transport | HEAD http://elasticsearch:9200/ [status:200 duration:0.002s]
2026-05-27 07:21:24 | INFO     | elastic_transport.transport | HEAD http://elasticsearch:9200/mayss_products [status:200 duration:0.003s]
2026-05-27 07:21:24 | INFO     | elastic_transport.transport | POST http://elasticsearch:9200/mayss_products/_count [status:200 duration:0.003s]
2026-05-27 07:21:24 | INFO     | mayss | ES index already has 77 documents
2026-05-27 07:21:24 | INFO     | app.core.logger | Система логирования инициализирована. Debug режим: False
2026-05-27 07:21:24 | INFO     | mayss | Starting MAYSS Marketplace API
2026-05-27 07:21:24 | INFO     | mayss | Database initialized successfully
2026-05-27 07:21:24 | INFO     | elastic_transport.transport | HEAD http://elasticsearch:9200/ [status:200 duration:0.005s]
2026-05-27 07:21:24 | INFO     | elastic_transport.transport | HEAD http://elasticsearch:9200/mayss_products [status:200 duration:0.002s]
2026-05-27 07:21:24 | INFO     | elastic_transport.transport | POST http://elasticsearch:9200/mayss_products/_count [status:200 duration:0.003s]
2026-05-27 07:21:24 | INFO     | mayss | ES index already has 77 documents
2026-05-27 07:21:25 | INFO     | app.core.logger | Система логирования инициализирована. Debug режим: False
2026-05-27 07:21:25 | INFO     | mayss | Starting MAYSS Marketplace API
2026-05-27 07:21:25 | INFO     | mayss | Database initialized successfully
2026-05-27 07:21:25 | INFO     | elastic_transport.transport | HEAD http://elasticsearch:9200/ [status:200 duration:0.003s]
2026-05-27 07:21:25 | INFO     | elastic_transport.transport | HEAD http://elasticsearch:9200/mayss_products [status:200 duration:0.002s]
2026-05-27 07:21:25 | INFO     | elastic_transport.transport | POST http://elasticsearch:9200/mayss_products/_count [status:200 duration:0.005s]
2026-05-27 07:21:25 | INFO     | mayss | ES index already has 77 documents
2026-05-27 07:21:26 | INFO     | app.core.logger | Система логирования инициализирована. Debug режим: False
2026-05-27 07:21:26 | INFO     | mayss | Starting MAYSS Marketplace API
2026-05-27 07:21:26 | INFO     | mayss | Database initialized successfully
2026-05-27 07:21:26 | INFO     | elastic_transport.transport | HEAD http://elasticsearch:9200/ [status:200 duration:0.003s]
2026-05-27 07:21:26 | INFO     | elastic_transport.transport | HEAD http://elasticsearch:9200/mayss_products [status:200 duration:0.001s]
2026-05-27 07:21:26 | INFO     | elastic_transport.transport | POST http://elasticsearch:9200/mayss_products/_count [status:200 duration:0.004s]
2026-05-27 07:21:26 | INFO     | mayss | ES index already has 77 documents
2026-05-27 07:21:26 | INFO     | app.core.logger | Система логирования инициализирована. Debug режим: False
2026-05-27 07:21:26 | INFO     | mayss | Starting MAYSS Marketplace API
2026-05-27 07:21:27 | INFO     | mayss | Database initialized successfully
2026-05-27 07:21:27 | INFO     | app.core.logger | Система логирования инициализирована. Debug режим: False
2026-05-27 07:21:27 | INFO     | mayss | Starting MAYSS Marketplace API
2026-05-27 07:21:27 | INFO     | mayss | Database initialized successfully
2026-05-27 07:21:28 | INFO     | app.core.logger | Система логирования инициализирована. Debug режим: False
2026-05-27 07:21:28 | INFO     | mayss | Starting MAYSS Marketplace API
2026-05-27 07:21:28 | INFO     | mayss | Database initialized successfully
2026-05-27 07:21:28 | INFO     | elastic_transport.transport | HEAD http://elasticsearch:9200/ [status:200 duration:0.003s]
2026-05-27 07:21:28 | INFO     | elastic_transport.transport | HEAD http://elasticsearch:9200/mayss_products [status:200 duration:0.001s]
2026-05-27 07:21:28 | INFO     | elastic_transport.transport | POST http://elasticsearch:9200/mayss_products/_count [status:200 duration:0.002s]
2026-05-27 07:21:28 | INFO     | mayss | ES index already has 77 documents
2026-05-27 07:21:29 | INFO     | app.core.logger | Система логирования инициализирована. Debug режим: False
2026-05-27 07:21:29 | INFO     | mayss | Starting MAYSS Marketplace API
2026-05-27 07:21:29 | INFO     | mayss | Database initialized successfully
2026-05-27 07:21:29 | INFO     | app.core.logger | Система логирования инициализирована. Debug режим: False
2026-05-27 07:21:29 | INFO     | mayss | Starting MAYSS Marketplace API
2026-05-27 07:21:29 | INFO     | mayss | Database initialized successfully
2026-05-27 07:21:30 | INFO     | app.core.logger | Система логирования инициализирована. Debug режим: False
2026-05-27 07:21:30 | INFO     | mayss | Starting MAYSS Marketplace API
2026-05-27 07:21:30 | INFO     | mayss | Database initialized successfully
2026-05-27 07:21:30 | INFO     | app.core.logger | Система логирования инициализирована. Debug режим: False
2026-05-27 07:21:30 | INFO     | mayss | Starting MAYSS Marketplace API
2026-05-27 07:21:30 | INFO     | mayss | Database initialized successfully
2026-05-27 07:21:31 | INFO     | app.core.logger | Система логирования инициализирована. Debug режим: False
2026-05-27 07:21:31 | INFO     | mayss | Starting MAYSS Marketplace API
2026-05-27 07:21:31 | INFO     | mayss | Database initialized successfully
2026-05-27 07:21:31 | INFO     | app.core.logger | Система логирования инициализирована. Debug режим: False
2026-05-27 07:21:31 | INFO     | mayss | Starting MAYSS Marketplace API
2026-05-27 07:21:31 | INFO     | mayss | Database initialized successfully
2026-05-27 07:21:32 | INFO     | app.core.logger | Система логирования инициализирована. Debug режим: False
2026-05-27 07:21:32 | INFO     | mayss | Starting MAYSS Marketplace API
2026-05-27 07:21:32 | INFO     | mayss | Database initialized successfully
2026-05-27 07:21:32 | INFO     | elastic_transport.transport | HEAD http://elasticsearch:9200/ [status:200 duration:0.014s]
2026-05-27 07:21:32 | INFO     | elastic_transport.transport | HEAD http://elasticsearch:9200/mayss_products [status:200 duration:0.005s]
2026-05-27 07:21:32 | INFO     | elastic_transport.transport | POST http://elasticsearch:9200/mayss_products/_count [status:200 duration:0.008s]
2026-05-27 07:21:32 | INFO     | mayss | ES index already has 77 documents
2026-05-27 07:21:33 | INFO     | app.core.logger | Система логирования инициализирована. Debug режим: False
2026-05-27 07:21:33 | INFO     | mayss | Starting MAYSS Marketplace API
2026-05-27 07:21:33 | INFO     | mayss | Database initialized successfully
2026-05-27 07:21:33 | INFO     | app.core.logger | Система логирования инициализирована. Debug режим: False
2026-05-27 07:21:33 | INFO     | mayss | Starting MAYSS Marketplace API
2026-05-27 07:21:33 | INFO     | mayss | Database initialized successfully
2026-05-27 07:21:33 | INFO     | elastic_transport.transport | HEAD http://elasticsearch:9200/ [status:200 duration:0.005s]
2026-05-27 07:21:33 | INFO     | elastic_transport.transport | HEAD http://elasticsearch:9200/mayss_products [status:200 duration:0.002s]
2026-05-27 07:21:33 | INFO     | elastic_transport.transport | POST http://elasticsearch:9200/mayss_products/_count [status:200 duration:0.002s]
2026-05-27 07:21:33 | INFO     | mayss | ES index already has 77 documents
2026-05-27 07:21:39 | INFO     | elastic_transport.transport | HEAD http://elasticsearch:9200/ [status:200 duration:0.004s]
2026-05-27 07:21:47 | INFO     | mayss | Loading embedding model intfloat/multilingual-e5-small …
2026-05-27 07:21:47 | INFO     | sentence_transformers.SentenceTransformer | Use pytorch device_name: cpu
2026-05-27 07:21:47 | INFO     | sentence_transformers.SentenceTransformer | Load pretrained SentenceTransformer: intfloat/multilingual-e5-small
2026-05-27 07:24:43 | INFO     | mayss | Embedding model loaded.
2026-05-27 07:24:43 | INFO     | elastic_transport.transport | POST http://elasticsearch:9200/mayss_products/_search [status:200 duration:0.538s]
2026-05-27 07:24:44 | INFO     | mayss | RES | IP: 151.101.0.223 | GET /api/v1/products | Status: 200 | Time: 184350.61ms
2026-05-27 07:24:44 | INFO     | app.core.logger | Система логирования инициализирована. Debug режим: False
2026-05-27 07:24:44 | INFO     | mayss | Starting MAYSS Marketplace API
2026-05-27 07:24:45 | INFO     | mayss | Database initialized successfully
2026-05-27 07:24:45 | INFO     | app.core.logger | Система логирования инициализирована. Debug режим: False
2026-05-27 07:24:45 | INFO     | mayss | Starting MAYSS Marketplace API
2026-05-27 07:24:45 | INFO     | mayss | Database initialized successfully
2026-05-27 07:24:45 | INFO     | mayss | RES | IP: 151.101.0.223 | GET /health | Status: 200 | Time: 1.75ms
2026-05-27 07:24:45 | INFO     | mayss | RES | IP: 151.101.0.223 | GET /api/v1/products | Status: 200 | Time: 37.11ms
2026-05-27 07:24:45 | INFO     | elastic_transport.transport | HEAD http://elasticsearch:9200/ [status:200 duration:0.010s]
2026-05-27 07:24:45 | INFO     | elastic_transport.transport | HEAD http://elasticsearch:9200/mayss_products [status:200 duration:0.002s]
2026-05-27 07:24:45 | INFO     | elastic_transport.transport | POST http://elasticsearch:9200/mayss_products/_count [status:200 duration:0.005s]
2026-05-27 07:24:45 | INFO     | mayss | ES index already has 77 documents
2026-05-27 07:27:13 | INFO     | app.core.logger | Система логирования инициализирована. Debug режим: False
2026-05-27 07:27:13 | INFO     | mayss | Starting MAYSS Marketplace API
2026-05-27 07:27:13 | INFO     | mayss | Database initialized successfully
2026-05-27 07:27:13 | INFO     | elastic_transport.transport | HEAD http://elasticsearch:9200/ [status:200 duration:0.006s]
2026-05-27 07:27:13 | INFO     | elastic_transport.transport | HEAD http://elasticsearch:9200/mayss_products [status:200 duration:0.003s]
2026-05-27 07:27:13 | INFO     | elastic_transport.transport | POST http://elasticsearch:9200/mayss_products/_count [status:200 duration:0.010s]
2026-05-27 07:27:13 | INFO     | mayss | ES index already has 77 documents
2026-05-27 07:27:29 | INFO     | mayss | RES | IP: 151.101.0.223 | GET /health | Status: 200 | Time: 7.90ms
2026-05-27 07:32:06 | INFO     | elastic_transport.transport | HEAD http://elasticsearch:9200/ [status:200 duration:0.010s]
2026-05-27 07:32:10 | INFO     | mayss | Loading embedding model intfloat/multilingual-e5-small …
2026-05-27 07:32:10 | INFO     | sentence_transformers.SentenceTransformer | Use pytorch device_name: cpu
2026-05-27 07:32:10 | INFO     | sentence_transformers.SentenceTransformer | Load pretrained SentenceTransformer: intfloat/multilingual-e5-small
2026-05-27 07:32:15 | INFO     | mayss | Embedding model loaded.
2026-05-27 07:32:15 | INFO     | elastic_transport.transport | POST http://elasticsearch:9200/mayss_products/_search [status:200 duration:0.210s]
2026-05-27 07:32:15 | INFO     | mayss | RES | IP: 151.101.0.223 | GET /api/v1/products | Status: 200 | Time: 9127.92ms
2026-05-27 07:32:24 | INFO     | mayss | RES | IP: 151.101.0.223 | GET /api/v1/products | Status: 200 | Time: 31.00ms
2026-05-27 07:34:11 | INFO     | mayss | RES | IP: 151.101.0.223 | GET /api/v1/products | Status: 200 | Time: 28.32ms
2026-05-27 07:34:23 | INFO     | elastic_transport.transport | HEAD http://elasticsearch:9200/ [status:200 duration:0.011s]
2026-05-27 07:34:23 | INFO     | elastic_transport.transport | POST http://elasticsearch:9200/mayss_products/_search [status:200 duration:0.102s]
2026-05-27 07:34:23 | INFO     | mayss | RES | IP: 151.101.0.223 | GET /api/v1/products | Status: 200 | Time: 212.34ms
2026-05-27 07:35:29 | INFO     | app.core.logger | Система логирования инициализирована. Debug режим: False
2026-05-27 07:35:29 | INFO     | mayss | Starting MAYSS Marketplace API
2026-05-27 07:35:29 | INFO     | mayss | Database initialized successfully
2026-05-27 07:35:29 | INFO     | elastic_transport.transport | HEAD http://elasticsearch:9200/ [status:200 duration:0.013s]
2026-05-27 07:35:29 | INFO     | elastic_transport.transport | HEAD http://elasticsearch:9200/mayss_products [status:200 duration:0.006s]
2026-05-27 07:35:29 | INFO     | elastic_transport.transport | POST http://elasticsearch:9200/mayss_products/_count [status:200 duration:0.015s]
2026-05-27 07:35:29 | INFO     | mayss | ES index already has 77 documents
2026-05-27 07:36:04 | INFO     | elastic_transport.transport | HEAD http://elasticsearch:9200/ [status:200 duration:0.012s]
2026-05-27 07:36:07 | INFO     | mayss | Loading embedding model intfloat/multilingual-e5-small …
2026-05-27 07:36:07 | INFO     | sentence_transformers.SentenceTransformer | Use pytorch device_name: cpu
2026-05-27 07:36:07 | INFO     | sentence_transformers.SentenceTransformer | Load pretrained SentenceTransformer: intfloat/multilingual-e5-small
2026-05-27 07:36:11 | INFO     | mayss | Embedding model loaded.
2026-05-27 07:36:12 | INFO     | elastic_transport.transport | POST http://elasticsearch:9200/mayss_products/_search [status:200 duration:0.342s]
2026-05-27 07:36:12 | INFO     | mayss | RES | IP: 151.101.0.223 | GET /api/v1/products | Status: 200 | Time: 7542.69ms
2026-05-27 07:36:30 | INFO     | mayss | RES | IP: 151.101.0.223 | GET /api/v1/products | Status: 200 | Time: 34.53ms
2026-05-27 07:41:35 | INFO     | app.core.logger | Система логирования инициализирована. Debug режим: False
2026-05-27 07:41:35 | INFO     | mayss | Starting MAYSS Marketplace API
2026-05-27 07:41:35 | INFO     | mayss | Database initialized successfully
2026-05-27 07:41:35 | INFO     | elastic_transport.transport | HEAD http://elasticsearch:9200/ [status:200 duration:0.011s]
2026-05-27 07:41:35 | INFO     | elastic_transport.transport | HEAD http://elasticsearch:9200/mayss_products [status:200 duration:0.005s]
2026-05-27 07:41:35 | INFO     | elastic_transport.transport | POST http://elasticsearch:9200/mayss_products/_count [status:200 duration:0.019s]
2026-05-27 07:41:35 | INFO     | mayss | ES index already has 77 documents
2026-05-27 07:43:36 | INFO     | elastic_transport.transport | HEAD http://elasticsearch:9200/ [status:200 duration:0.010s]
2026-05-27 07:43:40 | INFO     | mayss | Loading embedding model intfloat/multilingual-e5-small …
2026-05-27 07:43:40 | INFO     | sentence_transformers.SentenceTransformer | Use pytorch device_name: cpu
2026-05-27 07:43:40 | INFO     | sentence_transformers.SentenceTransformer | Load pretrained SentenceTransformer: intfloat/multilingual-e5-small
2026-05-27 07:43:46 | INFO     | mayss | Embedding model loaded.
2026-05-27 07:43:47 | INFO     | elastic_transport.transport | POST http://elasticsearch:9200/mayss_products/_search [status:200 duration:0.355s]
2026-05-27 07:43:47 | INFO     | mayss | RES | IP: 151.101.0.223 | GET /api/v1/products | Status: 200 | Time: 10541.54ms
2026-05-27 07:44:21 | INFO     | elastic_transport.transport | HEAD http://elasticsearch:9200/ [status:200 duration:0.008s]
2026-05-27 07:44:21 | INFO     | elastic_transport.transport | POST http://elasticsearch:9200/mayss_products/_search [status:200 duration:0.074s]
2026-05-27 07:44:21 | INFO     | mayss | RES | IP: 151.101.0.223 | GET /api/v1/products | Status: 200 | Time: 219.83ms
2026-05-27 07:45:45 | INFO     | app.core.logger | Система логирования инициализирована. Debug режим: False
2026-05-27 07:45:45 | INFO     | mayss | Starting MAYSS Marketplace API
2026-05-27 07:45:45 | INFO     | mayss | Database initialized successfully
2026-05-27 07:45:45 | INFO     | elastic_transport.transport | HEAD http://elasticsearch:9200/ [status:200 duration:0.018s]
2026-05-27 07:45:45 | INFO     | elastic_transport.transport | HEAD http://elasticsearch:9200/mayss_products [status:200 duration:0.008s]
2026-05-27 07:45:45 | INFO     | elastic_transport.transport | POST http://elasticsearch:9200/mayss_products/_count [status:200 duration:0.011s]
2026-05-27 07:45:45 | INFO     | mayss | ES index already has 77 documents
2026-05-27 07:46:07 | INFO     | elastic_transport.transport | HEAD http://elasticsearch:9200/ [status:200 duration:0.008s]
2026-05-27 07:46:10 | INFO     | mayss | Loading embedding model intfloat/multilingual-e5-small …
2026-05-27 07:46:10 | INFO     | sentence_transformers.SentenceTransformer | Use pytorch device_name: cpu
2026-05-27 07:46:10 | INFO     | sentence_transformers.SentenceTransformer | Load pretrained SentenceTransformer: intfloat/multilingual-e5-small
2026-05-27 07:46:15 | INFO     | mayss | Embedding model loaded.
2026-05-27 07:46:15 | INFO     | elastic_transport.transport | POST http://elasticsearch:9200/mayss_products/_search [status:200 duration:0.132s]
2026-05-27 07:46:15 | INFO     | mayss | RES | IP: 151.101.0.223 | GET /api/v1/products | Status: 200 | Time: 8166.57ms
2026-05-27 07:46:53 | INFO     | elastic_transport.transport | HEAD http://elasticsearch:9200/ [status:200 duration:0.007s]
2026-05-27 07:46:54 | INFO     | elastic_transport.transport | POST http://elasticsearch:9200/mayss_products/_search [status:200 duration:0.171s]
2026-05-27 07:46:54 | INFO     | mayss | RES | IP: 151.101.0.223 | GET /api/v1/products | Status: 200 | Time: 317.00ms
2026-05-27 07:48:26 | INFO     | app.core.logger | Система логирования инициализирована. Debug режим: False
2026-05-27 07:48:26 | INFO     | mayss | Starting MAYSS Marketplace API
2026-05-27 07:48:26 | INFO     | mayss | Database initialized successfully
2026-05-27 07:48:26 | INFO     | elastic_transport.transport | HEAD http://elasticsearch:9200/ [status:200 duration:0.017s]
2026-05-27 07:48:26 | INFO     | elastic_transport.transport | HEAD http://elasticsearch:9200/mayss_products [status:200 duration:0.005s]
2026-05-27 07:48:26 | INFO     | elastic_transport.transport | POST http://elasticsearch:9200/mayss_products/_count [status:200 duration:0.007s]
2026-05-27 07:48:26 | INFO     | mayss | ES index already has 77 documents
2026-05-27 07:48:30 | INFO     | elastic_transport.transport | HEAD http://elasticsearch:9200/ [status:200 duration:0.004s]
2026-05-27 07:48:33 | INFO     | mayss | Loading embedding model intfloat/multilingual-e5-small …
2026-05-27 07:48:33 | INFO     | sentence_transformers.SentenceTransformer | Use pytorch device_name: cpu
2026-05-27 07:48:33 | INFO     | sentence_transformers.SentenceTransformer | Load pretrained SentenceTransformer: intfloat/multilingual-e5-small
2026-05-27 07:48:37 | INFO     | mayss | Embedding model loaded.
2026-05-27 07:48:38 | INFO     | elastic_transport.transport | POST http://elasticsearch:9200/mayss_products/_search [status:200 duration:0.158s]
2026-05-27 07:48:38 | INFO     | mayss | RES | IP: 151.101.0.223 | GET /api/v1/products | Status: 200 | Time: 7685.17ms
2026-05-27 07:56:18 | INFO     | elastic_transport.transport | HEAD http://elasticsearch:9200/ [status:200 duration:0.005s]
2026-05-27 07:56:18 | INFO     | elastic_transport.transport | POST http://elasticsearch:9200/mayss_products/_search [status:200 duration:0.169s]
2026-05-27 07:56:18 | INFO     | mayss | RES | IP: 151.101.0.223 | GET /api/v1/products | Status: 200 | Time: 332.66ms
2026-05-27 07:56:39 | INFO     | elastic_transport.transport | HEAD http://elasticsearch:9200/ [status:200 duration:0.008s]
2026-05-27 07:56:39 | INFO     | elastic_transport.transport | POST http://elasticsearch:9200/mayss_products/_search [status:200 duration:0.159s]
2026-05-27 07:56:39 | INFO     | mayss | RES | IP: 151.101.0.223 | GET /api/v1/products | Status: 200 | Time: 295.44ms
2026-05-27 07:57:04 | INFO     | mayss | RES | IP: 151.101.0.223 | GET /api/v1/categories | Status: 200 | Time: 35.21ms
2026-05-27 07:57:22 | INFO     | mayss | RES | IP: 151.101.0.223 | GET /api/v1/products | Status: 422 | Time: 17.65ms
2026-05-27 07:57:32 | INFO     | mayss | RES | IP: 151.101.0.223 | GET /api/v1/products | Status: 422 | Time: 2.42ms
2026-05-27 07:58:39 | INFO     | elastic_transport.transport | HEAD http://elasticsearch:9200/ [status:200 duration:0.004s]
2026-05-27 07:58:39 | INFO     | elastic_transport.transport | POST http://elasticsearch:9200/mayss_products/_search [status:200 duration:0.152s]
2026-05-27 07:58:39 | INFO     | mayss | RES | IP: 151.101.0.223 | GET /api/v1/products | Status: 200 | Time: 247.61ms
2026-05-27 08:10:04 | INFO     | app.core.logger | Система логирования инициализирована. Debug режим: False
2026-05-27 08:10:04 | INFO     | mayss | Starting MAYSS Marketplace API
2026-05-27 08:10:04 | INFO     | mayss | Database initialized successfully
2026-05-27 08:10:05 | INFO     | elastic_transport.transport | HEAD http://elasticsearch:9200/ [status:200 duration:0.042s]
2026-05-27 08:10:05 | INFO     | elastic_transport.transport | HEAD http://elasticsearch:9200/mayss_products [status:404 duration:0.010s]
2026-05-27 08:10:05 | INFO     | elastic_transport.transport | PUT http://elasticsearch:9200/mayss_products [status:200 duration:0.243s]
2026-05-27 08:10:05 | INFO     | mayss | Created ES index mayss_products
2026-05-27 08:10:05 | INFO     | elastic_transport.transport | POST http://elasticsearch:9200/mayss_products/_count [status:200 duration:0.033s]
2026-05-27 08:10:05 | INFO     | mayss | ES index empty — running initial reindex (this may take a few minutes on first run while the embedding model is downloaded)
2026-05-27 08:10:05 | INFO     | elastic_transport.transport | HEAD http://elasticsearch:9200/mayss_products [status:200 duration:0.003s]
2026-05-27 08:10:14 | INFO     | mayss | Loading embedding model intfloat/multilingual-e5-small …
2026-05-27 08:10:14 | INFO     | sentence_transformers.SentenceTransformer | Use pytorch device_name: cpu
2026-05-27 08:10:14 | INFO     | sentence_transformers.SentenceTransformer | Load pretrained SentenceTransformer: intfloat/multilingual-e5-small
2026-05-27 08:11:33 | INFO     | mayss | RES | IP: 151.101.0.223 | GET /api/v1/categories | Status: 200 | Time: 35.95ms
2026-05-27 08:11:46 | INFO     | mayss | RES | IP: 151.101.0.223 | GET /api/v1/categories | Status: 200 | Time: 17.83ms
2026-05-27 08:11:57 | INFO     | mayss | RES | IP: 151.101.0.223 | GET /api/v1/categories | Status: 200 | Time: 13.04ms
2026-05-27 08:11:57 | INFO     | elastic_transport.transport | HEAD http://elasticsearch:9200/ [status:200 duration:0.016s]
2026-05-27 08:12:52 | INFO     | elastic_transport.transport | HEAD http://elasticsearch:9200/ [status:200 duration:0.019s]
2026-05-27 08:13:10 | INFO     | mayss | Embedding model loaded.
2026-05-27 08:13:11 | INFO     | elastic_transport.transport | POST http://elasticsearch:9200/mayss_products/_search [status:200 duration:0.677s]
2026-05-27 08:13:11 | INFO     | elastic_transport.transport | POST http://elasticsearch:9200/mayss_products/_search [status:200 duration:0.676s]
2026-05-27 08:13:11 | INFO     | mayss | RES | IP: 151.101.0.223 | GET /api/v1/products | Status: 200 | Time: 19090.78ms
2026-05-27 08:13:11 | INFO     | mayss | RES | IP: 151.101.0.223 | GET /api/v1/products | Status: 200 | Time: 74048.89ms
2026-05-27 08:13:15 | INFO     | elastic_transport.transport | PUT http://elasticsearch:9200/_bulk?refresh=wait_for [status:200 duration:0.891s]
2026-05-27 08:13:15 | INFO     | mayss | Indexed 78 products into ES
2026-05-27 08:13:15 | INFO     | mayss | ES bootstrap reindexed 78 products
2026-05-27 08:19:34 | INFO     | mayss | RES | IP: 151.101.0.223 | GET /api/v1/categories | Status: 200 | Time: 79.56ms
2026-05-27 08:19:44 | INFO     | elastic_transport.transport | HEAD http://elasticsearch:9200/ [status:200 duration:0.019s]
2026-05-27 08:19:45 | INFO     | elastic_transport.transport | POST http://elasticsearch:9200/mayss_products/_search [status:200 duration:0.590s]
2026-05-27 08:19:45 | INFO     | mayss | RES | IP: 151.101.0.223 | GET /api/v1/products | Status: 200 | Time: 789.06ms
2026-05-27 08:20:07 | INFO     | mayss | RES | IP: 151.101.0.223 | OPTIONS /api/v1/categories | Status: 200 | Time: 22.48ms
2026-05-27 08:20:07 | INFO     | mayss | RES | IP: 151.101.0.223 | OPTIONS /api/v1/products | Status: 200 | Time: 15.59ms
2026-05-27 08:20:08 | INFO     | mayss | RES | IP: 151.101.0.223 | GET /api/v1/categories | Status: 200 | Time: 192.50ms
2026-05-27 08:20:08 | INFO     | mayss | RES | IP: 151.101.0.223 | GET /api/v1/products | Status: 200 | Time: 135.57ms
2026-05-27 08:20:08 | INFO     | mayss | RES | IP: 151.101.0.223 | OPTIONS /api/v1/orders | Status: 200 | Time: 17.09ms
2026-05-27 08:20:09 | INFO     | mayss | RES | IP: 151.101.0.223 | GET /api/v1/orders | Status: 200 | Time: 197.34ms
2026-05-27 08:20:09 | INFO     | mayss | RES | IP: 151.101.0.223 | OPTIONS /api/v1/cart | Status: 200 | Time: 0.15ms
2026-05-27 08:20:09 | INFO     | mayss | User 11 retrieved cart
2026-05-27 08:20:09 | INFO     | mayss | RES | IP: 151.101.0.223 | GET /api/v1/cart | Status: 200 | Time: 14.85ms
2026-05-27 08:20:09 | INFO     | mayss | RES | IP: 151.101.0.223 | OPTIONS /api/v1/favorites | Status: 200 | Time: 0.09ms
2026-05-27 08:20:09 | INFO     | mayss | RES | IP: 151.101.0.223 | GET /api/v1/favorites | Status: 200 | Time: 6.04ms
2026-05-27 08:20:09 | INFO     | mayss | RES | IP: 151.101.0.223 | OPTIONS /api/v1/auth/me | Status: 200 | Time: 0.07ms
2026-05-27 08:20:09 | INFO     | mayss | RES | IP: 151.101.0.223 | GET /api/v1/auth/me | Status: 200 | Time: 4.63ms
2026-05-27 08:20:09 | INFO     | mayss | RES | IP: 151.101.0.223 | OPTIONS /api/v1/products/recommendations | Status: 200 | Time: 1.36ms
2026-05-27 08:20:09 | INFO     | mayss | RES | IP: 151.101.0.223 | GET /api/v1/products/recommendations | Status: 200 | Time: 79.38ms
2026-05-27 08:20:14 | INFO     | mayss | RES | IP: 151.101.0.223 | OPTIONS /api/v1/products | Status: 200 | Time: 3.68ms
2026-05-27 08:20:14 | INFO     | mayss | RES | IP: 151.101.0.223 | GET /api/v1/products | Status: 200 | Time: 25.78ms
2026-05-27 08:20:37 | INFO     | elastic_transport.transport | HEAD http://elasticsearch:9200/ [status:200 duration:0.019s]
2026-05-27 08:20:37 | INFO     | elastic_transport.transport | POST http://elasticsearch:9200/mayss_products/_search [status:200 duration:0.325s]
2026-05-27 08:20:37 | INFO     | mayss | RES | IP: 151.101.0.223 | GET /api/v1/products | Status: 200 | Time: 541.06ms
2026-05-27 08:20:46 | INFO     | elastic_transport.transport | HEAD http://elasticsearch:9200/ [status:200 duration:0.006s]
2026-05-27 08:20:46 | INFO     | elastic_transport.transport | POST http://elasticsearch:9200/mayss_products/_search [status:200 duration:0.204s]
2026-05-27 08:20:46 | INFO     | mayss | RES | IP: 151.101.0.223 | GET /api/v1/products | Status: 200 | Time: 350.37ms
2026-05-27 08:20:58 | INFO     | elastic_transport.transport | HEAD http://elasticsearch:9200/ [status:200 duration:0.013s]
2026-05-27 08:20:58 | INFO     | elastic_transport.transport | POST http://elasticsearch:9200/mayss_products/_search [status:200 duration:0.296s]
2026-05-27 08:20:58 | INFO     | mayss | RES | IP: 151.101.0.223 | GET /api/v1/products | Status: 200 | Time: 431.03ms
2026-05-27 08:26:43 | INFO     | mayss | RES | IP: 151.101.0.223 | GET /api/v1/categories | Status: 200 | Time: 311.65ms
2026-05-27 08:26:43 | INFO     | mayss | RES | IP: 151.101.0.223 | GET /api/v1/products | Status: 200 | Time: 359.33ms
2026-05-27 08:26:46 | INFO     | mayss | RES | IP: 151.101.0.223 | GET /api/v1/orders | Status: 200 | Time: 2002.15ms
2026-05-27 08:26:46 | INFO     | mayss | User 11 retrieved cart
2026-05-27 08:26:46 | INFO     | mayss | RES | IP: 151.101.0.223 | GET /api/v1/cart | Status: 200 | Time: 6.92ms
2026-05-27 08:26:46 | INFO     | mayss | RES | IP: 151.101.0.223 | GET /api/v1/favorites | Status: 200 | Time: 2.93ms
2026-05-27 08:26:46 | INFO     | mayss | RES | IP: 151.101.0.223 | GET /api/v1/auth/me | Status: 200 | Time: 1.24ms
2026-05-27 08:26:46 | INFO     | mayss | RES | IP: 151.101.0.223 | GET /api/v1/products | Status: 200 | Time: 16.87ms
2026-05-27 08:26:48 | INFO     | mayss | RES | IP: 151.101.0.223 | OPTIONS /api/v1/products | Status: 200 | Time: 2.39ms
2026-05-27 08:26:48 | INFO     | mayss | RES | IP: 151.101.0.223 | GET /api/v1/products | Status: 200 | Time: 20.00ms
2026-05-27 08:26:53 | INFO     | mayss | RES | IP: 151.101.0.223 | GET /api/v1/categories | Status: 200 | Time: 29.18ms
2026-05-27 08:26:53 | INFO     | mayss | RES | IP: 151.101.0.223 | GET /api/v1/products | Status: 200 | Time: 46.79ms
2026-05-27 08:26:54 | INFO     | mayss | RES | IP: 151.101.0.223 | GET /api/v1/orders | Status: 200 | Time: 22.98ms
2026-05-27 08:26:54 | INFO     | mayss | User 11 retrieved cart
2026-05-27 08:26:54 | INFO     | mayss | RES | IP: 151.101.0.223 | GET /api/v1/cart | Status: 200 | Time: 4.48ms
2026-05-27 08:26:54 | INFO     | mayss | RES | IP: 151.101.0.223 | GET /api/v1/favorites | Status: 200 | Time: 2.17ms
2026-05-27 08:26:54 | INFO     | mayss | RES | IP: 151.101.0.223 | GET /api/v1/auth/me | Status: 200 | Time: 1.44ms
2026-05-27 08:26:54 | INFO     | mayss | RES | IP: 151.101.0.223 | GET /api/v1/products/recommendations | Status: 200 | Time: 19.72ms
2026-05-27 08:26:55 | INFO     | mayss | RES | IP: 151.101.0.223 | GET /api/v1/products | Status: 200 | Time: 38.51ms
2026-05-27 08:28:25 | INFO     | mayss | RES | IP: 151.101.0.223 | GET /api/v1/products | Status: 200 | Time: 46.55ms
2026-05-27 08:28:25 | INFO     | mayss | RES | IP: 151.101.0.223 | GET /api/v1/categories | Status: 200 | Time: 44.83ms
2026-05-27 08:28:26 | INFO     | mayss | RES | IP: 151.101.0.223 | GET /api/v1/orders | Status: 200 | Time: 23.02ms
2026-05-27 08:28:26 | INFO     | mayss | User 11 retrieved cart
2026-05-27 08:28:26 | INFO     | mayss | RES | IP: 151.101.0.223 | GET /api/v1/cart | Status: 200 | Time: 5.18ms
2026-05-27 08:28:26 | INFO     | mayss | RES | IP: 151.101.0.223 | GET /api/v1/favorites | Status: 200 | Time: 3.05ms
2026-05-27 08:28:26 | INFO     | mayss | RES | IP: 151.101.0.223 | GET /api/v1/auth/me | Status: 200 | Time: 1.27ms
2026-05-27 08:28:26 | INFO     | mayss | RES | IP: 151.101.0.223 | GET /api/v1/products | Status: 200 | Time: 2.56ms
2026-05-27 08:28:28 | INFO     | mayss | RES | IP: 151.101.0.223 | GET /api/v1/products/recommendations | Status: 200 | Time: 214.45ms
2026-05-27 08:28:32 | INFO     | mayss | RES | IP: 151.101.0.223 | GET /api/v1/categories | Status: 200 | Time: 71.33ms
2026-05-27 08:28:32 | INFO     | mayss | RES | IP: 151.101.0.223 | GET /api/v1/products | Status: 200 | Time: 97.29ms
2026-05-27 08:28:33 | INFO     | mayss | RES | IP: 151.101.0.223 | GET /api/v1/orders | Status: 200 | Time: 50.33ms
2026-05-27 08:28:33 | INFO     | mayss | User 11 retrieved cart
2026-05-27 08:28:33 | INFO     | mayss | RES | IP: 151.101.0.223 | GET /api/v1/cart | Status: 200 | Time: 5.00ms
2026-05-27 08:28:33 | INFO     | mayss | RES | IP: 151.101.0.223 | GET /api/v1/favorites | Status: 200 | Time: 3.10ms
2026-05-27 08:28:33 | INFO     | mayss | RES | IP: 151.101.0.223 | GET /api/v1/auth/me | Status: 200 | Time: 1.38ms
2026-05-27 08:28:33 | INFO     | mayss | RES | IP: 151.101.0.223 | GET /api/v1/products/recommendations | Status: 200 | Time: 20.46ms
2026-05-27 08:28:36 | INFO     | mayss | RES | IP: 151.101.0.223 | OPTIONS /api/v1/products | Status: 200 | Time: 7.38ms
2026-05-27 08:28:36 | INFO     | elastic_transport.transport | HEAD http://elasticsearch:9200/ [status:200 duration:0.051s]
2026-05-27 08:28:37 | INFO     | elastic_transport.transport | POST http://elasticsearch:9200/mayss_products/_search [status:200 duration:0.417s]
2026-05-27 08:28:37 | INFO     | mayss | RES | IP: 151.101.0.223 | GET /api/v1/products | Status: 200 | Time: 839.28ms
2026-05-27 08:29:04 | INFO     | mayss | RES | IP: 151.101.0.223 | OPTIONS /api/v1/products | Status: 200 | Time: 5.63ms
2026-05-27 08:29:04 | INFO     | elastic_transport.transport | HEAD http://elasticsearch:9200/ [status:200 duration:0.007s]
2026-05-27 08:29:04 | INFO     | elastic_transport.transport | POST http://elasticsearch:9200/mayss_products/_search [status:200 duration:0.357s]
2026-05-27 08:29:04 | INFO     | mayss | RES | IP: 151.101.0.223 | GET /api/v1/products | Status: 200 | Time: 558.68ms
2026-05-27 08:29:28 | INFO     | mayss | RES | IP: 151.101.0.223 | OPTIONS /api/v1/products | Status: 200 | Time: 2.09ms
2026-05-27 08:29:28 | INFO     | elastic_transport.transport | HEAD http://elasticsearch:9200/ [status:200 duration:0.016s]
2026-05-27 08:29:29 | INFO     | elastic_transport.transport | POST http://elasticsearch:9200/mayss_products/_search [status:200 duration:0.386s]
2026-05-27 08:29:29 | INFO     | mayss | RES | IP: 151.101.0.223 | GET /api/v1/products | Status: 200 | Time: 540.80ms
2026-05-27 08:31:24 | INFO     | app.core.logger | Система логирования инициализирована. Debug режим: False
2026-05-27 08:31:24 | INFO     | mayss | Starting MAYSS Marketplace API
2026-05-27 08:31:24 | INFO     | mayss | Database initialized successfully
2026-05-27 08:31:24 | INFO     | elastic_transport.transport | HEAD http://elasticsearch:9200/ [status:200 duration:0.009s]
2026-05-27 08:31:24 | INFO     | elastic_transport.transport | HEAD http://elasticsearch:9200/mayss_products [status:200 duration:0.010s]
2026-05-27 08:31:25 | INFO     | elastic_transport.transport | POST http://elasticsearch:9200/mayss_products/_count [status:200 duration:0.304s]
2026-05-27 08:31:25 | INFO     | mayss | ES index already has 78 documents
2026-05-27 08:32:25 | INFO     | mayss | RES | IP: 151.101.0.223 | OPTIONS /api/v1/products | Status: 200 | Time: 7.47ms
2026-05-27 08:32:25 | INFO     | mayss | RES | IP: 151.101.0.223 | OPTIONS /api/v1/categories | Status: 200 | Time: 3.58ms
2026-05-27 08:32:25 | INFO     | mayss | RES | IP: 151.101.0.223 | GET /api/v1/categories | Status: 200 | Time: 159.28ms
2026-05-27 08:32:25 | INFO     | mayss | RES | IP: 151.101.0.223 | GET /api/v1/products | Status: 200 | Time: 166.16ms
2026-05-27 08:32:26 | INFO     | mayss | RES | IP: 151.101.0.223 | OPTIONS /api/v1/orders | Status: 200 | Time: 5.58ms
2026-05-27 08:32:26 | INFO     | mayss | RES | IP: 151.101.0.223 | GET /api/v1/orders | Status: 200 | Time: 159.46ms
2026-05-27 08:32:26 | INFO     | mayss | RES | IP: 151.101.0.223 | OPTIONS /api/v1/cart | Status: 200 | Time: 0.11ms
2026-05-27 08:32:26 | INFO     | mayss | User 11 retrieved cart
2026-05-27 08:32:26 | INFO     | mayss | RES | IP: 151.101.0.223 | GET /api/v1/cart | Status: 200 | Time: 7.66ms
2026-05-27 08:32:26 | INFO     | mayss | RES | IP: 151.101.0.223 | OPTIONS /api/v1/favorites | Status: 200 | Time: 0.09ms
2026-05-27 08:32:26 | INFO     | mayss | RES | IP: 151.101.0.223 | GET /api/v1/favorites | Status: 200 | Time: 2.89ms
2026-05-27 08:32:26 | INFO     | mayss | RES | IP: 151.101.0.223 | OPTIONS /api/v1/auth/me | Status: 200 | Time: 0.08ms
2026-05-27 08:32:26 | INFO     | mayss | RES | IP: 151.101.0.223 | GET /api/v1/auth/me | Status: 200 | Time: 1.71ms
2026-05-27 08:32:27 | INFO     | elastic_transport.transport | HEAD http://elasticsearch:9200/ [status:200 duration:0.036s]
2026-05-27 08:32:30 | INFO     | mayss | Loading embedding model intfloat/multilingual-e5-small …
2026-05-27 08:32:30 | INFO     | sentence_transformers.SentenceTransformer | Use pytorch device_name: cpu
2026-05-27 08:32:30 | INFO     | sentence_transformers.SentenceTransformer | Load pretrained SentenceTransformer: intfloat/multilingual-e5-small
2026-05-27 08:32:32 | INFO     | mayss | RES | IP: 151.101.0.223 | OPTIONS /api/v1/products/recommendations | Status: 200 | Time: 10.63ms
2026-05-27 08:32:32 | INFO     | mayss | RES | IP: 151.101.0.223 | GET /api/v1/products/recommendations | Status: 200 | Time: 234.07ms
2026-05-27 08:32:36 | INFO     | mayss | Embedding model loaded.
2026-05-27 08:32:36 | INFO     | elastic_transport.transport | POST http://elasticsearch:9200/mayss_products/_search [status:200 duration:0.073s]
2026-05-27 08:32:36 | INFO     | mayss | RES | IP: 151.101.0.223 | GET /api/v1/products | Status: 200 | Time: 9312.96ms
2026-05-27 08:32:43 | INFO     | mayss | RES | IP: 151.101.0.223 | OPTIONS /api/v1/products | Status: 200 | Time: 6.33ms
2026-05-27 08:32:43 | INFO     | elastic_transport.transport | HEAD http://elasticsearch:9200/ [status:200 duration:0.026s]
2026-05-27 08:32:43 | INFO     | elastic_transport.transport | POST http://elasticsearch:9200/mayss_products/_search [status:200 duration:0.062s]
2026-05-27 08:32:43 | INFO     | mayss | RES | IP: 151.101.0.223 | GET /api/v1/products | Status: 200 | Time: 297.89ms
2026-05-27 08:33:07 | INFO     | elastic_transport.transport | HEAD http://elasticsearch:9200/ [status:200 duration:0.030s]
2026-05-27 08:33:07 | INFO     | elastic_transport.transport | POST http://elasticsearch:9200/mayss_products/_search [status:200 duration:0.039s]
2026-05-27 08:33:07 | INFO     | mayss | RES | IP: 151.101.0.223 | GET /api/v1/products | Status: 200 | Time: 427.99ms
2026-05-27 08:33:22 | INFO     | mayss | RES | IP: 151.101.0.223 | OPTIONS /api/v1/products | Status: 200 | Time: 11.60ms
2026-05-27 08:33:22 | INFO     | elastic_transport.transport | HEAD http://elasticsearch:9200/ [status:200 duration:0.021s]
2026-05-27 08:33:22 | INFO     | elastic_transport.transport | POST http://elasticsearch:9200/mayss_products/_search [status:200 duration:0.037s]
2026-05-27 08:33:22 | INFO     | mayss | RES | IP: 151.101.0.223 | GET /api/v1/products | Status: 200 | Time: 241.67ms
2026-05-27 08:33:30 | INFO     | mayss | RES | IP: 151.101.0.223 | OPTIONS /api/v1/products | Status: 200 | Time: 5.53ms
2026-05-27 08:33:30 | INFO     | elastic_transport.transport | HEAD http://elasticsearch:9200/ [status:200 duration:0.010s]
2026-05-27 08:33:30 | INFO     | elastic_transport.transport | POST http://elasticsearch:9200/mayss_products/_search [status:200 duration:0.054s]
2026-05-27 08:33:30 | INFO     | mayss | RES | IP: 151.101.0.223 | GET /api/v1/products | Status: 200 | Time: 212.93ms
2026-05-27 08:41:06 | INFO     | app.core.logger | Система логирования инициализирована. Debug режим: False
2026-05-27 08:41:06 | INFO     | mayss | Starting MAYSS Marketplace API
2026-05-27 08:41:06 | INFO     | mayss | Database initialized successfully
2026-05-27 08:41:06 | INFO     | elastic_transport.transport | HEAD http://elasticsearch:9200/ [status:200 duration:0.014s]
2026-05-27 08:41:06 | INFO     | elastic_transport.transport | HEAD http://elasticsearch:9200/mayss_products [status:200 duration:0.013s]
2026-05-27 08:41:06 | INFO     | elastic_transport.transport | POST http://elasticsearch:9200/mayss_products/_count [status:200 duration:0.031s]
2026-05-27 08:41:06 | INFO     | mayss | ES index already has 78 documents
2026-05-27 08:41:37 | INFO     | mayss | RES | IP: 151.101.0.223 | GET /api/v1/categories | Status: 200 | Time: 71.07ms
2026-05-27 08:41:37 | INFO     | mayss | RES | IP: 151.101.0.223 | GET /api/v1/products | Status: 200 | Time: 99.80ms
2026-05-27 08:41:38 | INFO     | mayss | RES | IP: 151.101.0.223 | GET /api/v1/orders | Status: 200 | Time: 83.59ms
2026-05-27 08:41:38 | INFO     | mayss | User 11 retrieved cart
2026-05-27 08:41:38 | INFO     | mayss | RES | IP: 151.101.0.223 | GET /api/v1/cart | Status: 200 | Time: 5.26ms
2026-05-27 08:41:38 | INFO     | mayss | RES | IP: 151.101.0.223 | GET /api/v1/favorites | Status: 200 | Time: 3.30ms
2026-05-27 08:41:38 | INFO     | mayss | RES | IP: 151.101.0.223 | GET /api/v1/auth/me | Status: 200 | Time: 1.33ms
2026-05-27 08:41:38 | INFO     | elastic_transport.transport | HEAD http://elasticsearch:9200/ [status:200 duration:0.022s]
2026-05-27 08:41:43 | INFO     | mayss | Loading embedding model intfloat/multilingual-e5-small …
2026-05-27 08:41:43 | INFO     | sentence_transformers.SentenceTransformer | Use pytorch device_name: cpu
2026-05-27 08:41:43 | INFO     | sentence_transformers.SentenceTransformer | Load pretrained SentenceTransformer: intfloat/multilingual-e5-small
2026-05-27 08:41:49 | INFO     | mayss | Embedding model loaded.
2026-05-27 08:41:49 | INFO     | elastic_transport.transport | POST http://elasticsearch:9200/mayss_products/_search [status:200 duration:0.182s]
2026-05-27 08:41:49 | INFO     | mayss | RES | IP: 151.101.0.223 | GET /api/v1/products | Status: 200 | Time: 11745.48ms
2026-05-27 08:42:17 | INFO     | mayss | RES | IP: 151.101.0.223 | GET /api/v1/categories | Status: 200 | Time: 74.97ms
2026-05-27 08:42:17 | INFO     | mayss | RES | IP: 151.101.0.223 | GET /api/v1/products | Status: 200 | Time: 69.62ms
2026-05-27 08:42:18 | INFO     | mayss | RES | IP: 151.101.0.223 | GET /api/v1/orders | Status: 200 | Time: 33.92ms
2026-05-27 08:42:18 | INFO     | mayss | User 11 retrieved cart
2026-05-27 08:42:18 | INFO     | mayss | RES | IP: 151.101.0.223 | GET /api/v1/cart | Status: 200 | Time: 5.76ms
2026-05-27 08:42:18 | INFO     | mayss | RES | IP: 151.101.0.223 | GET /api/v1/favorites | Status: 200 | Time: 2.63ms
2026-05-27 08:42:18 | INFO     | mayss | RES | IP: 151.101.0.223 | GET /api/v1/auth/me | Status: 200 | Time: 1.56ms
2026-05-27 08:42:18 | INFO     | elastic_transport.transport | HEAD http://elasticsearch:9200/ [status:200 duration:0.020s]
2026-05-27 08:42:18 | INFO     | elastic_transport.transport | POST http://elasticsearch:9200/mayss_products/_search [status:200 duration:0.057s]
2026-05-27 08:42:18 | INFO     | mayss | RES | IP: 151.101.0.223 | GET /api/v1/products | Status: 200 | Time: 228.92ms
2026-05-27 08:42:24 | INFO     | mayss | RES | IP: 151.101.0.223 | OPTIONS /api/v1/products | Status: 200 | Time: 3.48ms
2026-05-27 08:42:24 | INFO     | elastic_transport.transport | HEAD http://elasticsearch:9200/ [status:200 duration:0.011s]
2026-05-27 08:42:24 | INFO     | elastic_transport.transport | POST http://elasticsearch:9200/mayss_products/_search [status:200 duration:0.076s]
2026-05-27 08:42:24 | INFO     | mayss | RES | IP: 151.101.0.223 | GET /api/v1/products | Status: 200 | Time: 272.27ms
2026-05-27 08:42:30 | INFO     | mayss | RES | IP: 151.101.0.223 | OPTIONS /api/v1/products | Status: 200 | Time: 4.81ms
2026-05-27 08:42:30 | INFO     | elastic_transport.transport | HEAD http://elasticsearch:9200/ [status:200 duration:0.032s]
2026-05-27 08:42:30 | INFO     | elastic_transport.transport | POST http://elasticsearch:9200/mayss_products/_search [status:200 duration:0.042s]
2026-05-27 08:42:30 | INFO     | mayss | RES | IP: 151.101.0.223 | GET /api/v1/products | Status: 200 | Time: 261.27ms
2026-05-27 08:43:09 | INFO     | mayss | RES | IP: 151.101.0.223 | OPTIONS /api/v1/products | Status: 200 | Time: 2.54ms
2026-05-27 08:43:09 | INFO     | elastic_transport.transport | HEAD http://elasticsearch:9200/ [status:200 duration:0.047s]
2026-05-27 08:43:10 | INFO     | elastic_transport.transport | POST http://elasticsearch:9200/mayss_products/_search [status:200 duration:0.047s]
2026-05-27 08:43:10 | INFO     | mayss | RES | IP: 151.101.0.223 | GET /api/v1/products | Status: 200 | Time: 284.35ms
2026-05-27 08:43:19 | INFO     | mayss | RES | IP: 151.101.0.223 | OPTIONS /api/v1/products/recommendations | Status: 200 | Time: 6.84ms
2026-05-27 08:43:20 | INFO     | mayss | RES | IP: 151.101.0.223 | GET /api/v1/products/recommendations | Status: 200 | Time: 256.37ms
2026-05-27 08:44:34 | INFO     | mayss | RES | IP: 151.101.0.223 | OPTIONS /api/v1/products | Status: 200 | Time: 3.26ms
2026-05-27 08:44:34 | INFO     | mayss | RES | IP: 151.101.0.223 | GET /api/v1/products | Status: 200 | Time: 85.84ms
2026-05-27 08:44:36 | INFO     | mayss | RES | IP: 151.101.0.223 | OPTIONS /api/v1/products | Status: 200 | Time: 1.80ms
2026-05-27 08:44:36 | INFO     | mayss | RES | IP: 151.101.0.223 | GET /api/v1/products | Status: 200 | Time: 11.33ms
2026-05-27 08:44:39 | INFO     | mayss | RES | IP: 151.101.0.223 | OPTIONS /api/v1/products | Status: 200 | Time: 16.55ms
2026-05-27 08:44:39 | INFO     | mayss | RES | IP: 151.101.0.223 | GET /api/v1/products | Status: 200 | Time: 28.48ms
2026-05-27 08:44:39 | INFO     | mayss | RES | IP: 151.101.0.223 | OPTIONS /api/v1/products | Status: 200 | Time: 0.82ms
2026-05-27 08:44:39 | INFO     | mayss | RES | IP: 151.101.0.223 | GET /api/v1/products | Status: 200 | Time: 8.94ms
2026-05-27 08:44:40 | INFO     | mayss | RES | IP: 151.101.0.223 | OPTIONS /api/v1/products | Status: 200 | Time: 0.55ms
2026-05-27 08:44:40 | INFO     | mayss | RES | IP: 151.101.0.223 | GET /api/v1/products | Status: 200 | Time: 3.65ms
2026-05-27 08:44:41 | INFO     | mayss | RES | IP: 151.101.0.223 | OPTIONS /api/v1/products | Status: 200 | Time: 0.28ms
2026-05-27 08:44:41 | INFO     | mayss | RES | IP: 151.101.0.223 | GET /api/v1/products | Status: 200 | Time: 9.10ms
2026-05-27 08:44:44 | INFO     | mayss | RES | IP: 151.101.0.223 | OPTIONS /api/v1/categories | Status: 200 | Time: 6.44ms
2026-05-27 08:44:44 | INFO     | mayss | RES | IP: 151.101.0.223 | OPTIONS /api/v1/products | Status: 200 | Time: 12.03ms
2026-05-27 08:44:44 | INFO     | mayss | RES | IP: 151.101.0.223 | GET /api/v1/categories | Status: 200 | Time: 49.14ms
2026-05-27 08:44:44 | INFO     | mayss | RES | IP: 151.101.0.223 | GET /api/v1/products | Status: 200 | Time: 57.57ms
2026-05-27 08:44:45 | INFO     | mayss | RES | IP: 151.101.0.223 | OPTIONS /api/v1/orders | Status: 200 | Time: 1.56ms
2026-05-27 08:44:45 | INFO     | mayss | RES | IP: 151.101.0.223 | GET /api/v1/orders | Status: 200 | Time: 28.75ms
2026-05-27 08:44:45 | INFO     | mayss | RES | IP: 151.101.0.223 | OPTIONS /api/v1/cart | Status: 200 | Time: 0.13ms
2026-05-27 08:44:45 | INFO     | mayss | User 11 retrieved cart
2026-05-27 08:44:45 | INFO     | mayss | RES | IP: 151.101.0.223 | GET /api/v1/cart | Status: 200 | Time: 5.01ms
2026-05-27 08:44:45 | INFO     | mayss | RES | IP: 151.101.0.223 | OPTIONS /api/v1/favorites | Status: 200 | Time: 0.07ms
2026-05-27 08:44:45 | INFO     | mayss | RES | IP: 151.101.0.223 | GET /api/v1/favorites | Status: 200 | Time: 2.86ms
2026-05-27 08:44:45 | INFO     | mayss | RES | IP: 151.101.0.223 | OPTIONS /api/v1/auth/me | Status: 200 | Time: 0.08ms
2026-05-27 08:44:45 | INFO     | mayss | RES | IP: 151.101.0.223 | GET /api/v1/auth/me | Status: 200 | Time: 1.68ms
2026-05-27 08:44:45 | INFO     | mayss | RES | IP: 151.101.0.223 | GET /api/v1/products | Status: 200 | Time: 7.40ms
2026-05-27 08:44:47 | INFO     | mayss | RES | IP: 151.101.0.223 | OPTIONS /api/v1/products | Status: 200 | Time: 0.90ms
2026-05-27 08:44:47 | INFO     | mayss | RES | IP: 151.101.0.223 | GET /api/v1/products | Status: 200 | Time: 6.90ms
2026-05-27 08:44:48 | INFO     | mayss | RES | IP: 151.101.0.223 | OPTIONS /api/v1/products | Status: 200 | Time: 1.92ms
2026-05-27 08:44:48 | INFO     | mayss | RES | IP: 151.101.0.223 | GET /api/v1/products | Status: 200 | Time: 21.96ms
2026-05-27 08:44:49 | INFO     | mayss | RES | IP: 151.101.0.223 | OPTIONS /api/v1/products | Status: 200 | Time: 0.52ms
2026-05-27 08:44:49 | INFO     | mayss | RES | IP: 151.101.0.223 | GET /api/v1/products | Status: 200 | Time: 7.41ms
2026-05-27 08:44:51 | INFO     | mayss | RES | IP: 151.101.0.223 | GET /api/v1/products | Status: 200 | Time: 17.37ms
2026-05-27 08:44:55 | INFO     | mayss | RES | IP: 151.101.0.223 | GET /api/v1/products | Status: 200 | Time: 45.48ms
2026-05-27 08:44:55 | INFO     | mayss | RES | IP: 151.101.0.223 | GET /api/v1/products | Status: 200 | Time: 12.82ms
2026-05-27 08:44:56 | INFO     | mayss | RES | IP: 151.101.0.223 | OPTIONS /api/v1/products | Status: 200 | Time: 0.76ms
2026-05-27 08:44:56 | INFO     | mayss | RES | IP: 151.101.0.223 | GET /api/v1/products | Status: 200 | Time: 9.54ms
2026-05-27 08:44:57 | INFO     | mayss | RES | IP: 151.101.0.223 | OPTIONS /api/v1/products | Status: 200 | Time: 0.54ms
2026-05-27 08:44:57 | INFO     | mayss | RES | IP: 151.101.0.223 | GET /api/v1/products | Status: 200 | Time: 5.83ms
2026-05-27 08:44:58 | INFO     | mayss | RES | IP: 151.101.0.223 | OPTIONS /api/v1/products | Status: 200 | Time: 0.19ms
2026-05-27 08:44:58 | INFO     | mayss | RES | IP: 151.101.0.223 | GET /api/v1/products | Status: 200 | Time: 4.58ms
2026-05-27 08:45:00 | INFO     | mayss | RES | IP: 151.101.0.223 | GET /api/v1/products | Status: 200 | Time: 38.60ms
2026-05-27 08:45:02 | INFO     | mayss | RES | IP: 151.101.0.223 | GET /api/v1/products | Status: 200 | Time: 23.82ms
2026-05-27 08:45:07 | INFO     | mayss | RES | IP: 151.101.0.223 | GET /api/v1/products | Status: 200 | Time: 35.89ms
2026-05-27 08:45:09 | INFO     | mayss | RES | IP: 151.101.0.223 | OPTIONS /api/v1/products | Status: 200 | Time: 11.69ms
2026-05-27 08:45:09 | INFO     | mayss | RES | IP: 151.101.0.223 | GET /api/v1/products | Status: 200 | Time: 18.50ms
2026-05-27 08:45:12 | INFO     | mayss | RES | IP: 151.101.0.223 | OPTIONS /api/v1/products | Status: 200 | Time: 7.04ms
2026-05-27 08:45:12 | INFO     | mayss | RES | IP: 151.101.0.223 | GET /api/v1/products | Status: 200 | Time: 53.68ms
2026-05-27 08:45:14 | INFO     | mayss | RES | IP: 151.101.0.223 | GET /api/v1/products | Status: 200 | Time: 22.86ms
2026-05-27 08:45:16 | INFO     | mayss | RES | IP: 151.101.0.223 | OPTIONS /api/v1/products | Status: 200 | Time: 7.21ms
2026-05-27 08:45:16 | INFO     | mayss | RES | IP: 151.101.0.223 | GET /api/v1/products | Status: 200 | Time: 17.56ms
2026-05-27 08:45:17 | INFO     | mayss | RES | IP: 151.101.0.223 | OPTIONS /api/v1/products | Status: 200 | Time: 1.23ms
2026-05-27 08:45:17 | INFO     | mayss | RES | IP: 151.101.0.223 | GET /api/v1/products | Status: 200 | Time: 12.51ms
2026-05-27 08:51:50 | INFO     | mayss | RES | IP: 151.101.0.223 | OPTIONS /api/v1/products | Status: 200 | Time: 15.75ms
2026-05-27 08:51:50 | INFO     | mayss | RES | IP: 151.101.0.223 | GET /api/v1/products | Status: 200 | Time: 35.91ms
2026-05-27 08:51:51 | INFO     | mayss | RES | IP: 151.101.0.223 | OPTIONS /api/v1/products | Status: 200 | Time: 0.75ms
2026-05-27 08:51:51 | INFO     | mayss | RES | IP: 151.101.0.223 | GET /api/v1/products | Status: 200 | Time: 7.14ms
2026-05-27 08:51:51 | INFO     | mayss | RES | IP: 151.101.0.223 | OPTIONS /api/v1/products | Status: 200 | Time: 0.89ms
2026-05-27 08:51:52 | INFO     | mayss | RES | IP: 151.101.0.223 | GET /api/v1/products | Status: 200 | Time: 43.13ms
2026-05-27 08:51:52 | INFO     | mayss | RES | IP: 151.101.0.223 | GET /api/v1/products | Status: 200 | Time: 18.87ms
2026-05-27 08:51:53 | INFO     | mayss | RES | IP: 151.101.0.223 | GET /api/v1/products | Status: 200 | Time: 6.49ms
2026-05-27 08:51:54 | INFO     | mayss | RES | IP: 151.101.0.223 | GET /api/v1/products | Status: 200 | Time: 21.51ms
2026-05-27 08:51:54 | INFO     | mayss | RES | IP: 151.101.0.223 | OPTIONS /api/v1/products | Status: 200 | Time: 0.71ms
2026-05-27 08:51:54 | INFO     | mayss | RES | IP: 151.101.0.223 | GET /api/v1/products | Status: 200 | Time: 8.97ms
2026-05-27 08:51:54 | INFO     | mayss | RES | IP: 151.101.0.223 | OPTIONS /api/v1/products | Status: 200 | Time: 0.67ms
2026-05-27 08:51:54 | INFO     | mayss | RES | IP: 151.101.0.223 | GET /api/v1/products | Status: 200 | Time: 9.09ms
2026-05-27 08:51:55 | INFO     | mayss | RES | IP: 151.101.0.223 | OPTIONS /api/v1/products | Status: 200 | Time: 0.59ms
2026-05-27 08:51:55 | INFO     | mayss | RES | IP: 151.101.0.223 | GET /api/v1/products | Status: 200 | Time: 3.75ms
2026-05-27 08:51:56 | INFO     | mayss | RES | IP: 151.101.0.223 | OPTIONS /api/v1/products | Status: 200 | Time: 0.64ms
2026-05-27 08:51:56 | INFO     | mayss | RES | IP: 151.101.0.223 | GET /api/v1/products | Status: 200 | Time: 8.56ms
2026-05-27 08:51:56 | INFO     | mayss | RES | IP: 151.101.0.223 | GET /api/v1/products | Status: 200 | Time: 14.38ms
2026-05-27 08:51:57 | INFO     | mayss | RES | IP: 151.101.0.223 | OPTIONS /api/v1/products | Status: 200 | Time: 2.02ms
2026-05-27 08:51:57 | INFO     | mayss | RES | IP: 151.101.0.223 | GET /api/v1/products | Status: 200 | Time: 7.50ms
2026-05-27 08:51:57 | INFO     | mayss | RES | IP: 151.101.0.223 | GET /api/v1/products | Status: 200 | Time: 7.54ms
2026-05-27 08:51:58 | INFO     | mayss | RES | IP: 151.101.0.223 | GET /api/v1/products | Status: 200 | Time: 4.95ms
2026-05-27 08:51:58 | INFO     | mayss | RES | IP: 151.101.0.223 | OPTIONS /api/v1/products | Status: 200 | Time: 4.38ms
2026-05-27 08:51:59 | INFO     | mayss | RES | IP: 151.101.0.223 | GET /api/v1/products | Status: 200 | Time: 23.27ms
2026-05-27 08:52:00 | INFO     | mayss | RES | IP: 151.101.0.223 | OPTIONS /api/v1/products/87 | Status: 200 | Time: 10.82ms
2026-05-27 08:52:01 | INFO     | mayss | RES | IP: 151.101.0.223 | GET /api/v1/products/87 | Status: 200 | Time: 38.25ms
2026-05-27 08:52:01 | INFO     | mayss | RES | IP: 151.101.0.223 | OPTIONS /api/v1/reviews/product/87 | Status: 200 | Time: 2.10ms
2026-05-27 08:52:01 | INFO     | mayss | RES | IP: 151.101.0.223 | OPTIONS /api/v1/products | Status: 200 | Time: 1.27ms
2026-05-27 08:52:01 | INFO     | mayss | RES | IP: 151.101.0.223 | GET /api/v1/products | Status: 200 | Time: 51.52ms
2026-05-27 08:52:01 | INFO     | mayss | RES | IP: 151.101.0.223 | GET /api/v1/reviews/product/87 | Status: 200 | Time: 80.74ms
2026-05-27 08:52:12 | INFO     | mayss | RES | IP: 151.101.0.223 | GET /api/v1/products | Status: 200 | Time: 43.98ms
2026-05-27 08:52:14 | INFO     | mayss | RES | IP: 151.101.0.223 | GET /api/v1/products | Status: 200 | Time: 22.45ms
2026-05-27 08:54:24 | INFO     | app.core.logger | Система логирования инициализирована. Debug режим: False
2026-05-27 08:54:24 | INFO     | mayss | Starting MAYSS Marketplace API
2026-05-27 08:54:24 | INFO     | mayss | Database initialized successfully
2026-05-27 08:54:24 | INFO     | elastic_transport.transport | HEAD http://elasticsearch:9200/ [status:200 duration:0.044s]
2026-05-27 08:54:24 | INFO     | elastic_transport.transport | HEAD http://elasticsearch:9200/mayss_products [status:404 duration:0.010s]
2026-05-27 08:54:24 | INFO     | elastic_transport.transport | PUT http://elasticsearch:9200/mayss_products [status:200 duration:0.223s]
2026-05-27 08:54:24 | INFO     | mayss | Created ES index mayss_products
2026-05-27 08:54:25 | INFO     | elastic_transport.transport | POST http://elasticsearch:9200/mayss_products/_count [status:200 duration:0.025s]
2026-05-27 08:54:25 | INFO     | mayss | ES index empty — running initial reindex (this may take a few minutes on first run while the embedding model is downloaded)
2026-05-27 08:54:25 | INFO     | elastic_transport.transport | HEAD http://elasticsearch:9200/mayss_products [status:200 duration:0.003s]
2026-05-27 08:54:31 | INFO     | mayss | Loading embedding model intfloat/multilingual-e5-small …
2026-05-27 08:54:31 | INFO     | sentence_transformers.SentenceTransformer | Use pytorch device_name: cpu
2026-05-27 08:54:31 | INFO     | sentence_transformers.SentenceTransformer | Load pretrained SentenceTransformer: intfloat/multilingual-e5-small
2026-05-27 08:54:36 | INFO     | mayss | Embedding model loaded.
2026-05-27 08:54:46 | INFO     | elastic_transport.transport | PUT http://elasticsearch:9200/_bulk?refresh=wait_for [status:200 duration:1.060s]
2026-05-27 08:54:46 | INFO     | mayss | Indexed 303 products into ES
2026-05-27 08:54:46 | INFO     | mayss | ES bootstrap reindexed 303 products
2026-05-27 08:56:48 | INFO     | mayss | RES | IP: 151.101.0.223 | GET /api/v1/products | Status: 200 | Time: 110.93ms
2026-05-27 08:56:57 | INFO     | mayss | RES | IP: 151.101.0.223 | GET /api/v1/products | Status: 200 | Time: 27.49ms
2026-05-27 08:57:25 | INFO     | mayss | RES | IP: 151.101.0.223 | OPTIONS /api/v1/categories | Status: 200 | Time: 5.35ms
2026-05-27 08:57:25 | INFO     | mayss | RES | IP: 151.101.0.223 | OPTIONS /api/v1/products | Status: 200 | Time: 7.23ms
2026-05-27 08:57:25 | INFO     | mayss | RES | IP: 151.101.0.223 | GET /api/v1/categories | Status: 200 | Time: 83.49ms
2026-05-27 08:57:25 | INFO     | mayss | RES | IP: 151.101.0.223 | GET /api/v1/products | Status: 200 | Time: 134.30ms
2026-05-27 08:57:26 | INFO     | mayss | RES | IP: 151.101.0.223 | OPTIONS /api/v1/orders | Status: 200 | Time: 0.52ms
2026-05-27 08:57:26 | INFO     | mayss | RES | IP: 151.101.0.223 | GET /api/v1/orders | Status: 200 | Time: 64.56ms
2026-05-27 08:57:26 | INFO     | mayss | RES | IP: 151.101.0.223 | OPTIONS /api/v1/cart | Status: 200 | Time: 0.11ms
2026-05-27 08:57:26 | INFO     | mayss | User 11 retrieved cart
2026-05-27 08:57:26 | INFO     | mayss | RES | IP: 151.101.0.223 | GET /api/v1/cart | Status: 200 | Time: 8.97ms
2026-05-27 08:57:26 | INFO     | mayss | RES | IP: 151.101.0.223 | OPTIONS /api/v1/favorites | Status: 200 | Time: 0.09ms
2026-05-27 08:57:26 | INFO     | mayss | RES | IP: 151.101.0.223 | GET /api/v1/favorites | Status: 200 | Time: 4.33ms
2026-05-27 08:57:26 | INFO     | mayss | RES | IP: 151.101.0.223 | OPTIONS /api/v1/auth/me | Status: 200 | Time: 0.09ms
2026-05-27 08:57:26 | INFO     | mayss | RES | IP: 151.101.0.223 | GET /api/v1/auth/me | Status: 200 | Time: 1.87ms
2026-05-27 08:57:26 | INFO     | mayss | RES | IP: 151.101.0.223 | OPTIONS /api/v1/products | Status: 200 | Time: 0.24ms
2026-05-27 08:57:26 | INFO     | mayss | RES | IP: 151.101.0.223 | GET /api/v1/products | Status: 200 | Time: 4.26ms
2026-05-27 08:57:28 | INFO     | mayss | RES | IP: 151.101.0.223 | OPTIONS /api/v1/products | Status: 200 | Time: 2.38ms
2026-05-27 08:57:28 | INFO     | mayss | RES | IP: 151.101.0.223 | GET /api/v1/products | Status: 200 | Time: 36.37ms
2026-05-27 08:57:29 | INFO     | mayss | RES | IP: 151.101.0.223 | OPTIONS /api/v1/products | Status: 200 | Time: 0.61ms
2026-05-27 08:57:29 | INFO     | mayss | RES | IP: 151.101.0.223 | GET /api/v1/products | Status: 200 | Time: 6.42ms
2026-05-27 08:57:30 | INFO     | mayss | RES | IP: 151.101.0.223 | GET /api/v1/products | Status: 200 | Time: 10.41ms
2026-05-27 08:57:40 | INFO     | mayss | RES | IP: 151.101.0.223 | OPTIONS /api/v1/products | Status: 200 | Time: 3.48ms
2026-05-27 08:57:40 | INFO     | elastic_transport.transport | HEAD http://elasticsearch:9200/ [status:200 duration:0.047s]
2026-05-27 08:57:40 | INFO     | elastic_transport.transport | POST http://elasticsearch:9200/mayss_products/_search [status:200 duration:0.474s]
2026-05-27 08:57:40 | INFO     | mayss | RES | IP: 151.101.0.223 | GET /api/v1/products | Status: 200 | Time: 871.62ms
2026-05-27 08:58:06 | INFO     | mayss | RES | IP: 151.101.0.223 | OPTIONS /api/v1/products | Status: 200 | Time: 2.75ms
2026-05-27 08:58:06 | INFO     | elastic_transport.transport | HEAD http://elasticsearch:9200/ [status:200 duration:0.008s]
2026-05-27 08:58:06 | INFO     | elastic_transport.transport | POST http://elasticsearch:9200/mayss_products/_search [status:200 duration:0.051s]
2026-05-27 08:58:06 | INFO     | mayss | RES | IP: 151.101.0.223 | GET /api/v1/products | Status: 200 | Time: 229.83ms
2026-05-27 08:58:28 | INFO     | mayss | RES | IP: 151.101.0.223 | OPTIONS /api/v1/products | Status: 200 | Time: 2.53ms
2026-05-27 08:58:28 | INFO     | elastic_transport.transport | HEAD http://elasticsearch:9200/ [status:200 duration:0.043s]
2026-05-27 08:58:28 | INFO     | elastic_transport.transport | POST http://elasticsearch:9200/mayss_products/_search [status:200 duration:0.056s]
2026-05-27 08:58:28 | INFO     | mayss | RES | IP: 151.101.0.223 | GET /api/v1/products | Status: 200 | Time: 248.60ms
2026-05-27 08:58:38 | INFO     | mayss | RES | IP: 151.101.0.223 | OPTIONS /api/v1/products | Status: 200 | Time: 1.61ms
2026-05-27 08:58:38 | INFO     | elastic_transport.transport | HEAD http://elasticsearch:9200/ [status:200 duration:0.036s]
2026-05-27 08:58:38 | INFO     | elastic_transport.transport | POST http://elasticsearch:9200/mayss_products/_search [status:200 duration:0.055s]
2026-05-27 08:58:38 | INFO     | mayss | RES | IP: 151.101.0.223 | GET /api/v1/products | Status: 200 | Time: 243.10ms
2026-05-27 08:59:03 | INFO     | mayss | RES | IP: 151.101.0.223 | OPTIONS /api/v1/products | Status: 200 | Time: 2.09ms
2026-05-27 08:59:03 | INFO     | elastic_transport.transport | HEAD http://elasticsearch:9200/ [status:200 duration:0.009s]
2026-05-27 08:59:03 | INFO     | elastic_transport.transport | POST http://elasticsearch:9200/mayss_products/_search [status:200 duration:0.079s]
2026-05-27 08:59:03 | INFO     | mayss | RES | IP: 151.101.0.223 | GET /api/v1/products | Status: 200 | Time: 256.64ms
2026-05-27 08:59:09 | INFO     | mayss | RES | IP: 151.101.0.223 | OPTIONS /api/v1/products/recommendations | Status: 200 | Time: 3.02ms
2026-05-27 08:59:10 | INFO     | mayss | RES | IP: 151.101.0.223 | GET /api/v1/products/recommendations | Status: 200 | Time: 159.47ms
2026-05-27 08:59:16 | INFO     | mayss | RES | IP: 151.101.0.223 | OPTIONS /api/v1/addresses | Status: 200 | Time: 14.72ms
2026-05-27 08:59:16 | INFO     | mayss | RES | IP: 151.101.0.223 | OPTIONS /api/v1/cards | Status: 200 | Time: 4.64ms
2026-05-27 08:59:16 | INFO     | mayss | RES | IP: 151.101.0.223 | OPTIONS /api/v1/support/tickets | Status: 200 | Time: 15.37ms
2026-05-27 08:59:16 | INFO     | mayss | RES | IP: 151.101.0.223 | GET /api/v1/auth/me | Status: 200 | Time: 76.63ms
2026-05-27 08:59:16 | INFO     | mayss | RES | IP: 151.101.0.223 | GET /api/v1/favorites | Status: 200 | Time: 74.96ms
2026-05-27 08:59:16 | INFO     | mayss | RES | IP: 151.101.0.223 | GET /api/v1/support/tickets | Status: 200 | Time: 63.80ms
2026-05-27 08:59:16 | INFO     | mayss | RES | IP: 151.101.0.223 | GET /api/v1/addresses | Status: 200 | Time: 81.40ms
2026-05-27 08:59:16 | INFO     | mayss | RES | IP: 151.101.0.223 | GET /api/v1/cards | Status: 200 | Time: 78.46ms
2026-05-27 08:59:16 | INFO     | mayss | RES | IP: 151.101.0.223 | GET /api/v1/orders | Status: 200 | Time: 123.06ms
2026-05-27 08:59:23 | INFO     | mayss | RES | IP: 151.101.0.223 | GET /api/v1/products/recommendations | Status: 200 | Time: 91.11ms
2026-05-27 08:59:25 | INFO     | mayss | RES | IP: 151.101.0.223 | OPTIONS /api/v1/products | Status: 200 | Time: 8.09ms
2026-05-27 08:59:25 | INFO     | mayss | RES | IP: 151.101.0.223 | GET /api/v1/products | Status: 200 | Time: 41.29ms
2026-05-27 08:59:26 | INFO     | mayss | RES | IP: 151.101.0.223 | OPTIONS /api/v1/cart/items | Status: 200 | Time: 1.60ms
2026-05-27 08:59:26 | INFO     | mayss | Added item 74 to cart
2026-05-27 08:59:26 | INFO     | mayss | RES | IP: 151.101.0.223 | POST /api/v1/cart/items | Status: 200 | Time: 68.96ms
2026-05-27 08:59:26 | INFO     | mayss | User 11 retrieved cart
2026-05-27 08:59:26 | INFO     | mayss | RES | IP: 151.101.0.223 | GET /api/v1/cart | Status: 200 | Time: 4.99ms
2026-05-27 08:59:28 | INFO     | mayss | RES | IP: 151.101.0.223 | OPTIONS /api/v1/bonuses/balance | Status: 200 | Time: 4.36ms
2026-05-27 08:59:28 | INFO     | mayss | User 11 retrieved cart
2026-05-27 08:59:28 | INFO     | mayss | RES | IP: 151.101.0.223 | GET /api/v1/cards | Status: 200 | Time: 28.40ms
2026-05-27 08:59:28 | INFO     | mayss | RES | IP: 151.101.0.223 | GET /api/v1/bonuses/balance | Status: 200 | Time: 22.97ms
2026-05-27 08:59:28 | INFO     | mayss | RES | IP: 151.101.0.223 | GET /api/v1/cart | Status: 200 | Time: 58.36ms
2026-05-27 08:59:28 | INFO     | mayss | RES | IP: 151.101.0.223 | GET /api/v1/addresses | Status: 200 | Time: 40.30ms
2026-05-27 08:59:45 | INFO     | mayss | Spent 565.37 bonuses for user 11, order 588
2026-05-27 08:59:45 | INFO     | mayss | RES | IP: 151.101.0.223 | POST /api/v1/orders | Status: 200 | Time: 77.15ms
2026-05-27 08:59:45 | INFO     | mayss | RES | IP: 151.101.0.223 | OPTIONS /api/v1/payments | Status: 200 | Time: 0.22ms
2026-05-27 08:59:46 | INFO     | mayss | RES | IP: 151.101.0.223 | POST /api/v1/payments | Status: 200 | Time: 62.56ms
2026-05-27 08:59:46 | INFO     | mayss | User 11 retrieved cart
2026-05-27 08:59:46 | INFO     | mayss | RES | IP: 151.101.0.223 | GET /api/v1/cart | Status: 200 | Time: 3.38ms
2026-05-27 08:59:46 | INFO     | mayss | RES | IP: 151.101.0.223 | GET /api/v1/orders | Status: 200 | Time: 5.30ms
2026-05-27 08:59:47 | INFO     | mayss | RES | IP: 151.101.0.223 | GET /api/v1/auth/me | Status: 200 | Time: 38.15ms
2026-05-27 08:59:47 | INFO     | mayss | RES | IP: 151.101.0.223 | GET /api/v1/cards | Status: 200 | Time: 31.34ms
2026-05-27 08:59:47 | INFO     | mayss | RES | IP: 151.101.0.223 | GET /api/v1/addresses | Status: 200 | Time: 25.05ms
2026-05-27 08:59:47 | INFO     | mayss | RES | IP: 151.101.0.223 | GET /api/v1/favorites | Status: 200 | Time: 26.44ms
2026-05-27 08:59:47 | INFO     | mayss | RES | IP: 151.101.0.223 | GET /api/v1/support/tickets | Status: 200 | Time: 32.79ms
2026-05-27 08:59:47 | INFO     | mayss | RES | IP: 151.101.0.223 | GET /api/v1/orders | Status: 200 | Time: 43.99ms
2026-05-27 08:59:49 | INFO     | mayss | RES | IP: 151.101.0.223 | GET /api/v1/products | Status: 200 | Time: 65.39ms
2026-05-27 08:59:50 | INFO     | mayss | RES | IP: 151.101.0.223 | OPTIONS /api/v1/favorites/toggle/331 | Status: 200 | Time: 1.51ms
2026-05-27 08:59:50 | INFO     | mayss | RES | IP: 151.101.0.223 | POST /api/v1/favorites/toggle/331 | Status: 200 | Time: 30.41ms
2026-05-27 08:59:50 | INFO     | mayss | RES | IP: 151.101.0.223 | GET /api/v1/favorites | Status: 200 | Time: 7.09ms
2026-05-27 08:59:51 | INFO     | mayss | RES | IP: 151.101.0.223 | GET /api/v1/auth/me | Status: 200 | Time: 30.88ms
2026-05-27 08:59:51 | INFO     | mayss | RES | IP: 151.101.0.223 | GET /api/v1/favorites | Status: 200 | Time: 37.00ms
2026-05-27 08:59:51 | INFO     | mayss | RES | IP: 151.101.0.223 | GET /api/v1/addresses | Status: 200 | Time: 41.74ms
2026-05-27 08:59:51 | INFO     | mayss | RES | IP: 151.101.0.223 | GET /api/v1/cards | Status: 200 | Time: 42.84ms
2026-05-27 08:59:51 | INFO     | mayss | RES | IP: 151.101.0.223 | GET /api/v1/support/tickets | Status: 200 | Time: 44.74ms
2026-05-27 08:59:51 | INFO     | mayss | RES | IP: 151.101.0.223 | GET /api/v1/orders | Status: 200 | Time: 62.69ms
2026-05-27 08:59:55 | INFO     | mayss | RES | IP: 151.101.0.223 | OPTIONS /api/v1/notifications/status | Status: 200 | Time: 11.48ms
2026-05-27 08:59:55 | INFO     | mayss | RES | IP: 151.101.0.223 | GET /api/v1/notifications/status | Status: 200 | Time: 27.06ms
2026-05-27 08:59:59 | INFO     | mayss | RES | IP: 151.101.0.223 | OPTIONS /api/v1/bonuses/transactions | Status: 200 | Time: 0.73ms
2026-05-27 08:59:59 | INFO     | mayss | RES | IP: 151.101.0.223 | GET /api/v1/bonuses/balance | Status: 200 | Time: 40.53ms
2026-05-27 08:59:59 | INFO     | mayss | RES | IP: 151.101.0.223 | GET /api/v1/bonuses/transactions | Status: 200 | Time: 42.55ms
2026-05-27 09:00:06 | INFO     | mayss | RES | IP: 151.101.0.223 | GET /api/v1/categories | Status: 200 | Time: 28.11ms
2026-05-27 09:00:06 | INFO     | mayss | RES | IP: 151.101.0.223 | GET /api/v1/products | Status: 200 | Time: 44.35ms
2026-05-27 09:00:07 | INFO     | mayss | RES | IP: 151.101.0.223 | GET /api/v1/orders | Status: 200 | Time: 23.92ms
2026-05-27 09:00:07 | INFO     | mayss | User 11 retrieved cart
2026-05-27 09:00:07 | INFO     | mayss | RES | IP: 151.101.0.223 | GET /api/v1/cart | Status: 200 | Time: 6.02ms
2026-05-27 09:00:07 | INFO     | mayss | RES | IP: 151.101.0.223 | GET /api/v1/favorites | Status: 200 | Time: 5.45ms
2026-05-27 09:00:07 | INFO     | mayss | RES | IP: 151.101.0.223 | GET /api/v1/auth/me | Status: 200 | Time: 2.98ms
2026-05-27 09:00:07 | INFO     | mayss | RES | IP: 151.101.0.223 | GET /api/v1/auth/me | Status: 200 | Time: 12.78ms
2026-05-27 09:00:07 | INFO     | mayss | RES | IP: 151.101.0.223 | GET /api/v1/favorites | Status: 200 | Time: 28.38ms
2026-05-27 09:00:07 | INFO     | mayss | RES | IP: 151.101.0.223 | GET /api/v1/cards | Status: 200 | Time: 28.68ms
2026-05-27 09:00:07 | INFO     | mayss | RES | IP: 151.101.0.223 | GET /api/v1/addresses | Status: 200 | Time: 33.98ms
2026-05-27 09:00:07 | INFO     | mayss | RES | IP: 151.101.0.223 | GET /api/v1/orders | Status: 200 | Time: 37.66ms
2026-05-27 09:00:07 | INFO     | mayss | RES | IP: 151.101.0.223 | GET /api/v1/support/tickets | Status: 200 | Time: 86.96ms
2026-05-27 09:00:09 | INFO     | mayss | RES | IP: 151.101.0.223 | GET /api/v1/notifications/status | Status: 200 | Time: 31.81ms
2026-05-27 09:00:11 | INFO     | mayss | RES | IP: 151.101.0.223 | GET /api/v1/bonuses/balance | Status: 200 | Time: 40.69ms
2026-05-27 09:00:11 | INFO     | mayss | RES | IP: 151.101.0.223 | GET /api/v1/bonuses/transactions | Status: 200 | Time: 42.40ms
2026-05-27 09:00:13 | INFO     | mayss | RES | IP: 151.101.0.223 | GET /api/v1/categories | Status: 200 | Time: 12.79ms
2026-05-27 09:00:13 | INFO     | mayss | RES | IP: 151.101.0.223 | GET /api/v1/products | Status: 200 | Time: 16.23ms
2026-05-27 09:00:14 | INFO     | mayss | RES | IP: 151.101.0.223 | GET /api/v1/orders | Status: 200 | Time: 25.22ms
2026-05-27 09:00:14 | INFO     | mayss | User 11 retrieved cart
2026-05-27 09:00:14 | INFO     | mayss | RES | IP: 151.101.0.223 | GET /api/v1/cart | Status: 200 | Time: 10.10ms
2026-05-27 09:00:14 | INFO     | mayss | RES | IP: 151.101.0.223 | GET /api/v1/favorites | Status: 200 | Time: 10.34ms
2026-05-27 09:00:14 | INFO     | mayss | RES | IP: 151.101.0.223 | GET /api/v1/auth/me | Status: 200 | Time: 3.38ms
2026-05-27 09:00:14 | INFO     | mayss | RES | IP: 151.101.0.223 | GET /api/v1/auth/me | Status: 200 | Time: 76.26ms
2026-05-27 09:00:14 | INFO     | mayss | RES | IP: 151.101.0.223 | GET /api/v1/addresses | Status: 200 | Time: 121.24ms
2026-05-27 09:00:14 | INFO     | mayss | RES | IP: 151.101.0.223 | GET /api/v1/favorites | Status: 200 | Time: 134.98ms
2026-05-27 09:00:14 | INFO     | mayss | RES | IP: 151.101.0.223 | GET /api/v1/cards | Status: 200 | Time: 140.74ms
2026-05-27 09:00:14 | INFO     | mayss | RES | IP: 151.101.0.223 | GET /api/v1/support/tickets | Status: 200 | Time: 140.97ms
2026-05-27 09:00:14 | INFO     | mayss | RES | IP: 151.101.0.223 | GET /api/v1/orders | Status: 200 | Time: 191.75ms
2026-05-27 09:00:48 | INFO     | mayss | RES | IP: 151.101.0.223 | POST /api/v1/support/tickets | Status: 200 | Time: 74.65ms
2026-05-27 09:00:48 | INFO     | mayss | RES | IP: 151.101.0.223 | GET /api/v1/support/tickets | Status: 200 | Time: 6.63ms
2026-05-27 09:00:51 | INFO     | mayss | RES | IP: 151.101.0.223 | GET /api/v1/products/recommendations | Status: 200 | Time: 47.75ms
2026-05-27 09:00:55 | INFO     | mayss | RES | IP: 151.101.0.223 | OPTIONS /api/v1/auth/login | Status: 200 | Time: 13.08ms
2026-05-27 09:00:55 | INFO     | mayss | RES | IP: 151.101.0.223 | POST /api/v1/auth/login | Status: 200 | Time: 306.20ms
2026-05-27 09:00:55 | INFO     | mayss | RES | IP: 151.101.0.223 | GET /api/v1/auth/me | Status: 200 | Time: 9.83ms
2026-05-27 09:00:55 | INFO     | mayss | User 1 retrieved cart
2026-05-27 09:00:55 | INFO     | mayss | RES | IP: 151.101.0.223 | GET /api/v1/favorites | Status: 200 | Time: 10.92ms
2026-05-27 09:00:55 | INFO     | mayss | RES | IP: 151.101.0.223 | GET /api/v1/auth/me | Status: 200 | Time: 3.93ms
2026-05-27 09:00:55 | INFO     | mayss | Created new bonus wallet for user 1
2026-05-27 09:00:55 | INFO     | mayss | RES | IP: 151.101.0.223 | GET /api/v1/cart | Status: 200 | Time: 15.27ms
2026-05-27 09:00:55 | INFO     | mayss | RES | IP: 151.101.0.223 | OPTIONS /api/v1/admin/orders | Status: 200 | Time: 11.79ms
2026-05-27 09:00:55 | INFO     | mayss | RES | IP: 151.101.0.223 | OPTIONS /api/v1/admin/stats | Status: 200 | Time: 11.30ms
2026-05-27 09:00:55 | INFO     | mayss | RES | IP: 151.101.0.223 | OPTIONS /api/v1/admin/users | Status: 200 | Time: 9.68ms
2026-05-27 09:00:55 | INFO     | mayss | RES | IP: 151.101.0.223 | OPTIONS /api/v1/admin/sellers | Status: 200 | Time: 2.17ms
2026-05-27 09:00:55 | INFO     | mayss | RES | IP: 151.101.0.223 | OPTIONS /api/v1/admin/products | Status: 200 | Time: 4.27ms
2026-05-27 09:00:55 | INFO     | mayss | RES | IP: 151.101.0.223 | OPTIONS /api/v1/admin/tickets | Status: 200 | Time: 1.52ms
2026-05-27 09:00:55 | INFO     | mayss | RES | IP: 151.101.0.223 | GET /api/v1/auth/me | Status: 200 | Time: 38.55ms
2026-05-27 09:00:55 | INFO     | mayss | RES | IP: 151.101.0.223 | GET /api/v1/admin/sellers | Status: 200 | Time: 52.69ms
2026-05-27 09:00:55 | INFO     | mayss | RES | IP: 151.101.0.223 | GET /api/v1/admin/users | Status: 200 | Time: 71.64ms
2026-05-27 09:00:55 | INFO     | mayss | RES | IP: 151.101.0.223 | GET /api/v1/admin/tickets | Status: 200 | Time: 58.89ms
2026-05-27 09:00:55 | INFO     | mayss | RES | IP: 151.101.0.223 | GET /api/v1/admin/products | Status: 200 | Time: 101.80ms
2026-05-27 09:00:55 | INFO     | mayss | RES | IP: 151.101.0.223 | GET /api/v1/admin/stats | Status: 200 | Time: 111.88ms
2026-05-27 09:00:55 | INFO     | mayss | RES | IP: 151.101.0.223 | GET /api/v1/admin/orders | Status: 200 | Time: 118.92ms
2026-05-27 09:01:34 | INFO     | mayss | RES | IP: 151.101.0.223 | OPTIONS /api/v1/admin/tickets/1/reply | Status: 200 | Time: 5.24ms
2026-05-27 09:01:34 | INFO     | mayss | RES | IP: 151.101.0.223 | POST /api/v1/admin/tickets/1/reply | Status: 200 | Time: 54.20ms
2026-05-27 09:01:34 | INFO     | mayss | RES | IP: 151.101.0.223 | GET /api/v1/admin/users | Status: 200 | Time: 37.79ms
2026-05-27 09:01:34 | INFO     | mayss | RES | IP: 151.101.0.223 | GET /api/v1/admin/tickets | Status: 200 | Time: 37.75ms
2026-05-27 09:01:34 | INFO     | mayss | RES | IP: 151.101.0.223 | GET /api/v1/admin/sellers | Status: 200 | Time: 39.58ms
2026-05-27 09:01:34 | INFO     | mayss | RES | IP: 151.101.0.223 | GET /api/v1/admin/products | Status: 200 | Time: 39.73ms
2026-05-27 09:01:34 | INFO     | mayss | RES | IP: 151.101.0.223 | GET /api/v1/admin/stats | Status: 200 | Time: 44.88ms
2026-05-27 09:01:34 | INFO     | mayss | RES | IP: 151.101.0.223 | GET /api/v1/admin/orders | Status: 200 | Time: 54.03ms
2026-05-27 09:01:41 | INFO     | mayss | RES | IP: 151.101.0.223 | POST /api/v1/admin/tickets/1/reply | Status: 200 | Time: 43.34ms
2026-05-27 09:01:41 | INFO     | mayss | RES | IP: 151.101.0.223 | GET /api/v1/admin/products | Status: 200 | Time: 33.49ms
2026-05-27 09:01:41 | INFO     | mayss | RES | IP: 151.101.0.223 | GET /api/v1/admin/sellers | Status: 200 | Time: 33.45ms
2026-05-27 09:01:41 | INFO     | mayss | RES | IP: 151.101.0.223 | GET /api/v1/admin/tickets | Status: 200 | Time: 34.15ms
2026-05-27 09:01:41 | INFO     | mayss | RES | IP: 151.101.0.223 | GET /api/v1/admin/stats | Status: 200 | Time: 44.62ms
2026-05-27 09:01:41 | INFO     | mayss | RES | IP: 151.101.0.223 | GET /api/v1/admin/users | Status: 200 | Time: 41.84ms
2026-05-27 09:01:41 | INFO     | mayss | RES | IP: 151.101.0.223 | GET /api/v1/admin/orders | Status: 200 | Time: 52.84ms
2026-05-27 09:01:43 | INFO     | mayss | RES | IP: 151.101.0.223 | OPTIONS /api/v1/admin/tickets/1/close | Status: 200 | Time: 0.66ms
2026-05-27 09:01:43 | INFO     | mayss | RES | IP: 151.101.0.223 | POST /api/v1/admin/tickets/1/close | Status: 200 | Time: 13.57ms
2026-05-27 09:01:43 | INFO     | mayss | RES | IP: 151.101.0.223 | GET /api/v1/admin/products | Status: 200 | Time: 26.97ms
2026-05-27 09:01:43 | INFO     | mayss | RES | IP: 151.101.0.223 | GET /api/v1/admin/sellers | Status: 200 | Time: 28.55ms
2026-05-27 09:01:43 | INFO     | mayss | RES | IP: 151.101.0.223 | GET /api/v1/admin/tickets | Status: 200 | Time: 31.36ms
2026-05-27 09:01:43 | INFO     | mayss | RES | IP: 151.101.0.223 | GET /api/v1/admin/users | Status: 200 | Time: 35.61ms
2026-05-27 09:01:43 | INFO     | mayss | RES | IP: 151.101.0.223 | GET /api/v1/admin/stats | Status: 200 | Time: 36.63ms
2026-05-27 09:01:43 | INFO     | mayss | RES | IP: 151.101.0.223 | GET /api/v1/admin/orders | Status: 200 | Time: 47.12ms
2026-05-27 09:01:46 | INFO     | mayss | RES | IP: 151.101.0.223 | GET /api/v1/products/recommendations | Status: 200 | Time: 41.91ms
2026-05-27 09:01:47 | INFO     | mayss | RES | IP: 151.101.0.223 | GET /api/v1/orders | Status: 200 | Time: 67.10ms
2026-05-27 09:01:47 | INFO     | mayss | RES | IP: 151.101.0.223 | GET /api/v1/support/tickets | Status: 200 | Time: 71.08ms
2026-05-27 09:01:47 | INFO     | mayss | RES | IP: 151.101.0.223 | GET /api/v1/addresses | Status: 200 | Time: 71.00ms
2026-05-27 09:01:47 | INFO     | mayss | RES | IP: 151.101.0.223 | GET /api/v1/cards | Status: 200 | Time: 73.84ms
2026-05-27 09:01:47 | INFO     | mayss | RES | IP: 151.101.0.223 | GET /api/v1/favorites | Status: 200 | Time: 74.81ms
2026-05-27 09:01:47 | INFO     | mayss | RES | IP: 151.101.0.223 | GET /api/v1/auth/me | Status: 200 | Time: 76.01ms
2026-05-27 09:01:49 | INFO     | mayss | RES | IP: 151.101.0.223 | GET /api/v1/products/recommendations | Status: 200 | Time: 158.70ms
2026-05-27 09:01:53 | INFO     | mayss | RES | IP: 151.101.0.223 | POST /api/v1/auth/login | Status: 200 | Time: 263.54ms
2026-05-27 09:01:53 | INFO     | mayss | User 11 retrieved cart
2026-05-27 09:01:53 | INFO     | mayss | RES | IP: 151.101.0.223 | GET /api/v1/auth/me | Status: 200 | Time: 9.03ms
2026-05-27 09:01:53 | INFO     | mayss | RES | IP: 151.101.0.223 | GET /api/v1/favorites | Status: 200 | Time: 10.09ms
2026-05-27 09:01:53 | INFO     | mayss | RES | IP: 151.101.0.223 | GET /api/v1/cart | Status: 200 | Time: 12.98ms
2026-05-27 09:01:53 | INFO     | mayss | RES | IP: 151.101.0.223 | GET /api/v1/auth/me | Status: 200 | Time: 5.36ms
2026-05-27 09:01:53 | INFO     | mayss | RES | IP: 151.101.0.223 | GET /api/v1/auth/me | Status: 200 | Time: 45.33ms
2026-05-27 09:01:53 | INFO     | mayss | RES | IP: 151.101.0.223 | GET /api/v1/cards | Status: 200 | Time: 43.65ms
2026-05-27 09:01:53 | INFO     | mayss | RES | IP: 151.101.0.223 | GET /api/v1/favorites | Status: 200 | Time: 55.03ms
2026-05-27 09:01:53 | INFO     | mayss | RES | IP: 151.101.0.223 | GET /api/v1/addresses | Status: 200 | Time: 57.85ms
2026-05-27 09:01:53 | INFO     | mayss | RES | IP: 151.101.0.223 | GET /api/v1/orders | Status: 200 | Time: 70.72ms
2026-05-27 09:01:53 | INFO     | mayss | RES | IP: 151.101.0.223 | GET /api/v1/support/tickets | Status: 200 | Time: 72.71ms
2026-05-27 09:01:56 | INFO     | mayss | RES | IP: 151.101.0.223 | OPTIONS /api/v1/support/tickets/1 | Status: 200 | Time: 7.18ms
2026-05-27 09:01:56 | INFO     | mayss | RES | IP: 151.101.0.223 | GET /api/v1/support/tickets/1 | Status: 200 | Time: 53.43ms
2026-05-27 09:02:01 | INFO     | mayss | RES | IP: 151.101.0.223 | GET /api/v1/bonuses/balance | Status: 200 | Time: 66.56ms
2026-05-27 09:02:01 | INFO     | mayss | RES | IP: 151.101.0.223 | GET /api/v1/bonuses/transactions | Status: 200 | Time: 31.82ms
2026-05-27 09:02:05 | INFO     | mayss | RES | IP: 151.101.0.223 | GET /api/v1/categories | Status: 200 | Time: 40.79ms
2026-05-27 09:02:05 | INFO     | mayss | RES | IP: 151.101.0.223 | GET /api/v1/products | Status: 200 | Time: 33.45ms
2026-05-27 09:02:06 | INFO     | mayss | RES | IP: 151.101.0.223 | GET /api/v1/orders | Status: 200 | Time: 18.38ms
2026-05-27 09:02:06 | INFO     | mayss | User 11 retrieved cart
2026-05-27 09:02:06 | INFO     | mayss | RES | IP: 151.101.0.223 | GET /api/v1/cart | Status: 200 | Time: 8.43ms
2026-05-27 09:02:06 | INFO     | mayss | RES | IP: 151.101.0.223 | GET /api/v1/favorites | Status: 200 | Time: 5.94ms
2026-05-27 09:02:06 | INFO     | mayss | RES | IP: 151.101.0.223 | GET /api/v1/auth/me | Status: 200 | Time: 2.11ms
2026-05-27 09:02:06 | INFO     | mayss | RES | IP: 151.101.0.223 | GET /api/v1/products/recommendations | Status: 200 | Time: 41.65ms
2026-05-27 09:02:07 | INFO     | mayss | RES | IP: 151.101.0.223 | GET /api/v1/categories | Status: 200 | Time: 15.24ms
2026-05-27 09:02:07 | INFO     | mayss | RES | IP: 151.101.0.223 | GET /api/v1/products | Status: 200 | Time: 17.21ms
2026-05-27 09:02:08 | INFO     | mayss | RES | IP: 151.101.0.223 | GET /api/v1/orders | Status: 200 | Time: 27.40ms
2026-05-27 09:02:08 | INFO     | mayss | User 11 retrieved cart
2026-05-27 09:02:08 | INFO     | mayss | RES | IP: 151.101.0.223 | GET /api/v1/cart | Status: 200 | Time: 7.30ms
2026-05-27 09:02:08 | INFO     | mayss | RES | IP: 151.101.0.223 | GET /api/v1/favorites | Status: 200 | Time: 4.56ms
2026-05-27 09:02:08 | INFO     | mayss | RES | IP: 151.101.0.223 | GET /api/v1/auth/me | Status: 200 | Time: 2.32ms
2026-05-27 09:02:08 | INFO     | mayss | RES | IP: 151.101.0.223 | GET /api/v1/products/recommendations | Status: 200 | Time: 12.37ms
2026-05-27 09:02:09 | INFO     | mayss | RES | IP: 151.101.0.223 | GET /api/v1/auth/me | Status: 200 | Time: 48.05ms
2026-05-27 09:02:09 | INFO     | mayss | RES | IP: 151.101.0.223 | GET /api/v1/addresses | Status: 200 | Time: 27.24ms
2026-05-27 09:02:09 | INFO     | mayss | RES | IP: 151.101.0.223 | GET /api/v1/cards | Status: 200 | Time: 45.21ms
2026-05-27 09:02:09 | INFO     | mayss | RES | IP: 151.101.0.223 | GET /api/v1/favorites | Status: 200 | Time: 44.16ms
2026-05-27 09:02:09 | INFO     | mayss | RES | IP: 151.101.0.223 | GET /api/v1/orders | Status: 200 | Time: 66.08ms
2026-05-27 09:02:09 | INFO     | mayss | RES | IP: 151.101.0.223 | GET /api/v1/support/tickets | Status: 200 | Time: 55.95ms
2026-05-27 09:02:11 | INFO     | mayss | RES | IP: 151.101.0.223 | GET /api/v1/products/recommendations | Status: 200 | Time: 69.07ms
2026-05-27 09:03:01 | INFO     | mayss | RES | IP: 151.101.0.223 | POST /api/v1/auth/login | Status: 200 | Time: 270.10ms
2026-05-27 09:03:01 | INFO     | mayss | User 3 retrieved cart
2026-05-27 09:03:01 | INFO     | mayss | RES | IP: 151.101.0.223 | GET /api/v1/favorites | Status: 200 | Time: 16.29ms
2026-05-27 09:03:01 | INFO     | mayss | RES | IP: 151.101.0.223 | GET /api/v1/auth/me | Status: 200 | Time: 23.02ms
2026-05-27 09:03:01 | INFO     | mayss | Created new bonus wallet for user 3
2026-05-27 09:03:01 | INFO     | mayss | RES | IP: 151.101.0.223 | GET /api/v1/auth/me | Status: 200 | Time: 4.24ms
2026-05-27 09:03:01 | INFO     | mayss | RES | IP: 151.101.0.223 | GET /api/v1/cart | Status: 200 | Time: 26.99ms
2026-05-27 09:03:01 | INFO     | mayss | RES | IP: 151.101.0.223 | GET /api/v1/auth/me | Status: 200 | Time: 10.37ms
2026-05-27 09:03:01 | INFO     | mayss | RES | IP: 151.101.0.223 | GET /api/v1/categories | Status: 200 | Time: 13.17ms
2026-05-27 09:03:01 | INFO     | mayss | RES | IP: 151.101.0.223 | OPTIONS /api/v1/seller/profile | Status: 200 | Time: 1.85ms
2026-05-27 09:03:01 | INFO     | mayss | RES | IP: 151.101.0.223 | GET /api/v1/seller/profile | Status: 200 | Time: 8.43ms
2026-05-27 09:03:01 | INFO     | mayss | RES | IP: 151.101.0.223 | OPTIONS /api/v1/seller/products | Status: 200 | Time: 0.34ms
2026-05-27 09:03:01 | INFO     | mayss | RES | IP: 151.101.0.223 | OPTIONS /api/v1/seller/orders | Status: 200 | Time: 0.36ms
2026-05-27 09:03:01 | INFO     | mayss | RES | IP: 151.101.0.223 | OPTIONS /api/v1/seller/analytics | Status: 200 | Time: 0.41ms
2026-05-27 09:03:01 | INFO     | mayss | RES | IP: 151.101.0.223 | GET /api/v1/seller/products | Status: 200 | Time: 38.22ms
2026-05-27 09:03:01 | INFO     | mayss | RES | IP: 151.101.0.223 | GET /api/v1/seller/analytics | Status: 200 | Time: 49.06ms
2026-05-27 09:03:02 | INFO     | mayss | RES | IP: 151.101.0.223 | GET /api/v1/seller/orders | Status: 200 | Time: 92.93ms
2026-05-27 09:03:10 | INFO     | mayss | RES | IP: 151.101.0.223 | OPTIONS /api/v1/public/shops/1 | Status: 200 | Time: 3.17ms
2026-05-27 09:03:10 | INFO     | mayss | RES | IP: 151.101.0.223 | GET /api/v1/public/shops/1 | Status: 200 | Time: 29.32ms
2026-05-27 09:03:16 | INFO     | mayss | RES | IP: 151.101.0.223 | GET /api/v1/categories | Status: 200 | Time: 35.32ms
2026-05-27 09:03:16 | INFO     | mayss | RES | IP: 151.101.0.223 | GET /api/v1/auth/me | Status: 200 | Time: 48.06ms
2026-05-27 09:03:16 | INFO     | mayss | RES | IP: 151.101.0.223 | GET /api/v1/seller/profile | Status: 200 | Time: 14.11ms
2026-05-27 09:03:16 | INFO     | mayss | RES | IP: 151.101.0.223 | GET /api/v1/seller/products | Status: 200 | Time: 22.61ms
2026-05-27 09:03:16 | INFO     | mayss | RES | IP: 151.101.0.223 | GET /api/v1/seller/analytics | Status: 200 | Time: 35.83ms
2026-05-27 09:03:16 | INFO     | mayss | RES | IP: 151.101.0.223 | GET /api/v1/seller/orders | Status: 200 | Time: 57.80ms
2026-05-27 09:03:50 | INFO     | mayss | RES | IP: 151.101.0.223 | GET /api/v1/auth/me | Status: 200 | Time: 49.25ms
2026-05-27 09:03:50 | INFO     | mayss | RES | IP: 151.101.0.223 | GET /api/v1/addresses | Status: 200 | Time: 53.37ms
2026-05-27 09:03:50 | INFO     | mayss | RES | IP: 151.101.0.223 | GET /api/v1/orders | Status: 200 | Time: 52.32ms
2026-05-27 09:03:50 | INFO     | mayss | RES | IP: 151.101.0.223 | GET /api/v1/cards | Status: 200 | Time: 50.61ms
2026-05-27 09:03:50 | INFO     | mayss | RES | IP: 151.101.0.223 | GET /api/v1/favorites | Status: 200 | Time: 54.66ms
2026-05-27 09:03:50 | INFO     | mayss | RES | IP: 151.101.0.223 | GET /api/v1/support/tickets | Status: 200 | Time: 69.54ms
2026-05-27 09:03:53 | INFO     | mayss | RES | IP: 151.101.0.223 | GET /api/v1/notifications/status | Status: 200 | Time: 54.47ms
2026-05-27 10:20:08 | INFO     | app.core.logger | Система логирования инициализирована. Debug режим: False
2026-05-27 10:20:08 | INFO     | mayss | Starting MAYSS Marketplace API
2026-05-27 10:20:08 | INFO     | mayss | Database initialized successfully
2026-05-27 10:20:09 | INFO     | elastic_transport.transport | HEAD http://elasticsearch:9200/ [status:200 duration:0.035s]
2026-05-27 10:20:09 | INFO     | elastic_transport.transport | HEAD http://elasticsearch:9200/mayss_products [status:200 duration:0.025s]
2026-05-27 10:20:09 | INFO     | elastic_transport.transport | POST http://elasticsearch:9200/mayss_products/_count [status:200 duration:0.066s]
2026-05-27 10:20:09 | INFO     | mayss | ES index already has 303 documents
2026-05-27 10:20:35 | INFO     | app.core.logger | Система логирования инициализирована. Debug режим: False
2026-05-27 10:20:35 | INFO     | mayss | Starting MAYSS Marketplace API
2026-05-27 10:20:35 | INFO     | mayss | Database initialized successfully
2026-05-27 10:20:35 | INFO     | elastic_transport.transport | HEAD http://elasticsearch:9200/ [status:200 duration:0.019s]
2026-05-27 10:20:35 | INFO     | elastic_transport.transport | HEAD http://elasticsearch:9200/mayss_products [status:200 duration:0.011s]
2026-05-27 10:20:35 | INFO     | elastic_transport.transport | POST http://elasticsearch:9200/mayss_products/_count [status:200 duration:0.049s]
2026-05-27 10:20:35 | INFO     | mayss | ES index already has 303 documents
2026-05-27 10:21:06 | INFO     | mayss | RES | IP: 151.101.0.223 | OPTIONS /api/v1/products | Status: 200 | Time: 10.73ms
2026-05-27 10:21:06 | INFO     | mayss | RES | IP: 151.101.0.223 | OPTIONS /api/v1/categories | Status: 200 | Time: 22.18ms
2026-05-27 10:21:06 | INFO     | mayss | RES | IP: 151.101.0.223 | GET /api/v1/categories | Status: 200 | Time: 114.17ms
2026-05-27 10:21:06 | INFO     | mayss | RES | IP: 151.101.0.223 | GET /api/v1/products | Status: 200 | Time: 114.57ms
2026-05-27 10:21:08 | INFO     | mayss | RES | IP: 151.101.0.223 | OPTIONS /api/v1/orders | Status: 200 | Time: 0.24ms
2026-05-27 10:21:08 | INFO     | mayss | RES | IP: 151.101.0.223 | GET /api/v1/orders | Status: 200 | Time: 30.61ms
2026-05-27 10:21:08 | INFO     | mayss | RES | IP: 151.101.0.223 | OPTIONS /api/v1/cart | Status: 200 | Time: 0.12ms
2026-05-27 10:21:08 | INFO     | mayss | User 3 retrieved cart
2026-05-27 10:21:08 | INFO     | mayss | Created new bonus wallet for user 3
2026-05-27 10:21:08 | INFO     | mayss | RES | IP: 151.101.0.223 | GET /api/v1/cart | Status: 200 | Time: 61.98ms
2026-05-27 10:21:08 | INFO     | mayss | RES | IP: 151.101.0.223 | OPTIONS /api/v1/favorites | Status: 200 | Time: 0.10ms
2026-05-27 10:21:08 | INFO     | mayss | RES | IP: 151.101.0.223 | GET /api/v1/favorites | Status: 200 | Time: 4.36ms
2026-05-27 10:21:08 | INFO     | mayss | RES | IP: 151.101.0.223 | OPTIONS /api/v1/auth/me | Status: 200 | Time: 0.10ms
2026-05-27 10:21:08 | INFO     | mayss | RES | IP: 151.101.0.223 | GET /api/v1/auth/me | Status: 200 | Time: 1.88ms
2026-05-27 10:21:08 | INFO     | mayss | RES | IP: 151.101.0.223 | OPTIONS /api/v1/products/recommendations | Status: 200 | Time: 0.30ms
2026-05-27 10:21:08 | INFO     | mayss | RES | IP: 151.101.0.223 | GET /api/v1/products/recommendations | Status: 200 | Time: 29.88ms
2026-05-27 10:21:14 | INFO     | mayss | RES | IP: 151.101.0.223 | OPTIONS /api/v1/products | Status: 200 | Time: 3.12ms
2026-05-27 10:21:14 | INFO     | elastic_transport.transport | HEAD http://elasticsearch:9200/ [status:200 duration:0.015s]
2026-05-27 10:21:20 | INFO     | mayss | Loading embedding model intfloat/multilingual-e5-small …
2026-05-27 10:21:20 | INFO     | sentence_transformers.SentenceTransformer | Use pytorch device_name: cpu
2026-05-27 10:21:20 | INFO     | sentence_transformers.SentenceTransformer | Load pretrained SentenceTransformer: intfloat/multilingual-e5-small
2026-05-27 10:21:20 | INFO     | mayss | RES | IP: 151.101.0.223 | GET /api/v1/categories | Status: 200 | Time: 19.71ms
2026-05-27 10:21:20 | INFO     | mayss | RES | IP: 151.101.0.223 | GET /api/v1/products | Status: 200 | Time: 23.78ms
2026-05-27 10:21:21 | INFO     | mayss | RES | IP: 151.101.0.223 | GET /api/v1/orders | Status: 200 | Time: 11.80ms
2026-05-27 10:21:21 | INFO     | mayss | User 3 retrieved cart
2026-05-27 10:21:21 | INFO     | mayss | Created new bonus wallet for user 3
2026-05-27 10:21:21 | INFO     | mayss | RES | IP: 151.101.0.223 | GET /api/v1/cart | Status: 200 | Time: 10.40ms
2026-05-27 10:21:21 | INFO     | mayss | RES | IP: 151.101.0.223 | GET /api/v1/favorites | Status: 200 | Time: 3.21ms
2026-05-27 10:21:21 | INFO     | mayss | RES | IP: 151.101.0.223 | GET /api/v1/auth/me | Status: 200 | Time: 1.88ms
2026-05-27 10:21:21 | INFO     | elastic_transport.transport | HEAD http://elasticsearch:9200/ [status:200 duration:0.017s]
2026-05-27 10:21:25 | INFO     | mayss | Embedding model loaded.
2026-05-27 10:21:26 | INFO     | elastic_transport.transport | POST http://elasticsearch:9200/mayss_products/_search [status:200 duration:0.316s]
2026-05-27 10:21:26 | INFO     | elastic_transport.transport | POST http://elasticsearch:9200/mayss_products/_search [status:200 duration:0.323s]
2026-05-27 10:21:26 | INFO     | mayss | RES | IP: 151.101.0.223 | GET /api/v1/products | Status: 200 | Time: 11472.59ms
2026-05-27 10:21:26 | INFO     | mayss | RES | IP: 151.101.0.223 | GET /api/v1/products | Status: 200 | Time: 4339.55ms
2026-05-27 10:21:50 | INFO     | mayss | RES | IP: 151.101.0.223 | OPTIONS /api/v1/products | Status: 200 | Time: 3.63ms
2026-05-27 10:21:50 | INFO     | elastic_transport.transport | HEAD http://elasticsearch:9200/ [status:200 duration:0.021s]
2026-05-27 10:21:50 | INFO     | elastic_transport.transport | POST http://elasticsearch:9200/mayss_products/_search [status:200 duration:0.042s]
2026-05-27 10:21:50 | INFO     | mayss | RES | IP: 151.101.0.223 | GET /api/v1/products | Status: 200 | Time: 261.96ms
2026-05-27 10:31:23 | INFO     | mayss | RES | IP: 151.101.0.223 | OPTIONS /api/v1/products/recommendations | Status: 200 | Time: 41.32ms
2026-05-27 10:31:24 | INFO     | mayss | RES | IP: 151.101.0.223 | GET /api/v1/products/recommendations | Status: 200 | Time: 267.35ms
2026-05-27 10:31:25 | INFO     | mayss | RES | IP: 151.101.0.223 | OPTIONS /api/v1/auth/login | Status: 200 | Time: 8.12ms
2026-05-27 10:31:26 | INFO     | mayss | RES | IP: 151.101.0.223 | POST /api/v1/auth/login | Status: 200 | Time: 425.43ms
2026-05-27 10:31:26 | INFO     | mayss | RES | IP: 151.101.0.223 | OPTIONS /api/v1/auth/me | Status: 200 | Time: 0.22ms
2026-05-27 10:31:26 | INFO     | mayss | RES | IP: 151.101.0.223 | OPTIONS /api/v1/favorites | Status: 200 | Time: 0.56ms
2026-05-27 10:31:26 | INFO     | mayss | RES | IP: 151.101.0.223 | OPTIONS /api/v1/cart | Status: 200 | Time: 0.62ms
2026-05-27 10:31:26 | INFO     | mayss | RES | IP: 151.101.0.223 | OPTIONS /api/v1/auth/me | Status: 200 | Time: 1.49ms
2026-05-27 10:31:26 | INFO     | mayss | RES | IP: 151.101.0.223 | GET /api/v1/auth/me | Status: 200 | Time: 43.23ms
2026-05-27 10:31:26 | INFO     | mayss | RES | IP: 151.101.0.223 | GET /api/v1/favorites | Status: 200 | Time: 43.17ms
2026-05-27 10:31:26 | INFO     | mayss | RES | IP: 151.101.0.223 | GET /api/v1/auth/me | Status: 200 | Time: 1.94ms
2026-05-27 10:31:26 | INFO     | mayss | RES | IP: 151.101.0.223 | OPTIONS /api/v1/orders | Status: 200 | Time: 2.75ms
2026-05-27 10:31:26 | INFO     | mayss | RES | IP: 151.101.0.223 | OPTIONS /api/v1/cards | Status: 200 | Time: 2.70ms
2026-05-27 10:31:26 | INFO     | mayss | RES | IP: 151.101.0.223 | OPTIONS /api/v1/addresses | Status: 200 | Time: 1.00ms
2026-05-27 10:31:26 | INFO     | mayss | RES | IP: 151.101.0.223 | OPTIONS /api/v1/support/tickets | Status: 200 | Time: 0.26ms
2026-05-27 10:31:26 | INFO     | mayss | RES | IP: 151.101.0.223 | GET /api/v1/auth/me | Status: 200 | Time: 35.52ms
2026-05-27 10:31:26 | INFO     | mayss | RES | IP: 151.101.0.223 | GET /api/v1/favorites | Status: 200 | Time: 40.80ms
2026-05-27 10:31:26 | INFO     | mayss | User 2 retrieved cart
2026-05-27 10:31:26 | INFO     | mayss | RES | IP: 151.101.0.223 | GET /api/v1/cart | Status: 200 | Time: 184.64ms
2026-05-27 10:31:26 | INFO     | mayss | RES | IP: 151.101.0.223 | GET /api/v1/orders | Status: 200 | Time: 113.31ms
2026-05-27 10:31:26 | INFO     | mayss | RES | IP: 151.101.0.223 | GET /api/v1/cards | Status: 200 | Time: 116.42ms
2026-05-27 10:31:26 | INFO     | mayss | RES | IP: 151.101.0.223 | GET /api/v1/support/tickets | Status: 200 | Time: 67.95ms
2026-05-27 10:31:26 | INFO     | mayss | RES | IP: 151.101.0.223 | GET /api/v1/addresses | Status: 200 | Time: 140.39ms
